qc_id,batch_id,assay,result,value,unit,sampled_at,reported_at
QC-00001-IDENTITY,BAT-00001,IDENTITY,PASS,CONFORMING,,2026-01-24T08:00:00Z,2026-01-24T12:00:00Z
QC-00001-POTENCY,BAT-00001,POTENCY,PASS,65.4,AU,2026-01-23T15:00:00Z,2026-01-25T04:00:00Z
QC-00001-STERILITY,BAT-00001,STERILITY,PASS,NO_GROWTH,,2026-01-24T06:00:00Z,2026-01-24T15:00:00Z
QC-00001-VIABILITY,BAT-00001,VIABILITY,PASS,86.2,%,2026-01-23T13:00:00Z,2026-01-24T20:00:00Z
QC-00001-PURITY,BAT-00001,PURITY,OOT,BORDERLINE,,2026-01-24T01:00:00Z,2026-01-24T11:00:00Z
QC-00001-SAFETY,BAT-00001,SAFETY,PASS,CONFORMING,,2026-01-24T04:00:00Z,2026-01-26T06:00:00Z
QC-00002-IDENTITY,BAT-00002,IDENTITY,PASS,CONFORMING,,2026-01-22T03:00:00Z,2026-01-23T03:00:00Z
QC-00002-POTENCY,BAT-00002,POTENCY,PASS,109.7,AU,2026-01-22T12:00:00Z,2026-01-23T03:00:00Z
QC-00002-STERILITY,BAT-00002,STERILITY,PENDING,PENDING,,2026-01-21T18:00:00Z,2026-01-23T12:00:00Z
QC-00002-VIABILITY,BAT-00002,VIABILITY,PASS,71.0,%,2026-01-22T11:00:00Z,2026-01-22T23:00:00Z
QC-00002-PURITY,BAT-00002,PURITY,PASS,CONFORMING,,2026-01-21T17:00:00Z,2026-01-24T12:00:00Z
QC-00002-SAFETY,BAT-00002,SAFETY,PASS,CONFORMING,,2026-01-21T21:00:00Z,2026-01-22T17:00:00Z
QC-00003-IDENTITY,BAT-00003,IDENTITY,PASS,CONFORMING,,2026-01-24T21:00:00Z,2026-01-27T04:00:00Z
QC-00003-POTENCY,BAT-00003,POTENCY,PASS,105.5,AU,2026-01-25T00:00:00Z,2026-01-26T09:00:00Z
QC-00003-STERILITY,BAT-00003,STERILITY,PASS,NO_GROWTH,,2026-01-25T06:00:00Z,2026-01-27T09:00:00Z
QC-00003-VIABILITY,BAT-00003,VIABILITY,PASS,84.7,%,2026-01-24T21:00:00Z,2026-01-27T17:00:00Z
QC-00003-PURITY,BAT-00003,PURITY,PASS,CONFORMING,,2026-01-25T06:00:00Z,2026-01-26T17:00:00Z
QC-00003-SAFETY,BAT-00003,SAFETY,PASS,CONFORMING,,2026-01-25T02:00:00Z,2026-01-25T22:00:00Z
QC-00004-IDENTITY,BAT-00004,IDENTITY,PASS,CONFORMING,,2026-01-31T05:00:00Z,2026-02-02T09:00:00Z
QC-00004-POTENCY,BAT-00004,POTENCY,PASS,52.5,AU,2026-01-30T18:00:00Z,2026-02-01T18:00:00Z
QC-00004-STERILITY,BAT-00004,STERILITY,PASS,NO_GROWTH,,2026-01-31T00:00:00Z,2026-02-02T02:00:00Z
QC-00004-VIABILITY,BAT-00004,VIABILITY,PASS,82.7,%,2026-01-31T08:00:00Z,2026-01-31T21:00:00Z
QC-00004-PURITY,BAT-00004,PURITY,OOT,BORDERLINE,,2026-01-31T01:00:00Z,2026-01-31T21:00:00Z
QC-00004-SAFETY,BAT-00004,SAFETY,OOT,BORDERLINE,,2026-01-30T18:00:00Z,2026-02-01T21:00:00Z
QC-00005-IDENTITY,BAT-00005,IDENTITY,OOT,BORDERLINE,,2026-01-29T20:00:00Z,2026-01-31T08:00:00Z
QC-00005-POTENCY,BAT-00005,POTENCY,PASS,57.1,AU,2026-01-30T02:00:00Z,2026-01-31T20:00:00Z
QC-00005-STERILITY,BAT-00005,STERILITY,PASS,NO_GROWTH,,2026-01-29T03:00:00Z,2026-01-30T17:00:00Z
QC-00005-VIABILITY,BAT-00005,VIABILITY,PASS,88.9,%,2026-01-29T19:00:00Z,2026-01-31T02:00:00Z
QC-00005-PURITY,BAT-00005,PURITY,PASS,CONFORMING,,2026-01-29T09:00:00Z,2026-01-30T13:00:00Z
QC-00005-SAFETY,BAT-00005,SAFETY,PASS,CONFORMING,,2026-01-29T19:00:00Z,2026-01-31T04:00:00Z
QC-00006-IDENTITY,BAT-00006,IDENTITY,OOT,BORDERLINE,,2026-01-29T11:00:00Z,2026-01-31T00:00:00Z
QC-00006-POTENCY,BAT-00006,POTENCY,PASS,70.4,AU,2026-01-29T05:00:00Z,2026-01-30T05:00:00Z
QC-00006-STERILITY,BAT-00006,STERILITY,PENDING,PENDING,,2026-01-29T09:00:00Z,2026-01-30T12:00:00Z
QC-00006-VIABILITY,BAT-00006,VIABILITY,PASS,81.8,%,2026-01-29T08:00:00Z,2026-01-30T09:00:00Z
QC-00006-PURITY,BAT-00006,PURITY,PASS,CONFORMING,,2026-01-30T00:00:00Z,2026-01-31T04:00:00Z
QC-00006-SAFETY,BAT-00006,SAFETY,PASS,CONFORMING,,2026-01-29T13:00:00Z,2026-01-30T13:00:00Z
QC-00007-IDENTITY,BAT-00007,IDENTITY,PASS,CONFORMING,,2026-01-26T12:00:00Z,2026-01-28T04:00:00Z
QC-00007-POTENCY,BAT-00007,POTENCY,PASS,97.2,AU,2026-01-26T13:00:00Z,2026-01-28T06:00:00Z
QC-00007-STERILITY,BAT-00007,STERILITY,PASS,NO_GROWTH,,2026-01-26T05:00:00Z,2026-01-27T15:00:00Z
QC-00007-VIABILITY,BAT-00007,VIABILITY,PASS,82.5,%,2026-01-26T10:00:00Z,2026-01-28T06:00:00Z
QC-00007-PURITY,BAT-00007,PURITY,PASS,CONFORMING,,2026-01-26T18:00:00Z,2026-01-28T15:00:00Z
QC-00007-SAFETY,BAT-00007,SAFETY,OOT,BORDERLINE,,2026-01-26T19:00:00Z,2026-01-28T18:00:00Z
QC-00008-IDENTITY,BAT-00008,IDENTITY,PASS,CONFORMING,,2026-01-25T20:00:00Z,2026-01-28T01:00:00Z
QC-00008-POTENCY,BAT-00008,POTENCY,PASS,83.6,AU,2026-01-25T10:00:00Z,2026-01-26T20:00:00Z
QC-00008-STERILITY,BAT-00008,STERILITY,PASS,NO_GROWTH,,2026-01-25T21:00:00Z,2026-01-27T13:00:00Z
QC-00008-VIABILITY,BAT-00008,VIABILITY,PASS,88.2,%,2026-01-26T05:00:00Z,2026-01-27T03:00:00Z
QC-00008-PURITY,BAT-00008,PURITY,PASS,CONFORMING,,2026-01-25T11:00:00Z,2026-01-26T17:00:00Z
QC-00008-SAFETY,BAT-00008,SAFETY,OOT,BORDERLINE,,2026-01-25T18:00:00Z,2026-01-26T15:00:00Z
QC-00009-IDENTITY,BAT-00009,IDENTITY,PASS,CONFORMING,,2026-01-26T02:00:00Z,2026-01-27T18:00:00Z
QC-00009-POTENCY,BAT-00009,POTENCY,PASS,61.3,AU,2026-01-26T09:00:00Z,2026-01-27T10:00:00Z
QC-00009-STERILITY,BAT-00009,STERILITY,PENDING,PENDING,,2026-01-26T01:00:00Z,2026-01-27T20:00:00Z
QC-00009-VIABILITY,BAT-00009,VIABILITY,PASS,87.1,%,2026-01-25T16:00:00Z,2026-01-26T18:00:00Z
QC-00009-PURITY,BAT-00009,PURITY,PASS,CONFORMING,,2026-01-26T06:00:00Z,2026-01-28T05:00:00Z
QC-00009-SAFETY,BAT-00009,SAFETY,PASS,CONFORMING,,2026-01-25T18:00:00Z,2026-01-27T13:00:00Z
QC-00010-IDENTITY,BAT-00010,IDENTITY,PASS,CONFORMING,,2026-02-02T13:00:00Z,2026-02-03T04:00:00Z
QC-00010-POTENCY,BAT-00010,POTENCY,OOS,45.5,AU,2026-02-01T20:00:00Z,2026-02-03T10:00:00Z
QC-00010-STERILITY,BAT-00010,STERILITY,PASS,NO_GROWTH,,2026-02-01T21:00:00Z,2026-02-04T02:00:00Z
QC-00010-VIABILITY,BAT-00010,VIABILITY,PASS,78.8,%,2026-02-02T00:00:00Z,2026-02-03T16:00:00Z
QC-00010-PURITY,BAT-00010,PURITY,OOT,BORDERLINE,,2026-02-02T15:00:00Z,2026-02-04T06:00:00Z
QC-00010-SAFETY,BAT-00010,SAFETY,PASS,CONFORMING,,2026-02-02T04:00:00Z,2026-02-03T04:00:00Z
QC-00011-IDENTITY,BAT-00011,IDENTITY,PASS,CONFORMING,,2026-01-31T00:00:00Z,2026-02-02T02:00:00Z
QC-00011-POTENCY,BAT-00011,POTENCY,PASS,71.4,AU,2026-01-31T09:00:00Z,2026-01-31T22:00:00Z
QC-00011-STERILITY,BAT-00011,STERILITY,PASS,NO_GROWTH,,2026-01-31T09:00:00Z,2026-01-31T19:00:00Z
QC-00011-VIABILITY,BAT-00011,VIABILITY,PASS,96.6,%,2026-01-31T00:00:00Z,2026-02-01T07:00:00Z
QC-00011-PURITY,BAT-00011,PURITY,PASS,CONFORMING,,2026-01-30T19:00:00Z,2026-01-31T17:00:00Z
QC-00011-SAFETY,BAT-00011,SAFETY,PASS,CONFORMING,,2026-01-31T12:00:00Z,2026-02-01T21:00:00Z
QC-00012-IDENTITY,BAT-00012,IDENTITY,PASS,CONFORMING,,2026-02-04T05:00:00Z,2026-02-05T04:00:00Z
QC-00012-POTENCY,BAT-00012,POTENCY,PASS,111.3,AU,2026-02-04T04:00:00Z,2026-02-06T17:00:00Z
QC-00012-STERILITY,BAT-00012,STERILITY,PASS,NO_GROWTH,,2026-02-04T16:00:00Z,2026-02-05T19:00:00Z
QC-00012-VIABILITY,BAT-00012,VIABILITY,PASS,83.1,%,2026-02-04T15:00:00Z,2026-02-06T12:00:00Z
QC-00012-PURITY,BAT-00012,PURITY,PASS,CONFORMING,,2026-02-04T04:00:00Z,2026-02-05T12:00:00Z
QC-00012-SAFETY,BAT-00012,SAFETY,PASS,CONFORMING,,2026-02-04T04:00:00Z,2026-02-06T13:00:00Z
QC-00013-IDENTITY,BAT-00013,IDENTITY,PASS,CONFORMING,,2026-02-02T11:00:00Z,2026-02-05T05:00:00Z
QC-00013-POTENCY,BAT-00013,POTENCY,PASS,85.5,AU,2026-02-03T07:00:00Z,2026-02-04T11:00:00Z
QC-00013-STERILITY,BAT-00013,STERILITY,PASS,NO_GROWTH,,2026-02-02T13:00:00Z,2026-02-04T09:00:00Z
QC-00013-VIABILITY,BAT-00013,VIABILITY,OOS,65.9,%,2026-02-03T05:00:00Z,2026-02-04T07:00:00Z
QC-00013-PURITY,BAT-00013,PURITY,PASS,CONFORMING,,2026-02-03T04:00:00Z,2026-02-04T19:00:00Z
QC-00013-SAFETY,BAT-00013,SAFETY,PASS,CONFORMING,,2026-02-03T02:00:00Z,2026-02-03T20:00:00Z
QC-00014-IDENTITY,BAT-00014,IDENTITY,PASS,CONFORMING,,2026-01-26T22:00:00Z,2026-01-27T10:00:00Z
QC-00014-POTENCY,BAT-00014,POTENCY,PASS,56.5,AU,2026-01-26T07:00:00Z,2026-01-28T03:00:00Z
QC-00014-STERILITY,BAT-00014,STERILITY,PENDING,PENDING,,2026-01-27T01:00:00Z,2026-01-29T00:00:00Z
QC-00014-VIABILITY,BAT-00014,VIABILITY,PASS,89.8,%,2026-01-26T23:00:00Z,2026-01-27T12:00:00Z
QC-00014-PURITY,BAT-00014,PURITY,PASS,CONFORMING,,2026-01-26T14:00:00Z,2026-01-28T14:00:00Z
QC-00014-SAFETY,BAT-00014,SAFETY,PASS,CONFORMING,,2026-01-26T04:00:00Z,2026-01-28T15:00:00Z
QC-00015-IDENTITY,BAT-00015,IDENTITY,OOT,BORDERLINE,,2026-01-25T21:00:00Z,2026-01-28T09:00:00Z
QC-00015-POTENCY,BAT-00015,POTENCY,PASS,111.2,AU,2026-01-26T11:00:00Z,2026-01-28T07:00:00Z
QC-00015-STERILITY,BAT-00015,STERILITY,PASS,NO_GROWTH,,2026-01-26T04:00:00Z,2026-01-28T01:00:00Z
QC-00015-VIABILITY,BAT-00015,VIABILITY,PASS,91.7,%,2026-01-25T21:00:00Z,2026-01-27T01:00:00Z
QC-00015-PURITY,BAT-00015,PURITY,OOT,BORDERLINE,,2026-01-25T21:00:00Z,2026-01-28T09:00:00Z
QC-00015-SAFETY,BAT-00015,SAFETY,PASS,CONFORMING,,2026-01-25T20:00:00Z,2026-01-28T02:00:00Z
QC-00016-IDENTITY,BAT-00016,IDENTITY,OOT,BORDERLINE,,2026-02-04T22:00:00Z,2026-02-07T06:00:00Z
QC-00016-POTENCY,BAT-00016,POTENCY,PASS,72.7,AU,2026-02-05T15:00:00Z,2026-02-05T20:00:00Z
QC-00016-STERILITY,BAT-00016,STERILITY,PASS,NO_GROWTH,,2026-02-05T00:00:00Z,2026-02-05T18:00:00Z
QC-00016-VIABILITY,BAT-00016,VIABILITY,PASS,72.6,%,2026-02-05T09:00:00Z,2026-02-07T08:00:00Z
QC-00016-PURITY,BAT-00016,PURITY,PASS,CONFORMING,,2026-02-05T06:00:00Z,2026-02-06T13:00:00Z
QC-00016-SAFETY,BAT-00016,SAFETY,PASS,CONFORMING,,2026-02-04T22:00:00Z,2026-02-07T03:00:00Z
QC-00017-IDENTITY,BAT-00017,IDENTITY,OOT,BORDERLINE,,2026-01-25T12:00:00Z,2026-01-27T14:00:00Z
QC-00017-POTENCY,BAT-00017,POTENCY,PASS,108.4,AU,2026-01-25T09:00:00Z,2026-01-27T09:00:00Z
QC-00017-STERILITY,BAT-00017,STERILITY,PASS,NO_GROWTH,,2026-01-26T00:00:00Z,2026-01-27T18:00:00Z
QC-00017-VIABILITY,BAT-00017,VIABILITY,PASS,85.1,%,2026-01-25T11:00:00Z,2026-01-26T14:00:00Z
QC-00017-PURITY,BAT-00017,PURITY,PASS,CONFORMING,,2026-01-25T20:00:00Z,2026-01-27T07:00:00Z
QC-00017-SAFETY,BAT-00017,SAFETY,PASS,CONFORMING,,2026-01-25T21:00:00Z,2026-01-27T19:00:00Z
QC-00018-IDENTITY,BAT-00018,IDENTITY,PASS,CONFORMING,,2026-01-27T03:00:00Z,2026-01-28T07:00:00Z
QC-00018-POTENCY,BAT-00018,POTENCY,PASS,78.6,AU,2026-01-27T10:00:00Z,2026-01-28T20:00:00Z
QC-00018-STERILITY,BAT-00018,STERILITY,PASS,NO_GROWTH,,2026-01-27T14:00:00Z,2026-01-29T09:00:00Z
QC-00018-VIABILITY,BAT-00018,VIABILITY,PASS,71.5,%,2026-01-27T18:00:00Z,2026-01-28T18:00:00Z
QC-00018-PURITY,BAT-00018,PURITY,PASS,CONFORMING,,2026-01-27T17:00:00Z,2026-01-27T23:00:00Z
QC-00018-SAFETY,BAT-00018,SAFETY,PASS,CONFORMING,,2026-01-27T18:00:00Z,2026-01-28T02:00:00Z
QC-00019-IDENTITY,BAT-00019,IDENTITY,OOT,BORDERLINE,,2026-02-01T18:00:00Z,2026-02-02T07:00:00Z
QC-00019-POTENCY,BAT-00019,POTENCY,PASS,114.6,AU,2026-02-01T04:00:00Z,2026-02-02T10:00:00Z
QC-00019-STERILITY,BAT-00019,STERILITY,PASS,NO_GROWTH,,2026-02-01T13:00:00Z,2026-02-03T16:00:00Z
QC-00019-VIABILITY,BAT-00019,VIABILITY,OOS,66.9,%,2026-02-01T16:00:00Z,2026-02-02T01:00:00Z
QC-00019-PURITY,BAT-00019,PURITY,PASS,CONFORMING,,2026-02-01T14:00:00Z,2026-02-02T03:00:00Z
QC-00019-SAFETY,BAT-00019,SAFETY,PASS,CONFORMING,,2026-02-01T09:00:00Z,2026-02-02T13:00:00Z
QC-00020-IDENTITY,BAT-00020,IDENTITY,PASS,CONFORMING,,2026-02-04T05:00:00Z,2026-02-05T07:00:00Z
QC-00020-POTENCY,BAT-00020,POTENCY,PASS,89.4,AU,2026-02-04T17:00:00Z,2026-02-05T04:00:00Z
QC-00020-STERILITY,BAT-00020,STERILITY,PASS,NO_GROWTH,,2026-02-04T10:00:00Z,2026-02-06T12:00:00Z
QC-00020-VIABILITY,BAT-00020,VIABILITY,OOS,65.4,%,2026-02-04T07:00:00Z,2026-02-06T20:00:00Z
QC-00020-PURITY,BAT-00020,PURITY,PASS,CONFORMING,,2026-02-04T13:00:00Z,2026-02-06T03:00:00Z
QC-00020-SAFETY,BAT-00020,SAFETY,OOT,BORDERLINE,,2026-02-04T16:00:00Z,2026-02-06T00:00:00Z
QC-00021-IDENTITY,BAT-00021,IDENTITY,OOT,BORDERLINE,,2026-01-29T23:00:00Z,2026-01-31T00:00:00Z
QC-00021-POTENCY,BAT-00021,POTENCY,PASS,51.3,AU,2026-01-30T04:00:00Z,2026-02-01T10:00:00Z
QC-00021-STERILITY,BAT-00021,STERILITY,PASS,NO_GROWTH,,2026-01-29T23:00:00Z,2026-01-30T15:00:00Z
QC-00021-VIABILITY,BAT-00021,VIABILITY,PASS,86.8,%,2026-01-29T13:00:00Z,2026-01-30T13:00:00Z
QC-00021-PURITY,BAT-00021,PURITY,PASS,CONFORMING,,2026-01-30T09:00:00Z,2026-02-01T04:00:00Z
QC-00021-SAFETY,BAT-00021,SAFETY,OOT,BORDERLINE,,2026-01-30T02:00:00Z,2026-01-31T02:00:00Z
QC-00022-IDENTITY,BAT-00022,IDENTITY,PASS,CONFORMING,,2026-02-08T05:00:00Z,2026-02-09T18:00:00Z
QC-00022-POTENCY,BAT-00022,POTENCY,PASS,55.5,AU,2026-02-07T15:00:00Z,2026-02-09T14:00:00Z
QC-00022-STERILITY,BAT-00022,STERILITY,PASS,NO_GROWTH,,2026-02-07T21:00:00Z,2026-02-08T08:00:00Z
QC-00022-VIABILITY,BAT-00022,VIABILITY,PASS,81.6,%,2026-02-07T13:00:00Z,2026-02-09T00:00:00Z
QC-00022-PURITY,BAT-00022,PURITY,PASS,CONFORMING,,2026-02-07T16:00:00Z,2026-02-08T09:00:00Z
QC-00022-SAFETY,BAT-00022,SAFETY,PASS,CONFORMING,,2026-02-07T17:00:00Z,2026-02-09T06:00:00Z
QC-00023-IDENTITY,BAT-00023,IDENTITY,PASS,CONFORMING,,2026-02-01T20:00:00Z,2026-02-02T11:00:00Z
QC-00023-POTENCY,BAT-00023,POTENCY,PASS,102.3,AU,2026-02-02T01:00:00Z,2026-02-03T08:00:00Z
QC-00023-STERILITY,BAT-00023,STERILITY,PENDING,PENDING,,2026-02-01T20:00:00Z,2026-02-04T01:00:00Z
QC-00023-VIABILITY,BAT-00023,VIABILITY,PASS,77.8,%,2026-02-02T05:00:00Z,2026-02-02T09:00:00Z
QC-00023-PURITY,BAT-00023,PURITY,PASS,CONFORMING,,2026-02-02T00:00:00Z,2026-02-03T06:00:00Z
QC-00023-SAFETY,BAT-00023,SAFETY,PASS,CONFORMING,,2026-02-01T17:00:00Z,2026-02-02T20:00:00Z
QC-00024-IDENTITY,BAT-00024,IDENTITY,PASS,CONFORMING,,2026-02-01T21:00:00Z,2026-02-03T03:00:00Z
QC-00024-POTENCY,BAT-00024,POTENCY,OOS,42.6,AU,2026-02-01T22:00:00Z,2026-02-03T20:00:00Z
QC-00024-STERILITY,BAT-00024,STERILITY,PASS,NO_GROWTH,,2026-02-02T11:00:00Z,2026-02-04T16:00:00Z
QC-00024-VIABILITY,BAT-00024,VIABILITY,PASS,90.5,%,2026-02-02T01:00:00Z,2026-02-04T11:00:00Z
QC-00024-PURITY,BAT-00024,PURITY,OOT,BORDERLINE,,2026-02-02T01:00:00Z,2026-02-04T04:00:00Z
QC-00024-SAFETY,BAT-00024,SAFETY,PASS,CONFORMING,,2026-02-02T03:00:00Z,2026-02-04T17:00:00Z
QC-00025-IDENTITY,BAT-00025,IDENTITY,PASS,CONFORMING,,2026-01-27T05:00:00Z,2026-01-28T20:00:00Z
QC-00025-POTENCY,BAT-00025,POTENCY,PASS,78.8,AU,2026-01-28T01:00:00Z,2026-01-28T10:00:00Z
QC-00025-STERILITY,BAT-00025,STERILITY,PENDING,PENDING,,2026-01-27T04:00:00Z,2026-01-28T11:00:00Z
QC-00025-VIABILITY,BAT-00025,VIABILITY,PASS,94.9,%,2026-01-27T09:00:00Z,2026-01-28T06:00:00Z
QC-00025-PURITY,BAT-00025,PURITY,PASS,CONFORMING,,2026-01-28T00:00:00Z,2026-01-29T05:00:00Z
QC-00025-SAFETY,BAT-00025,SAFETY,PASS,CONFORMING,,2026-01-27T06:00:00Z,2026-01-28T06:00:00Z
QC-00026-IDENTITY,BAT-00026,IDENTITY,PASS,CONFORMING,,2026-02-03T17:00:00Z,2026-02-05T13:00:00Z
QC-00026-POTENCY,BAT-00026,POTENCY,OOS,48.3,AU,2026-02-03T21:00:00Z,2026-02-06T00:00:00Z
QC-00026-STERILITY,BAT-00026,STERILITY,PENDING,PENDING,,2026-02-03T22:00:00Z,2026-02-05T02:00:00Z
QC-00026-VIABILITY,BAT-00026,VIABILITY,PASS,93.0,%,2026-02-04T01:00:00Z,2026-02-04T13:00:00Z
QC-00026-PURITY,BAT-00026,PURITY,PASS,CONFORMING,,2026-02-03T21:00:00Z,2026-02-05T20:00:00Z
QC-00026-SAFETY,BAT-00026,SAFETY,PASS,CONFORMING,,2026-02-04T00:00:00Z,2026-02-05T12:00:00Z
QC-00027-IDENTITY,BAT-00027,IDENTITY,PASS,CONFORMING,,2026-02-05T17:00:00Z,2026-02-08T01:00:00Z
QC-00027-POTENCY,BAT-00027,POTENCY,PASS,108.5,AU,2026-02-06T01:00:00Z,2026-02-07T19:00:00Z
QC-00027-STERILITY,BAT-00027,STERILITY,PASS,NO_GROWTH,,2026-02-05T18:00:00Z,2026-02-08T08:00:00Z
QC-00027-VIABILITY,BAT-00027,VIABILITY,PASS,81.7,%,2026-02-06T00:00:00Z,2026-02-08T03:00:00Z
QC-00027-PURITY,BAT-00027,PURITY,PASS,CONFORMING,,2026-02-05T21:00:00Z,2026-02-06T12:00:00Z
QC-00027-SAFETY,BAT-00027,SAFETY,PASS,CONFORMING,,2026-02-05T19:00:00Z,2026-02-06T23:00:00Z
QC-00028-IDENTITY,BAT-00028,IDENTITY,OOT,BORDERLINE,,2026-02-04T06:00:00Z,2026-02-06T12:00:00Z
QC-00028-POTENCY,BAT-00028,POTENCY,PASS,56.9,AU,2026-02-04T21:00:00Z,2026-02-07T01:00:00Z
QC-00028-STERILITY,BAT-00028,STERILITY,PASS,NO_GROWTH,,2026-02-04T12:00:00Z,2026-02-05T10:00:00Z
QC-00028-VIABILITY,BAT-00028,VIABILITY,PASS,87.8,%,2026-02-04T16:00:00Z,2026-02-05T13:00:00Z
QC-00028-PURITY,BAT-00028,PURITY,OOT,BORDERLINE,,2026-02-04T17:00:00Z,2026-02-05T07:00:00Z
QC-00028-SAFETY,BAT-00028,SAFETY,PASS,CONFORMING,,2026-02-04T05:00:00Z,2026-02-06T20:00:00Z
QC-00029-IDENTITY,BAT-00029,IDENTITY,PASS,CONFORMING,,2026-02-07T22:00:00Z,2026-02-10T18:00:00Z
QC-00029-POTENCY,BAT-00029,POTENCY,PASS,119.9,AU,2026-02-08T11:00:00Z,2026-02-10T20:00:00Z
QC-00029-STERILITY,BAT-00029,STERILITY,PENDING,PENDING,,2026-02-08T11:00:00Z,2026-02-10T06:00:00Z
QC-00029-VIABILITY,BAT-00029,VIABILITY,PASS,85.4,%,2026-02-08T19:00:00Z,2026-02-10T01:00:00Z
QC-00029-PURITY,BAT-00029,PURITY,PASS,CONFORMING,,2026-02-08T03:00:00Z,2026-02-09T13:00:00Z
QC-00029-SAFETY,BAT-00029,SAFETY,PASS,CONFORMING,,2026-02-08T10:00:00Z,2026-02-09T12:00:00Z
QC-00030-IDENTITY,BAT-00030,IDENTITY,PASS,CONFORMING,,2026-01-27T08:00:00Z,2026-01-28T18:00:00Z
QC-00030-POTENCY,BAT-00030,POTENCY,PASS,63.6,AU,2026-01-27T23:00:00Z,2026-01-29T13:00:00Z
QC-00030-STERILITY,BAT-00030,STERILITY,PASS,NO_GROWTH,,2026-01-28T02:00:00Z,2026-01-28T12:00:00Z
QC-00030-VIABILITY,BAT-00030,VIABILITY,PASS,72.4,%,2026-01-27T16:00:00Z,2026-01-29T08:00:00Z
QC-00030-PURITY,BAT-00030,PURITY,PASS,CONFORMING,,2026-01-27T20:00:00Z,2026-01-30T00:00:00Z
QC-00030-SAFETY,BAT-00030,SAFETY,PASS,CONFORMING,,2026-01-27T11:00:00Z,2026-01-29T01:00:00Z
QC-00031-IDENTITY,BAT-00031,IDENTITY,OOT,BORDERLINE,,2026-01-28T16:00:00Z,2026-01-29T10:00:00Z
QC-00031-POTENCY,BAT-00031,POTENCY,PASS,69.8,AU,2026-01-29T07:00:00Z,2026-01-30T01:00:00Z
QC-00031-STERILITY,BAT-00031,STERILITY,PASS,NO_GROWTH,,2026-01-29T01:00:00Z,2026-01-29T17:00:00Z
QC-00031-VIABILITY,BAT-00031,VIABILITY,PASS,96.3,%,2026-01-28T22:00:00Z,2026-01-30T22:00:00Z
QC-00031-PURITY,BAT-00031,PURITY,PASS,CONFORMING,,2026-01-29T01:00:00Z,2026-01-31T04:00:00Z
QC-00031-SAFETY,BAT-00031,SAFETY,PASS,CONFORMING,,2026-01-28T16:00:00Z,2026-01-29T21:00:00Z
QC-00032-IDENTITY,BAT-00032,IDENTITY,OOT,BORDERLINE,,2026-02-06T23:00:00Z,2026-02-07T20:00:00Z
QC-00032-POTENCY,BAT-00032,POTENCY,PASS,96.1,AU,2026-02-06T04:00:00Z,2026-02-07T11:00:00Z
QC-00032-STERILITY,BAT-00032,STERILITY,PASS,NO_GROWTH,,2026-02-06T20:00:00Z,2026-02-08T16:00:00Z
QC-00032-VIABILITY,BAT-00032,VIABILITY,PASS,78.6,%,2026-02-06T11:00:00Z,2026-02-07T08:00:00Z
QC-00032-PURITY,BAT-00032,PURITY,OOT,BORDERLINE,,2026-02-06T23:00:00Z,2026-02-07T08:00:00Z
QC-00032-SAFETY,BAT-00032,SAFETY,PASS,CONFORMING,,2026-02-06T20:00:00Z,2026-02-08T15:00:00Z
QC-00033-IDENTITY,BAT-00033,IDENTITY,OOT,BORDERLINE,,2026-01-30T21:00:00Z,2026-02-01T18:00:00Z
QC-00033-POTENCY,BAT-00033,POTENCY,PASS,90.8,AU,2026-01-31T00:00:00Z,2026-02-02T14:00:00Z
QC-00033-STERILITY,BAT-00033,STERILITY,PASS,NO_GROWTH,,2026-01-31T03:00:00Z,2026-02-02T06:00:00Z
QC-00033-VIABILITY,BAT-00033,VIABILITY,PASS,71.1,%,2026-01-30T14:00:00Z,2026-02-01T01:00:00Z
QC-00033-PURITY,BAT-00033,PURITY,PASS,CONFORMING,,2026-01-31T03:00:00Z,2026-02-01T20:00:00Z
QC-00033-SAFETY,BAT-00033,SAFETY,PASS,CONFORMING,,2026-01-31T00:00:00Z,2026-02-02T10:00:00Z
QC-00034-IDENTITY,BAT-00034,IDENTITY,PASS,CONFORMING,,2026-02-07T08:00:00Z,2026-02-09T22:00:00Z
QC-00034-POTENCY,BAT-00034,POTENCY,PASS,58.4,AU,2026-02-07T01:00:00Z,2026-02-10T00:00:00Z
QC-00034-STERILITY,BAT-00034,STERILITY,PENDING,PENDING,,2026-02-07T23:00:00Z,2026-02-08T19:00:00Z
QC-00034-VIABILITY,BAT-00034,VIABILITY,PASS,93.6,%,2026-02-07T10:00:00Z,2026-02-08T18:00:00Z
QC-00034-PURITY,BAT-00034,PURITY,PASS,CONFORMING,,2026-02-07T23:00:00Z,2026-02-08T10:00:00Z
QC-00034-SAFETY,BAT-00034,SAFETY,PASS,CONFORMING,,2026-02-07T10:00:00Z,2026-02-09T15:00:00Z
QC-00035-IDENTITY,BAT-00035,IDENTITY,OOT,BORDERLINE,,2026-02-06T11:00:00Z,2026-02-08T00:00:00Z
QC-00035-POTENCY,BAT-00035,POTENCY,PASS,72.9,AU,2026-02-06T23:00:00Z,2026-02-08T09:00:00Z
QC-00035-STERILITY,BAT-00035,STERILITY,PASS,NO_GROWTH,,2026-02-07T00:00:00Z,2026-02-07T14:00:00Z
QC-00035-VIABILITY,BAT-00035,VIABILITY,PASS,90.2,%,2026-02-06T10:00:00Z,2026-02-08T00:00:00Z
QC-00035-PURITY,BAT-00035,PURITY,PASS,CONFORMING,,2026-02-06T04:00:00Z,2026-02-08T08:00:00Z
QC-00035-SAFETY,BAT-00035,SAFETY,PASS,CONFORMING,,2026-02-07T01:00:00Z,2026-02-08T14:00:00Z
QC-00036-IDENTITY,BAT-00036,IDENTITY,PASS,CONFORMING,,2026-02-01T14:00:00Z,2026-02-03T20:00:00Z
QC-00036-POTENCY,BAT-00036,POTENCY,OOS,46.0,AU,2026-02-01T04:00:00Z,2026-02-02T12:00:00Z
QC-00036-STERILITY,BAT-00036,STERILITY,PASS,NO_GROWTH,,2026-02-01T17:00:00Z,2026-02-03T20:00:00Z
QC-00036-VIABILITY,BAT-00036,VIABILITY,PASS,90.6,%,2026-02-01T19:00:00Z,2026-02-03T16:00:00Z
QC-00036-PURITY,BAT-00036,PURITY,PASS,CONFORMING,,2026-02-01T21:00:00Z,2026-02-02T16:00:00Z
QC-00036-SAFETY,BAT-00036,SAFETY,PASS,CONFORMING,,2026-02-01T16:00:00Z,2026-02-03T03:00:00Z
QC-00037-IDENTITY,BAT-00037,IDENTITY,PASS,CONFORMING,,2026-02-08T17:00:00Z,2026-02-11T01:00:00Z
QC-00037-POTENCY,BAT-00037,POTENCY,PASS,54.5,AU,2026-02-08T19:00:00Z,2026-02-10T00:00:00Z
QC-00037-STERILITY,BAT-00037,STERILITY,PASS,NO_GROWTH,,2026-02-08T19:00:00Z,2026-02-10T14:00:00Z
QC-00037-VIABILITY,BAT-00037,VIABILITY,PASS,75.9,%,2026-02-08T11:00:00Z,2026-02-10T09:00:00Z
QC-00037-PURITY,BAT-00037,PURITY,PASS,CONFORMING,,2026-02-08T08:00:00Z,2026-02-10T21:00:00Z
QC-00037-SAFETY,BAT-00037,SAFETY,PASS,CONFORMING,,2026-02-08T10:00:00Z,2026-02-10T03:00:00Z
QC-00038-IDENTITY,BAT-00038,IDENTITY,PASS,CONFORMING,,2026-02-03T01:00:00Z,2026-02-03T20:00:00Z
QC-00038-POTENCY,BAT-00038,POTENCY,OOS,47.7,AU,2026-02-03T05:00:00Z,2026-02-04T19:00:00Z
QC-00038-STERILITY,BAT-00038,STERILITY,PASS,NO_GROWTH,,2026-02-03T14:00:00Z,2026-02-05T08:00:00Z
QC-00038-VIABILITY,BAT-00038,VIABILITY,PASS,73.0,%,2026-02-03T10:00:00Z,2026-02-04T16:00:00Z
QC-00038-PURITY,BAT-00038,PURITY,PASS,CONFORMING,,2026-02-03T03:00:00Z,2026-02-04T21:00:00Z
QC-00038-SAFETY,BAT-00038,SAFETY,PASS,CONFORMING,,2026-02-03T12:00:00Z,2026-02-04T01:00:00Z
QC-00039-IDENTITY,BAT-00039,IDENTITY,PASS,CONFORMING,,2026-02-10T22:00:00Z,2026-02-13T09:00:00Z
QC-00039-POTENCY,BAT-00039,POTENCY,OOS,46.5,AU,2026-02-10T18:00:00Z,2026-02-12T21:00:00Z
QC-00039-STERILITY,BAT-00039,STERILITY,PASS,NO_GROWTH,,2026-02-11T02:00:00Z,2026-02-12T16:00:00Z
QC-00039-VIABILITY,BAT-00039,VIABILITY,PASS,94.6,%,2026-02-11T05:00:00Z,2026-02-11T16:00:00Z
QC-00039-PURITY,BAT-00039,PURITY,PASS,CONFORMING,,2026-02-11T01:00:00Z,2026-02-13T04:00:00Z
QC-00039-SAFETY,BAT-00039,SAFETY,OOT,BORDERLINE,,2026-02-11T00:00:00Z,2026-02-12T11:00:00Z
QC-00040-IDENTITY,BAT-00040,IDENTITY,PASS,CONFORMING,,2026-02-09T15:00:00Z,2026-02-11T06:00:00Z
QC-00040-POTENCY,BAT-00040,POTENCY,PASS,65.0,AU,2026-02-09T23:00:00Z,2026-02-11T03:00:00Z
QC-00040-STERILITY,BAT-00040,STERILITY,PENDING,PENDING,,2026-02-09T14:00:00Z,2026-02-11T16:00:00Z
QC-00040-VIABILITY,BAT-00040,VIABILITY,PASS,77.8,%,2026-02-09T08:00:00Z,2026-02-11T18:00:00Z
QC-00040-PURITY,BAT-00040,PURITY,PASS,CONFORMING,,2026-02-09T05:00:00Z,2026-02-11T09:00:00Z
QC-00040-SAFETY,BAT-00040,SAFETY,OOT,BORDERLINE,,2026-02-09T05:00:00Z,2026-02-10T13:00:00Z
QC-00041-IDENTITY,BAT-00041,IDENTITY,PASS,CONFORMING,,2026-02-15T12:00:00Z,2026-02-18T05:00:00Z
QC-00041-POTENCY,BAT-00041,POTENCY,PASS,68.3,AU,2026-02-15T15:00:00Z,2026-02-18T05:00:00Z
QC-00041-STERILITY,BAT-00041,STERILITY,PASS,NO_GROWTH,,2026-02-15T09:00:00Z,2026-02-17T12:00:00Z
QC-00041-VIABILITY,BAT-00041,VIABILITY,PASS,82.1,%,2026-02-16T00:00:00Z,2026-02-17T17:00:00Z
QC-00041-PURITY,BAT-00041,PURITY,PASS,CONFORMING,,2026-02-15T15:00:00Z,2026-02-17T10:00:00Z
QC-00041-SAFETY,BAT-00041,SAFETY,OOT,BORDERLINE,,2026-02-15T23:00:00Z,2026-02-17T15:00:00Z
QC-00042-IDENTITY,BAT-00042,IDENTITY,PASS,CONFORMING,,2026-02-11T14:00:00Z,2026-02-13T13:00:00Z
QC-00042-POTENCY,BAT-00042,POTENCY,PASS,59.4,AU,2026-02-11T07:00:00Z,2026-02-14T02:00:00Z
QC-00042-STERILITY,BAT-00042,STERILITY,PASS,NO_GROWTH,,2026-02-11T07:00:00Z,2026-02-12T10:00:00Z
QC-00042-VIABILITY,BAT-00042,VIABILITY,PASS,87.6,%,2026-02-12T03:00:00Z,2026-02-12T13:00:00Z
QC-00042-PURITY,BAT-00042,PURITY,PASS,CONFORMING,,2026-02-12T02:00:00Z,2026-02-13T03:00:00Z
QC-00042-SAFETY,BAT-00042,SAFETY,PASS,CONFORMING,,2026-02-11T12:00:00Z,2026-02-13T10:00:00Z
QC-00043-IDENTITY,BAT-00043,IDENTITY,PASS,CONFORMING,,2026-02-09T16:00:00Z,2026-02-11T03:00:00Z
QC-00043-POTENCY,BAT-00043,POTENCY,PASS,69.3,AU,2026-02-09T15:00:00Z,2026-02-12T03:00:00Z
QC-00043-STERILITY,BAT-00043,STERILITY,PENDING,PENDING,,2026-02-09T22:00:00Z,2026-02-12T01:00:00Z
QC-00043-VIABILITY,BAT-00043,VIABILITY,PASS,85.3,%,2026-02-09T16:00:00Z,2026-02-12T09:00:00Z
QC-00043-PURITY,BAT-00043,PURITY,PASS,CONFORMING,,2026-02-09T18:00:00Z,2026-02-12T06:00:00Z
QC-00043-SAFETY,BAT-00043,SAFETY,PASS,CONFORMING,,2026-02-09T20:00:00Z,2026-02-11T19:00:00Z
QC-00044-IDENTITY,BAT-00044,IDENTITY,PASS,CONFORMING,,2026-02-10T20:00:00Z,2026-02-12T16:00:00Z
QC-00044-POTENCY,BAT-00044,POTENCY,OOS,45.0,AU,2026-02-10T23:00:00Z,2026-02-12T07:00:00Z
QC-00044-STERILITY,BAT-00044,STERILITY,PASS,NO_GROWTH,,2026-02-11T14:00:00Z,2026-02-12T16:00:00Z
QC-00044-VIABILITY,BAT-00044,VIABILITY,PASS,84.0,%,2026-02-11T04:00:00Z,2026-02-13T13:00:00Z
QC-00044-PURITY,BAT-00044,PURITY,PASS,CONFORMING,,2026-02-11T03:00:00Z,2026-02-13T07:00:00Z
QC-00044-SAFETY,BAT-00044,SAFETY,PASS,CONFORMING,,2026-02-11T02:00:00Z,2026-02-12T17:00:00Z
QC-00045-IDENTITY,BAT-00045,IDENTITY,OOT,BORDERLINE,,2026-02-09T17:00:00Z,2026-02-11T15:00:00Z
QC-00045-POTENCY,BAT-00045,POTENCY,PASS,57.3,AU,2026-02-08T20:00:00Z,2026-02-10T05:00:00Z
QC-00045-STERILITY,BAT-00045,STERILITY,PASS,NO_GROWTH,,2026-02-09T04:00:00Z,2026-02-11T18:00:00Z
QC-00045-VIABILITY,BAT-00045,VIABILITY,PASS,96.6,%,2026-02-09T16:00:00Z,2026-02-10T17:00:00Z
QC-00045-PURITY,BAT-00045,PURITY,PASS,CONFORMING,,2026-02-09T06:00:00Z,2026-02-10T17:00:00Z
QC-00045-SAFETY,BAT-00045,SAFETY,PASS,CONFORMING,,2026-02-09T04:00:00Z,2026-02-10T19:00:00Z
QC-00046-IDENTITY,BAT-00046,IDENTITY,PASS,CONFORMING,,2026-02-08T01:00:00Z,2026-02-08T19:00:00Z
QC-00046-POTENCY,BAT-00046,POTENCY,PASS,110.5,AU,2026-02-07T17:00:00Z,2026-02-10T12:00:00Z
QC-00046-STERILITY,BAT-00046,STERILITY,PASS,NO_GROWTH,,2026-02-08T01:00:00Z,2026-02-09T18:00:00Z
QC-00046-VIABILITY,BAT-00046,VIABILITY,PASS,71.4,%,2026-02-08T04:00:00Z,2026-02-09T17:00:00Z
QC-00046-PURITY,BAT-00046,PURITY,OOT,BORDERLINE,,2026-02-08T07:00:00Z,2026-02-08T14:00:00Z
QC-00046-SAFETY,BAT-00046,SAFETY,PASS,CONFORMING,,2026-02-08T00:00:00Z,2026-02-09T04:00:00Z
QC-00047-IDENTITY,BAT-00047,IDENTITY,OOT,BORDERLINE,,2026-02-11T11:00:00Z,2026-02-12T12:00:00Z
QC-00047-POTENCY,BAT-00047,POTENCY,PASS,115.1,AU,2026-02-11T01:00:00Z,2026-02-13T07:00:00Z
QC-00047-STERILITY,BAT-00047,STERILITY,PASS,NO_GROWTH,,2026-02-11T14:00:00Z,2026-02-12T15:00:00Z
QC-00047-VIABILITY,BAT-00047,VIABILITY,PASS,85.2,%,2026-02-10T17:00:00Z,2026-02-11T17:00:00Z
QC-00047-PURITY,BAT-00047,PURITY,PASS,CONFORMING,,2026-02-10T23:00:00Z,2026-02-13T01:00:00Z
QC-00047-SAFETY,BAT-00047,SAFETY,PASS,CONFORMING,,2026-02-10T23:00:00Z,2026-02-13T10:00:00Z
QC-00048-IDENTITY,BAT-00048,IDENTITY,PASS,CONFORMING,,2026-02-11T07:00:00Z,2026-02-12T10:00:00Z
QC-00048-POTENCY,BAT-00048,POTENCY,PASS,63.3,AU,2026-02-11T06:00:00Z,2026-02-13T16:00:00Z
QC-00048-STERILITY,BAT-00048,STERILITY,PENDING,PENDING,,2026-02-11T02:00:00Z,2026-02-12T16:00:00Z
QC-00048-VIABILITY,BAT-00048,VIABILITY,PASS,78.9,%,2026-02-11T19:00:00Z,2026-02-13T15:00:00Z
QC-00048-PURITY,BAT-00048,PURITY,OOT,BORDERLINE,,2026-02-11T08:00:00Z,2026-02-13T13:00:00Z
QC-00048-SAFETY,BAT-00048,SAFETY,PASS,CONFORMING,,2026-02-11T02:00:00Z,2026-02-13T19:00:00Z
QC-00049-IDENTITY,BAT-00049,IDENTITY,PASS,CONFORMING,,2026-02-12T07:00:00Z,2026-02-13T00:00:00Z
QC-00049-POTENCY,BAT-00049,POTENCY,OOS,46.3,AU,2026-02-12T09:00:00Z,2026-02-14T15:00:00Z
QC-00049-STERILITY,BAT-00049,STERILITY,PASS,NO_GROWTH,,2026-02-12T07:00:00Z,2026-02-13T00:00:00Z
QC-00049-VIABILITY,BAT-00049,VIABILITY,PASS,88.8,%,2026-02-12T08:00:00Z,2026-02-13T15:00:00Z
QC-00049-PURITY,BAT-00049,PURITY,OOT,BORDERLINE,,2026-02-12T03:00:00Z,2026-02-13T19:00:00Z
QC-00049-SAFETY,BAT-00049,SAFETY,PASS,CONFORMING,,2026-02-12T08:00:00Z,2026-02-14T06:00:00Z
QC-00050-IDENTITY,BAT-00050,IDENTITY,OOT,BORDERLINE,,2026-02-11T16:00:00Z,2026-02-13T16:00:00Z
QC-00050-POTENCY,BAT-00050,POTENCY,PASS,104.9,AU,2026-02-11T23:00:00Z,2026-02-12T17:00:00Z
QC-00050-STERILITY,BAT-00050,STERILITY,PASS,NO_GROWTH,,2026-02-11T12:00:00Z,2026-02-13T05:00:00Z
QC-00050-VIABILITY,BAT-00050,VIABILITY,PASS,93.2,%,2026-02-11T10:00:00Z,2026-02-13T12:00:00Z
QC-00050-PURITY,BAT-00050,PURITY,PASS,CONFORMING,,2026-02-11T18:00:00Z,2026-02-12T12:00:00Z
QC-00050-SAFETY,BAT-00050,SAFETY,PASS,CONFORMING,,2026-02-11T15:00:00Z,2026-02-13T09:00:00Z
QC-00051-IDENTITY,BAT-00051,IDENTITY,PASS,CONFORMING,,2026-02-07T09:00:00Z,2026-02-09T20:00:00Z
QC-00051-POTENCY,BAT-00051,POTENCY,PASS,76.1,AU,2026-02-07T15:00:00Z,2026-02-09T03:00:00Z
QC-00051-STERILITY,BAT-00051,STERILITY,PASS,NO_GROWTH,,2026-02-07T14:00:00Z,2026-02-09T07:00:00Z
QC-00051-VIABILITY,BAT-00051,VIABILITY,PASS,90.4,%,2026-02-07T11:00:00Z,2026-02-10T00:00:00Z
QC-00051-PURITY,BAT-00051,PURITY,PASS,CONFORMING,,2026-02-07T13:00:00Z,2026-02-09T08:00:00Z
QC-00051-SAFETY,BAT-00051,SAFETY,PASS,CONFORMING,,2026-02-07T15:00:00Z,2026-02-09T11:00:00Z
QC-00052-IDENTITY,BAT-00052,IDENTITY,PASS,CONFORMING,,2026-02-09T23:00:00Z,2026-02-12T07:00:00Z
QC-00052-POTENCY,BAT-00052,POTENCY,PASS,116.0,AU,2026-02-10T04:00:00Z,2026-02-12T07:00:00Z
QC-00052-STERILITY,BAT-00052,STERILITY,PASS,NO_GROWTH,,2026-02-10T05:00:00Z,2026-02-11T19:00:00Z
QC-00052-VIABILITY,BAT-00052,VIABILITY,PASS,83.4,%,2026-02-10T02:00:00Z,2026-02-12T02:00:00Z
QC-00052-PURITY,BAT-00052,PURITY,OOT,BORDERLINE,,2026-02-10T09:00:00Z,2026-02-12T02:00:00Z
QC-00052-SAFETY,BAT-00052,SAFETY,OOT,BORDERLINE,,2026-02-10T01:00:00Z,2026-02-12T10:00:00Z
QC-00053-IDENTITY,BAT-00053,IDENTITY,PASS,CONFORMING,,2026-02-08T16:00:00Z,2026-02-09T20:00:00Z
QC-00053-POTENCY,BAT-00053,POTENCY,PASS,110.0,AU,2026-02-08T02:00:00Z,2026-02-09T13:00:00Z
QC-00053-STERILITY,BAT-00053,STERILITY,PASS,NO_GROWTH,,2026-02-08T04:00:00Z,2026-02-09T04:00:00Z
QC-00053-VIABILITY,BAT-00053,VIABILITY,PASS,81.4,%,2026-02-08T02:00:00Z,2026-02-09T00:00:00Z
QC-00053-PURITY,BAT-00053,PURITY,PASS,CONFORMING,,2026-02-08T06:00:00Z,2026-02-10T07:00:00Z
QC-00053-SAFETY,BAT-00053,SAFETY,OOT,BORDERLINE,,2026-02-08T16:00:00Z,2026-02-09T05:00:00Z
QC-00054-IDENTITY,BAT-00054,IDENTITY,OOT,BORDERLINE,,2026-02-07T00:00:00Z,2026-02-08T06:00:00Z
QC-00054-POTENCY,BAT-00054,POTENCY,PASS,101.2,AU,2026-02-06T21:00:00Z,2026-02-09T09:00:00Z
QC-00054-STERILITY,BAT-00054,STERILITY,PASS,NO_GROWTH,,2026-02-06T18:00:00Z,2026-02-08T22:00:00Z
QC-00054-VIABILITY,BAT-00054,VIABILITY,PASS,88.2,%,2026-02-07T07:00:00Z,2026-02-08T21:00:00Z
QC-00054-PURITY,BAT-00054,PURITY,PASS,CONFORMING,,2026-02-06T14:00:00Z,2026-02-08T14:00:00Z
QC-00054-SAFETY,BAT-00054,SAFETY,PASS,CONFORMING,,2026-02-07T07:00:00Z,2026-02-09T09:00:00Z
QC-00055-IDENTITY,BAT-00055,IDENTITY,OOT,BORDERLINE,,2026-02-12T00:00:00Z,2026-02-12T21:00:00Z
QC-00055-POTENCY,BAT-00055,POTENCY,PASS,108.5,AU,2026-02-11T18:00:00Z,2026-02-13T19:00:00Z
QC-00055-STERILITY,BAT-00055,STERILITY,PASS,NO_GROWTH,,2026-02-12T14:00:00Z,2026-02-13T07:00:00Z
QC-00055-VIABILITY,BAT-00055,VIABILITY,PASS,78.1,%,2026-02-12T04:00:00Z,2026-02-14T16:00:00Z
QC-00055-PURITY,BAT-00055,PURITY,PASS,CONFORMING,,2026-02-12T17:00:00Z,2026-02-13T12:00:00Z
QC-00055-SAFETY,BAT-00055,SAFETY,PASS,CONFORMING,,2026-02-11T22:00:00Z,2026-02-13T00:00:00Z
QC-00056-IDENTITY,BAT-00056,IDENTITY,PASS,CONFORMING,,2026-02-16T03:00:00Z,2026-02-18T05:00:00Z
QC-00056-POTENCY,BAT-00056,POTENCY,PASS,106.1,AU,2026-02-16T09:00:00Z,2026-02-17T17:00:00Z
QC-00056-STERILITY,BAT-00056,STERILITY,PASS,NO_GROWTH,,2026-02-16T03:00:00Z,2026-02-18T02:00:00Z
QC-00056-VIABILITY,BAT-00056,VIABILITY,PASS,86.7,%,2026-02-16T04:00:00Z,2026-02-18T07:00:00Z
QC-00056-PURITY,BAT-00056,PURITY,PASS,CONFORMING,,2026-02-15T23:00:00Z,2026-02-17T03:00:00Z
QC-00056-SAFETY,BAT-00056,SAFETY,OOT,BORDERLINE,,2026-02-16T06:00:00Z,2026-02-18T12:00:00Z
QC-00057-IDENTITY,BAT-00057,IDENTITY,OOT,BORDERLINE,,2026-02-09T06:00:00Z,2026-02-09T20:00:00Z
QC-00057-POTENCY,BAT-00057,POTENCY,OOS,43.9,AU,2026-02-08T15:00:00Z,2026-02-11T06:00:00Z
QC-00057-STERILITY,BAT-00057,STERILITY,PENDING,PENDING,,2026-02-09T11:00:00Z,2026-02-09T16:00:00Z
QC-00057-VIABILITY,BAT-00057,VIABILITY,PASS,90.4,%,2026-02-08T16:00:00Z,2026-02-11T11:00:00Z
QC-00057-PURITY,BAT-00057,PURITY,PASS,CONFORMING,,2026-02-09T04:00:00Z,2026-02-09T15:00:00Z
QC-00057-SAFETY,BAT-00057,SAFETY,PASS,CONFORMING,,2026-02-08T23:00:00Z,2026-02-10T13:00:00Z
QC-00058-IDENTITY,BAT-00058,IDENTITY,PASS,CONFORMING,,2026-02-11T00:00:00Z,2026-02-12T21:00:00Z
QC-00058-POTENCY,BAT-00058,POTENCY,PASS,117.6,AU,2026-02-11T05:00:00Z,2026-02-12T15:00:00Z
QC-00058-STERILITY,BAT-00058,STERILITY,PASS,NO_GROWTH,,2026-02-11T13:00:00Z,2026-02-12T02:00:00Z
QC-00058-VIABILITY,BAT-00058,VIABILITY,PASS,76.2,%,2026-02-11T09:00:00Z,2026-02-11T21:00:00Z
QC-00058-PURITY,BAT-00058,PURITY,PASS,CONFORMING,,2026-02-10T22:00:00Z,2026-02-13T14:00:00Z
QC-00058-SAFETY,BAT-00058,SAFETY,OOT,BORDERLINE,,2026-02-11T06:00:00Z,2026-02-12T15:00:00Z
QC-00059-IDENTITY,BAT-00059,IDENTITY,PASS,CONFORMING,,2026-02-14T10:00:00Z,2026-02-16T06:00:00Z
QC-00059-POTENCY,BAT-00059,POTENCY,OOS,47.5,AU,2026-02-14T07:00:00Z,2026-02-16T11:00:00Z
QC-00059-STERILITY,BAT-00059,STERILITY,PASS,NO_GROWTH,,2026-02-13T16:00:00Z,2026-02-16T02:00:00Z
QC-00059-VIABILITY,BAT-00059,VIABILITY,PASS,93.9,%,2026-02-14T10:00:00Z,2026-02-15T19:00:00Z
QC-00059-PURITY,BAT-00059,PURITY,PASS,CONFORMING,,2026-02-14T10:00:00Z,2026-02-15T18:00:00Z
QC-00059-SAFETY,BAT-00059,SAFETY,PASS,CONFORMING,,2026-02-14T04:00:00Z,2026-02-14T20:00:00Z
QC-00060-IDENTITY,BAT-00060,IDENTITY,PASS,CONFORMING,,2026-02-10T04:00:00Z,2026-02-11T16:00:00Z
QC-00060-POTENCY,BAT-00060,POTENCY,PASS,77.0,AU,2026-02-09T16:00:00Z,2026-02-10T23:00:00Z
QC-00060-STERILITY,BAT-00060,STERILITY,PASS,NO_GROWTH,,2026-02-10T08:00:00Z,2026-02-11T18:00:00Z
QC-00060-VIABILITY,BAT-00060,VIABILITY,PASS,86.1,%,2026-02-10T11:00:00Z,2026-02-12T00:00:00Z
QC-00060-PURITY,BAT-00060,PURITY,OOT,BORDERLINE,,2026-02-09T18:00:00Z,2026-02-11T23:00:00Z
QC-00060-SAFETY,BAT-00060,SAFETY,PASS,CONFORMING,,2026-02-10T04:00:00Z,2026-02-11T09:00:00Z
QC-00061-IDENTITY,BAT-00061,IDENTITY,PASS,CONFORMING,,2026-02-12T06:00:00Z,2026-02-14T00:00:00Z
QC-00061-POTENCY,BAT-00061,POTENCY,PASS,112.3,AU,2026-02-11T21:00:00Z,2026-02-12T23:00:00Z
QC-00061-STERILITY,BAT-00061,STERILITY,PASS,NO_GROWTH,,2026-02-11T18:00:00Z,2026-02-13T17:00:00Z
QC-00061-VIABILITY,BAT-00061,VIABILITY,PASS,77.3,%,2026-02-12T06:00:00Z,2026-02-13T12:00:00Z
QC-00061-PURITY,BAT-00061,PURITY,PASS,CONFORMING,,2026-02-11T20:00:00Z,2026-02-12T14:00:00Z
QC-00061-SAFETY,BAT-00061,SAFETY,OOT,BORDERLINE,,2026-02-11T22:00:00Z,2026-02-13T05:00:00Z
QC-00062-IDENTITY,BAT-00062,IDENTITY,PASS,CONFORMING,,2026-02-16T00:00:00Z,2026-02-18T04:00:00Z
QC-00062-POTENCY,BAT-00062,POTENCY,PASS,102.7,AU,2026-02-15T19:00:00Z,2026-02-16T15:00:00Z
QC-00062-STERILITY,BAT-00062,STERILITY,PASS,NO_GROWTH,,2026-02-16T04:00:00Z,2026-02-18T13:00:00Z
QC-00062-VIABILITY,BAT-00062,VIABILITY,PASS,94.2,%,2026-02-16T05:00:00Z,2026-02-18T08:00:00Z
QC-00062-PURITY,BAT-00062,PURITY,PASS,CONFORMING,,2026-02-15T15:00:00Z,2026-02-16T15:00:00Z
QC-00062-SAFETY,BAT-00062,SAFETY,OOT,BORDERLINE,,2026-02-16T02:00:00Z,2026-02-17T14:00:00Z
QC-00063-IDENTITY,BAT-00063,IDENTITY,PASS,CONFORMING,,2026-02-17T09:00:00Z,2026-02-18T23:00:00Z
QC-00063-POTENCY,BAT-00063,POTENCY,OOS,48.0,AU,2026-02-16T15:00:00Z,2026-02-18T22:00:00Z
QC-00063-STERILITY,BAT-00063,STERILITY,PENDING,PENDING,,2026-02-17T05:00:00Z,2026-02-18T14:00:00Z
QC-00063-VIABILITY,BAT-00063,VIABILITY,PASS,82.0,%,2026-02-16T16:00:00Z,2026-02-18T10:00:00Z
QC-00063-PURITY,BAT-00063,PURITY,PASS,CONFORMING,,2026-02-16T19:00:00Z,2026-02-17T21:00:00Z
QC-00063-SAFETY,BAT-00063,SAFETY,OOT,BORDERLINE,,2026-02-16T17:00:00Z,2026-02-18T04:00:00Z
QC-00064-IDENTITY,BAT-00064,IDENTITY,OOT,BORDERLINE,,2026-02-14T21:00:00Z,2026-02-16T20:00:00Z
QC-00064-POTENCY,BAT-00064,POTENCY,PASS,80.2,AU,2026-02-15T02:00:00Z,2026-02-17T07:00:00Z
QC-00064-STERILITY,BAT-00064,STERILITY,PASS,NO_GROWTH,,2026-02-14T22:00:00Z,2026-02-17T00:00:00Z
QC-00064-VIABILITY,BAT-00064,VIABILITY,PASS,96.5,%,2026-02-15T14:00:00Z,2026-02-17T00:00:00Z
QC-00064-PURITY,BAT-00064,PURITY,PASS,CONFORMING,,2026-02-14T19:00:00Z,2026-02-15T19:00:00Z
QC-00064-SAFETY,BAT-00064,SAFETY,PASS,CONFORMING,,2026-02-15T14:00:00Z,2026-02-16T19:00:00Z
QC-00065-IDENTITY,BAT-00065,IDENTITY,PASS,CONFORMING,,2026-02-14T11:00:00Z,2026-02-15T17:00:00Z
QC-00065-POTENCY,BAT-00065,POTENCY,PASS,61.0,AU,2026-02-14T04:00:00Z,2026-02-16T12:00:00Z
QC-00065-STERILITY,BAT-00065,STERILITY,PASS,NO_GROWTH,,2026-02-14T19:00:00Z,2026-02-16T16:00:00Z
QC-00065-VIABILITY,BAT-00065,VIABILITY,PASS,92.4,%,2026-02-13T23:00:00Z,2026-02-15T18:00:00Z
QC-00065-PURITY,BAT-00065,PURITY,PASS,CONFORMING,,2026-02-14T17:00:00Z,2026-02-16T16:00:00Z
QC-00065-SAFETY,BAT-00065,SAFETY,PASS,CONFORMING,,2026-02-14T14:00:00Z,2026-02-15T12:00:00Z
QC-00066-IDENTITY,BAT-00066,IDENTITY,PASS,CONFORMING,,2026-02-15T10:00:00Z,2026-02-17T02:00:00Z
QC-00066-POTENCY,BAT-00066,POTENCY,PASS,115.8,AU,2026-02-15T11:00:00Z,2026-02-17T14:00:00Z
QC-00066-STERILITY,BAT-00066,STERILITY,PASS,NO_GROWTH,,2026-02-15T23:00:00Z,2026-02-17T07:00:00Z
QC-00066-VIABILITY,BAT-00066,VIABILITY,PASS,84.3,%,2026-02-15T14:00:00Z,2026-02-16T17:00:00Z
QC-00066-PURITY,BAT-00066,PURITY,PASS,CONFORMING,,2026-02-15T15:00:00Z,2026-02-16T11:00:00Z
QC-00066-SAFETY,BAT-00066,SAFETY,OOT,BORDERLINE,,2026-02-15T13:00:00Z,2026-02-17T18:00:00Z
QC-00067-IDENTITY,BAT-00067,IDENTITY,PASS,CONFORMING,,2026-02-16T05:00:00Z,2026-02-17T20:00:00Z
QC-00067-POTENCY,BAT-00067,POTENCY,PASS,59.1,AU,2026-02-15T21:00:00Z,2026-02-17T17:00:00Z
QC-00067-STERILITY,BAT-00067,STERILITY,PENDING,PENDING,,2026-02-15T22:00:00Z,2026-02-17T01:00:00Z
QC-00067-VIABILITY,BAT-00067,VIABILITY,PASS,88.6,%,2026-02-16T02:00:00Z,2026-02-16T15:00:00Z
QC-00067-PURITY,BAT-00067,PURITY,PASS,CONFORMING,,2026-02-15T12:00:00Z,2026-02-17T09:00:00Z
QC-00067-SAFETY,BAT-00067,SAFETY,PASS,CONFORMING,,2026-02-15T22:00:00Z,2026-02-17T21:00:00Z
QC-00068-IDENTITY,BAT-00068,IDENTITY,OOT,BORDERLINE,,2026-02-24T15:00:00Z,2026-02-26T13:00:00Z
QC-00068-POTENCY,BAT-00068,POTENCY,PASS,95.5,AU,2026-02-23T21:00:00Z,2026-02-26T06:00:00Z
QC-00068-STERILITY,BAT-00068,STERILITY,PASS,NO_GROWTH,,2026-02-24T18:00:00Z,2026-02-26T13:00:00Z
QC-00068-VIABILITY,BAT-00068,VIABILITY,PASS,85.4,%,2026-02-24T10:00:00Z,2026-02-25T23:00:00Z
QC-00068-PURITY,BAT-00068,PURITY,PASS,CONFORMING,,2026-02-24T12:00:00Z,2026-02-25T16:00:00Z
QC-00068-SAFETY,BAT-00068,SAFETY,PASS,CONFORMING,,2026-02-24T08:00:00Z,2026-02-26T17:00:00Z
QC-00069-IDENTITY,BAT-00069,IDENTITY,PASS,CONFORMING,,2026-02-17T03:00:00Z,2026-02-19T07:00:00Z
QC-00069-POTENCY,BAT-00069,POTENCY,PASS,69.5,AU,2026-02-16T12:00:00Z,2026-02-19T05:00:00Z
QC-00069-STERILITY,BAT-00069,STERILITY,PENDING,PENDING,,2026-02-16T12:00:00Z,2026-02-18T06:00:00Z
QC-00069-VIABILITY,BAT-00069,VIABILITY,PASS,73.5,%,2026-02-16T11:00:00Z,2026-02-19T08:00:00Z
QC-00069-PURITY,BAT-00069,PURITY,OOT,BORDERLINE,,2026-02-16T20:00:00Z,2026-02-17T19:00:00Z
QC-00069-SAFETY,BAT-00069,SAFETY,OOT,BORDERLINE,,2026-02-16T10:00:00Z,2026-02-18T02:00:00Z
QC-00070-IDENTITY,BAT-00070,IDENTITY,PASS,CONFORMING,,2026-02-09T12:00:00Z,2026-02-10T11:00:00Z
QC-00070-POTENCY,BAT-00070,POTENCY,OOS,47.5,AU,2026-02-09T13:00:00Z,2026-02-11T16:00:00Z
QC-00070-STERILITY,BAT-00070,STERILITY,PENDING,PENDING,,2026-02-10T02:00:00Z,2026-02-11T07:00:00Z
QC-00070-VIABILITY,BAT-00070,VIABILITY,PASS,92.2,%,2026-02-10T00:00:00Z,2026-02-10T19:00:00Z
QC-00070-PURITY,BAT-00070,PURITY,PASS,CONFORMING,,2026-02-10T02:00:00Z,2026-02-11T22:00:00Z
QC-00070-SAFETY,BAT-00070,SAFETY,OOT,BORDERLINE,,2026-02-10T05:00:00Z,2026-02-11T06:00:00Z
QC-00071-IDENTITY,BAT-00071,IDENTITY,PASS,CONFORMING,,2026-02-13T05:00:00Z,2026-02-15T05:00:00Z
QC-00071-POTENCY,BAT-00071,POTENCY,PASS,64.9,AU,2026-02-13T10:00:00Z,2026-02-15T04:00:00Z
QC-00071-STERILITY,BAT-00071,STERILITY,PASS,NO_GROWTH,,2026-02-12T23:00:00Z,2026-02-14T01:00:00Z
QC-00071-VIABILITY,BAT-00071,VIABILITY,OOS,65.1,%,2026-02-13T00:00:00Z,2026-02-14T19:00:00Z
QC-00071-PURITY,BAT-00071,PURITY,PASS,CONFORMING,,2026-02-13T13:00:00Z,2026-02-15T13:00:00Z
QC-00071-SAFETY,BAT-00071,SAFETY,PASS,CONFORMING,,2026-02-13T02:00:00Z,2026-02-15T12:00:00Z
QC-00072-IDENTITY,BAT-00072,IDENTITY,PASS,CONFORMING,,2026-02-19T20:00:00Z,2026-02-20T07:00:00Z
QC-00072-POTENCY,BAT-00072,POTENCY,PASS,101.1,AU,2026-02-19T10:00:00Z,2026-02-21T12:00:00Z
QC-00072-STERILITY,BAT-00072,STERILITY,PASS,NO_GROWTH,,2026-02-19T18:00:00Z,2026-02-22T01:00:00Z
QC-00072-VIABILITY,BAT-00072,VIABILITY,PASS,70.6,%,2026-02-19T18:00:00Z,2026-02-20T08:00:00Z
QC-00072-PURITY,BAT-00072,PURITY,OOT,BORDERLINE,,2026-02-19T18:00:00Z,2026-02-21T18:00:00Z
QC-00072-SAFETY,BAT-00072,SAFETY,OOT,BORDERLINE,,2026-02-19T17:00:00Z,2026-02-21T04:00:00Z
QC-00073-IDENTITY,BAT-00073,IDENTITY,PASS,CONFORMING,,2026-02-18T02:00:00Z,2026-02-18T23:00:00Z
QC-00073-POTENCY,BAT-00073,POTENCY,PASS,95.7,AU,2026-02-17T14:00:00Z,2026-02-19T13:00:00Z
QC-00073-STERILITY,BAT-00073,STERILITY,PENDING,PENDING,,2026-02-17T09:00:00Z,2026-02-18T12:00:00Z
QC-00073-VIABILITY,BAT-00073,VIABILITY,PASS,83.2,%,2026-02-17T10:00:00Z,2026-02-19T10:00:00Z
QC-00073-PURITY,BAT-00073,PURITY,PASS,CONFORMING,,2026-02-17T22:00:00Z,2026-02-19T06:00:00Z
QC-00073-SAFETY,BAT-00073,SAFETY,PASS,CONFORMING,,2026-02-17T15:00:00Z,2026-02-20T00:00:00Z
QC-00074-IDENTITY,BAT-00074,IDENTITY,PASS,CONFORMING,,2026-02-19T00:00:00Z,2026-02-20T06:00:00Z
QC-00074-POTENCY,BAT-00074,POTENCY,OOS,40.2,AU,2026-02-18T21:00:00Z,2026-02-19T11:00:00Z
QC-00074-STERILITY,BAT-00074,STERILITY,PENDING,PENDING,,2026-02-18T20:00:00Z,2026-02-20T01:00:00Z
QC-00074-VIABILITY,BAT-00074,VIABILITY,PASS,90.0,%,2026-02-18T17:00:00Z,2026-02-21T03:00:00Z
QC-00074-PURITY,BAT-00074,PURITY,OOT,BORDERLINE,,2026-02-18T04:00:00Z,2026-02-20T16:00:00Z
QC-00074-SAFETY,BAT-00074,SAFETY,PASS,CONFORMING,,2026-02-18T19:00:00Z,2026-02-20T10:00:00Z
QC-00075-IDENTITY,BAT-00075,IDENTITY,PASS,CONFORMING,,2026-02-17T18:00:00Z,2026-02-19T01:00:00Z
QC-00075-POTENCY,BAT-00075,POTENCY,PASS,54.9,AU,2026-02-17T10:00:00Z,2026-02-19T12:00:00Z
QC-00075-STERILITY,BAT-00075,STERILITY,PASS,NO_GROWTH,,2026-02-17T01:00:00Z,2026-02-19T12:00:00Z
QC-00075-VIABILITY,BAT-00075,VIABILITY,PASS,92.3,%,2026-02-17T09:00:00Z,2026-02-18T09:00:00Z
QC-00075-PURITY,BAT-00075,PURITY,PASS,CONFORMING,,2026-02-17T05:00:00Z,2026-02-19T01:00:00Z
QC-00075-SAFETY,BAT-00075,SAFETY,PASS,CONFORMING,,2026-02-17T12:00:00Z,2026-02-18T01:00:00Z
QC-00076-IDENTITY,BAT-00076,IDENTITY,PASS,CONFORMING,,2026-02-14T10:00:00Z,2026-02-15T19:00:00Z
QC-00076-POTENCY,BAT-00076,POTENCY,PASS,97.2,AU,2026-02-13T15:00:00Z,2026-02-14T21:00:00Z
QC-00076-STERILITY,BAT-00076,STERILITY,PASS,NO_GROWTH,,2026-02-13T15:00:00Z,2026-02-16T04:00:00Z
QC-00076-VIABILITY,BAT-00076,VIABILITY,PASS,88.5,%,2026-02-14T04:00:00Z,2026-02-15T21:00:00Z
QC-00076-PURITY,BAT-00076,PURITY,PASS,CONFORMING,,2026-02-13T13:00:00Z,2026-02-14T14:00:00Z
QC-00076-SAFETY,BAT-00076,SAFETY,OOT,BORDERLINE,,2026-02-14T00:00:00Z,2026-02-14T18:00:00Z
QC-00077-IDENTITY,BAT-00077,IDENTITY,PASS,CONFORMING,,2026-02-25T09:00:00Z,2026-02-25T17:00:00Z
QC-00077-POTENCY,BAT-00077,POTENCY,PASS,76.7,AU,2026-02-24T16:00:00Z,2026-02-27T01:00:00Z
QC-00077-STERILITY,BAT-00077,STERILITY,PENDING,PENDING,,2026-02-25T05:00:00Z,2026-02-26T21:00:00Z
QC-00077-VIABILITY,BAT-00077,VIABILITY,PASS,80.9,%,2026-02-25T05:00:00Z,2026-02-27T02:00:00Z
QC-00077-PURITY,BAT-00077,PURITY,PASS,CONFORMING,,2026-02-24T21:00:00Z,2026-02-26T00:00:00Z
QC-00077-SAFETY,BAT-00077,SAFETY,PASS,CONFORMING,,2026-02-24T19:00:00Z,2026-02-26T07:00:00Z
QC-00078-IDENTITY,BAT-00078,IDENTITY,PASS,CONFORMING,,2026-02-12T11:00:00Z,2026-02-14T08:00:00Z
QC-00078-POTENCY,BAT-00078,POTENCY,PASS,94.1,AU,2026-02-13T00:00:00Z,2026-02-14T15:00:00Z
QC-00078-STERILITY,BAT-00078,STERILITY,PASS,NO_GROWTH,,2026-02-12T23:00:00Z,2026-02-14T06:00:00Z
QC-00078-VIABILITY,BAT-00078,VIABILITY,PASS,84.0,%,2026-02-13T02:00:00Z,2026-02-15T00:00:00Z
QC-00078-PURITY,BAT-00078,PURITY,PASS,CONFORMING,,2026-02-12T20:00:00Z,2026-02-14T20:00:00Z
QC-00078-SAFETY,BAT-00078,SAFETY,OOT,BORDERLINE,,2026-02-12T16:00:00Z,2026-02-13T23:00:00Z
QC-00079-IDENTITY,BAT-00079,IDENTITY,PASS,CONFORMING,,2026-02-16T19:00:00Z,2026-02-19T03:00:00Z
QC-00079-POTENCY,BAT-00079,POTENCY,OOS,43.2,AU,2026-02-16T15:00:00Z,2026-02-18T08:00:00Z
QC-00079-STERILITY,BAT-00079,STERILITY,PASS,NO_GROWTH,,2026-02-16T11:00:00Z,2026-02-18T09:00:00Z
QC-00079-VIABILITY,BAT-00079,VIABILITY,PASS,92.3,%,2026-02-17T01:00:00Z,2026-02-19T04:00:00Z
QC-00079-PURITY,BAT-00079,PURITY,OOT,BORDERLINE,,2026-02-16T11:00:00Z,2026-02-18T07:00:00Z
QC-00079-SAFETY,BAT-00079,SAFETY,PASS,CONFORMING,,2026-02-16T11:00:00Z,2026-02-17T20:00:00Z
QC-00080-IDENTITY,BAT-00080,IDENTITY,PASS,CONFORMING,,2026-02-17T16:00:00Z,2026-02-20T11:00:00Z
QC-00080-POTENCY,BAT-00080,POTENCY,PASS,81.5,AU,2026-02-17T17:00:00Z,2026-02-20T07:00:00Z
QC-00080-STERILITY,BAT-00080,STERILITY,PASS,NO_GROWTH,,2026-02-17T15:00:00Z,2026-02-18T15:00:00Z
QC-00080-VIABILITY,BAT-00080,VIABILITY,PASS,85.2,%,2026-02-18T02:00:00Z,2026-02-18T20:00:00Z
QC-00080-PURITY,BAT-00080,PURITY,OOT,BORDERLINE,,2026-02-17T19:00:00Z,2026-02-19T21:00:00Z
QC-00080-SAFETY,BAT-00080,SAFETY,OOT,BORDERLINE,,2026-02-17T23:00:00Z,2026-02-19T13:00:00Z
QC-00081-IDENTITY,BAT-00081,IDENTITY,PASS,CONFORMING,,2026-02-21T08:00:00Z,2026-02-23T04:00:00Z
QC-00081-POTENCY,BAT-00081,POTENCY,PASS,108.7,AU,2026-02-21T00:00:00Z,2026-02-22T21:00:00Z
QC-00081-STERILITY,BAT-00081,STERILITY,PENDING,PENDING,,2026-02-21T07:00:00Z,2026-02-22T18:00:00Z
QC-00081-VIABILITY,BAT-00081,VIABILITY,PASS,85.8,%,2026-02-21T11:00:00Z,2026-02-22T04:00:00Z
QC-00081-PURITY,BAT-00081,PURITY,PASS,CONFORMING,,2026-02-21T08:00:00Z,2026-02-23T11:00:00Z
QC-00081-SAFETY,BAT-00081,SAFETY,PASS,CONFORMING,,2026-02-21T06:00:00Z,2026-02-23T08:00:00Z
QC-00082-IDENTITY,BAT-00082,IDENTITY,PASS,CONFORMING,,2026-02-27T08:00:00Z,2026-02-28T19:00:00Z
QC-00082-POTENCY,BAT-00082,POTENCY,PASS,67.6,AU,2026-02-27T05:00:00Z,2026-03-01T10:00:00Z
QC-00082-STERILITY,BAT-00082,STERILITY,PASS,NO_GROWTH,,2026-02-27T02:00:00Z,2026-02-28T02:00:00Z
QC-00082-VIABILITY,BAT-00082,VIABILITY,PASS,86.9,%,2026-02-26T17:00:00Z,2026-02-27T19:00:00Z
QC-00082-PURITY,BAT-00082,PURITY,OOT,BORDERLINE,,2026-02-27T11:00:00Z,2026-02-27T19:00:00Z
QC-00082-SAFETY,BAT-00082,SAFETY,OOT,BORDERLINE,,2026-02-26T17:00:00Z,2026-03-01T01:00:00Z
QC-00083-IDENTITY,BAT-00083,IDENTITY,PASS,CONFORMING,,2026-02-20T05:00:00Z,2026-02-21T13:00:00Z
QC-00083-POTENCY,BAT-00083,POTENCY,OOS,48.0,AU,2026-02-19T23:00:00Z,2026-02-22T13:00:00Z
QC-00083-STERILITY,BAT-00083,STERILITY,PASS,NO_GROWTH,,2026-02-20T19:00:00Z,2026-02-22T03:00:00Z
QC-00083-VIABILITY,BAT-00083,VIABILITY,PASS,72.1,%,2026-02-20T02:00:00Z,2026-02-20T23:00:00Z
QC-00083-PURITY,BAT-00083,PURITY,PASS,CONFORMING,,2026-02-20T00:00:00Z,2026-02-21T11:00:00Z
QC-00083-SAFETY,BAT-00083,SAFETY,PASS,CONFORMING,,2026-02-20T12:00:00Z,2026-02-22T13:00:00Z
QC-00084-IDENTITY,BAT-00084,IDENTITY,OOT,BORDERLINE,,2026-02-21T12:00:00Z,2026-02-23T04:00:00Z
QC-00084-POTENCY,BAT-00084,POTENCY,PASS,116.0,AU,2026-02-21T03:00:00Z,2026-02-22T11:00:00Z
QC-00084-STERILITY,BAT-00084,STERILITY,PENDING,PENDING,,2026-02-21T18:00:00Z,2026-02-22T14:00:00Z
QC-00084-VIABILITY,BAT-00084,VIABILITY,PASS,95.4,%,2026-02-21T20:00:00Z,2026-02-23T20:00:00Z
QC-00084-PURITY,BAT-00084,PURITY,OOT,BORDERLINE,,2026-02-21T07:00:00Z,2026-02-22T00:00:00Z
QC-00084-SAFETY,BAT-00084,SAFETY,OOT,BORDERLINE,,2026-02-21T08:00:00Z,2026-02-23T19:00:00Z
QC-00085-IDENTITY,BAT-00085,IDENTITY,PASS,CONFORMING,,2026-02-17T09:00:00Z,2026-02-18T20:00:00Z
QC-00085-POTENCY,BAT-00085,POTENCY,PASS,95.8,AU,2026-02-17T02:00:00Z,2026-02-18T22:00:00Z
QC-00085-STERILITY,BAT-00085,STERILITY,PASS,NO_GROWTH,,2026-02-16T21:00:00Z,2026-02-18T04:00:00Z
QC-00085-VIABILITY,BAT-00085,VIABILITY,PASS,70.3,%,2026-02-17T04:00:00Z,2026-02-17T21:00:00Z
QC-00085-PURITY,BAT-00085,PURITY,PASS,CONFORMING,,2026-02-16T20:00:00Z,2026-02-17T23:00:00Z
QC-00085-SAFETY,BAT-00085,SAFETY,PASS,CONFORMING,,2026-02-17T06:00:00Z,2026-02-18T19:00:00Z
QC-00086-IDENTITY,BAT-00086,IDENTITY,PASS,CONFORMING,,2026-02-21T08:00:00Z,2026-02-23T03:00:00Z
QC-00086-POTENCY,BAT-00086,POTENCY,PASS,57.7,AU,2026-02-21T17:00:00Z,2026-02-23T11:00:00Z
QC-00086-STERILITY,BAT-00086,STERILITY,PASS,NO_GROWTH,,2026-02-22T03:00:00Z,2026-02-23T18:00:00Z
QC-00086-VIABILITY,BAT-00086,VIABILITY,PASS,92.4,%,2026-02-22T06:00:00Z,2026-02-23T12:00:00Z
QC-00086-PURITY,BAT-00086,PURITY,PASS,CONFORMING,,2026-02-21T09:00:00Z,2026-02-22T11:00:00Z
QC-00086-SAFETY,BAT-00086,SAFETY,OOT,BORDERLINE,,2026-02-22T02:00:00Z,2026-02-23T10:00:00Z
QC-00087-IDENTITY,BAT-00087,IDENTITY,PASS,CONFORMING,,2026-02-19T17:00:00Z,2026-02-22T03:00:00Z
QC-00087-POTENCY,BAT-00087,POTENCY,OOS,49.3,AU,2026-02-19T18:00:00Z,2026-02-21T16:00:00Z
QC-00087-STERILITY,BAT-00087,STERILITY,PASS,NO_GROWTH,,2026-02-20T00:00:00Z,2026-02-21T14:00:00Z
QC-00087-VIABILITY,BAT-00087,VIABILITY,PASS,82.9,%,2026-02-20T04:00:00Z,2026-02-21T16:00:00Z
QC-00087-PURITY,BAT-00087,PURITY,PASS,CONFORMING,,2026-02-19T23:00:00Z,2026-02-21T15:00:00Z
QC-00087-SAFETY,BAT-00087,SAFETY,PASS,CONFORMING,,2026-02-19T09:00:00Z,2026-02-21T20:00:00Z
QC-00088-IDENTITY,BAT-00088,IDENTITY,OOT,BORDERLINE,,2026-02-21T16:00:00Z,2026-02-23T15:00:00Z
QC-00088-POTENCY,BAT-00088,POTENCY,PASS,84.1,AU,2026-02-21T08:00:00Z,2026-02-22T23:00:00Z
QC-00088-STERILITY,BAT-00088,STERILITY,PASS,NO_GROWTH,,2026-02-22T01:00:00Z,2026-02-24T02:00:00Z
QC-00088-VIABILITY,BAT-00088,VIABILITY,PASS,84.7,%,2026-02-22T01:00:00Z,2026-02-23T08:00:00Z
QC-00088-PURITY,BAT-00088,PURITY,PASS,CONFORMING,,2026-02-21T07:00:00Z,2026-02-23T13:00:00Z
QC-00088-SAFETY,BAT-00088,SAFETY,PASS,CONFORMING,,2026-02-21T18:00:00Z,2026-02-23T16:00:00Z
QC-00089-IDENTITY,BAT-00089,IDENTITY,PASS,CONFORMING,,2026-02-20T15:00:00Z,2026-02-22T22:00:00Z
QC-00089-POTENCY,BAT-00089,POTENCY,PASS,109.3,AU,2026-02-20T11:00:00Z,2026-02-22T10:00:00Z
QC-00089-STERILITY,BAT-00089,STERILITY,PASS,NO_GROWTH,,2026-02-20T16:00:00Z,2026-02-21T16:00:00Z
QC-00089-VIABILITY,BAT-00089,VIABILITY,OOS,68.2,%,2026-02-20T20:00:00Z,2026-02-22T11:00:00Z
QC-00089-PURITY,BAT-00089,PURITY,PASS,CONFORMING,,2026-02-20T17:00:00Z,2026-02-22T21:00:00Z
QC-00089-SAFETY,BAT-00089,SAFETY,PASS,CONFORMING,,2026-02-20T12:00:00Z,2026-02-22T12:00:00Z
QC-00090-IDENTITY,BAT-00090,IDENTITY,PASS,CONFORMING,,2026-02-26T11:00:00Z,2026-02-26T19:00:00Z
QC-00090-POTENCY,BAT-00090,POTENCY,PASS,97.9,AU,2026-02-25T18:00:00Z,2026-02-27T18:00:00Z
QC-00090-STERILITY,BAT-00090,STERILITY,PASS,NO_GROWTH,,2026-02-26T00:00:00Z,2026-02-28T00:00:00Z
QC-00090-VIABILITY,BAT-00090,VIABILITY,PASS,83.1,%,2026-02-26T07:00:00Z,2026-02-27T11:00:00Z
QC-00090-PURITY,BAT-00090,PURITY,PASS,CONFORMING,,2026-02-26T13:00:00Z,2026-02-28T12:00:00Z
QC-00090-SAFETY,BAT-00090,SAFETY,PASS,CONFORMING,,2026-02-26T06:00:00Z,2026-02-26T16:00:00Z
QC-00091-IDENTITY,BAT-00091,IDENTITY,PASS,CONFORMING,,2026-02-24T14:00:00Z,2026-02-26T19:00:00Z
QC-00091-POTENCY,BAT-00091,POTENCY,PASS,93.1,AU,2026-02-24T12:00:00Z,2026-02-25T12:00:00Z
QC-00091-STERILITY,BAT-00091,STERILITY,PASS,NO_GROWTH,,2026-02-24T12:00:00Z,2026-02-25T10:00:00Z
QC-00091-VIABILITY,BAT-00091,VIABILITY,PASS,74.5,%,2026-02-25T02:00:00Z,2026-02-26T12:00:00Z
QC-00091-PURITY,BAT-00091,PURITY,OOT,BORDERLINE,,2026-02-25T03:00:00Z,2026-02-26T12:00:00Z
QC-00091-SAFETY,BAT-00091,SAFETY,PASS,CONFORMING,,2026-02-24T11:00:00Z,2026-02-25T08:00:00Z
QC-00092-IDENTITY,BAT-00092,IDENTITY,PASS,CONFORMING,,2026-02-25T02:00:00Z,2026-02-27T20:00:00Z
QC-00092-POTENCY,BAT-00092,POTENCY,PASS,58.2,AU,2026-02-25T19:00:00Z,2026-02-26T04:00:00Z
QC-00092-STERILITY,BAT-00092,STERILITY,PASS,NO_GROWTH,,2026-02-25T18:00:00Z,2026-02-27T11:00:00Z
QC-00092-VIABILITY,BAT-00092,VIABILITY,PASS,89.5,%,2026-02-25T23:00:00Z,2026-02-26T22:00:00Z
QC-00092-PURITY,BAT-00092,PURITY,OOT,BORDERLINE,,2026-02-25T12:00:00Z,2026-02-28T01:00:00Z
QC-00092-SAFETY,BAT-00092,SAFETY,PASS,CONFORMING,,2026-02-25T06:00:00Z,2026-02-26T06:00:00Z
QC-00093-IDENTITY,BAT-00093,IDENTITY,OOT,BORDERLINE,,2026-02-20T17:00:00Z,2026-02-21T21:00:00Z
QC-00093-POTENCY,BAT-00093,POTENCY,PASS,50.8,AU,2026-02-20T13:00:00Z,2026-02-21T22:00:00Z
QC-00093-STERILITY,BAT-00093,STERILITY,PASS,NO_GROWTH,,2026-02-21T06:00:00Z,2026-02-22T05:00:00Z
QC-00093-VIABILITY,BAT-00093,VIABILITY,PASS,88.1,%,2026-02-20T21:00:00Z,2026-02-22T08:00:00Z
QC-00093-PURITY,BAT-00093,PURITY,PASS,CONFORMING,,2026-02-20T22:00:00Z,2026-02-22T03:00:00Z
QC-00093-SAFETY,BAT-00093,SAFETY,PASS,CONFORMING,,2026-02-21T09:00:00Z,2026-02-23T09:00:00Z
QC-00094-IDENTITY,BAT-00094,IDENTITY,PASS,CONFORMING,,2026-02-20T19:00:00Z,2026-02-22T20:00:00Z
QC-00094-POTENCY,BAT-00094,POTENCY,PASS,89.1,AU,2026-02-20T17:00:00Z,2026-02-22T19:00:00Z
QC-00094-STERILITY,BAT-00094,STERILITY,PASS,NO_GROWTH,,2026-02-21T09:00:00Z,2026-02-21T18:00:00Z
QC-00094-VIABILITY,BAT-00094,VIABILITY,PASS,87.6,%,2026-02-21T01:00:00Z,2026-02-22T23:00:00Z
QC-00094-PURITY,BAT-00094,PURITY,PASS,CONFORMING,,2026-02-21T00:00:00Z,2026-02-21T18:00:00Z
QC-00094-SAFETY,BAT-00094,SAFETY,OOT,BORDERLINE,,2026-02-21T09:00:00Z,2026-02-22T02:00:00Z
QC-00095-IDENTITY,BAT-00095,IDENTITY,PASS,CONFORMING,,2026-02-19T16:00:00Z,2026-02-20T15:00:00Z
QC-00095-POTENCY,BAT-00095,POTENCY,PASS,114.3,AU,2026-02-19T17:00:00Z,2026-02-22T10:00:00Z
QC-00095-STERILITY,BAT-00095,STERILITY,PASS,NO_GROWTH,,2026-02-20T04:00:00Z,2026-02-22T08:00:00Z
QC-00095-VIABILITY,BAT-00095,VIABILITY,OOS,68.2,%,2026-02-19T11:00:00Z,2026-02-20T21:00:00Z
QC-00095-PURITY,BAT-00095,PURITY,PASS,CONFORMING,,2026-02-19T16:00:00Z,2026-02-21T19:00:00Z
QC-00095-SAFETY,BAT-00095,SAFETY,PASS,CONFORMING,,2026-02-19T13:00:00Z,2026-02-22T06:00:00Z
QC-00096-IDENTITY,BAT-00096,IDENTITY,OOT,BORDERLINE,,2026-02-20T06:00:00Z,2026-02-21T00:00:00Z
QC-00096-POTENCY,BAT-00096,POTENCY,PASS,78.2,AU,2026-02-19T12:00:00Z,2026-02-21T21:00:00Z
QC-00096-STERILITY,BAT-00096,STERILITY,PASS,NO_GROWTH,,2026-02-19T12:00:00Z,2026-02-21T10:00:00Z
QC-00096-VIABILITY,BAT-00096,VIABILITY,OOS,65.1,%,2026-02-20T00:00:00Z,2026-02-20T21:00:00Z
QC-00096-PURITY,BAT-00096,PURITY,OOT,BORDERLINE,,2026-02-20T09:00:00Z,2026-02-22T08:00:00Z
QC-00096-SAFETY,BAT-00096,SAFETY,PASS,CONFORMING,,2026-02-19T11:00:00Z,2026-02-22T00:00:00Z
QC-00097-IDENTITY,BAT-00097,IDENTITY,PASS,CONFORMING,,2026-02-19T16:00:00Z,2026-02-21T02:00:00Z
QC-00097-POTENCY,BAT-00097,POTENCY,PASS,103.1,AU,2026-02-19T22:00:00Z,2026-02-21T02:00:00Z
QC-00097-STERILITY,BAT-00097,STERILITY,PASS,NO_GROWTH,,2026-02-19T11:00:00Z,2026-02-20T17:00:00Z
QC-00097-VIABILITY,BAT-00097,VIABILITY,PASS,70.3,%,2026-02-19T10:00:00Z,2026-02-21T00:00:00Z
QC-00097-PURITY,BAT-00097,PURITY,OOT,BORDERLINE,,2026-02-20T02:00:00Z,2026-02-21T12:00:00Z
QC-00097-SAFETY,BAT-00097,SAFETY,PASS,CONFORMING,,2026-02-19T21:00:00Z,2026-02-20T18:00:00Z
QC-00098-IDENTITY,BAT-00098,IDENTITY,PASS,CONFORMING,,2026-02-23T02:00:00Z,2026-02-24T18:00:00Z
QC-00098-POTENCY,BAT-00098,POTENCY,PASS,51.3,AU,2026-02-23T00:00:00Z,2026-02-25T09:00:00Z
QC-00098-STERILITY,BAT-00098,STERILITY,PENDING,PENDING,,2026-02-23T08:00:00Z,2026-02-24T06:00:00Z
QC-00098-VIABILITY,BAT-00098,VIABILITY,OOS,69.1,%,2026-02-23T07:00:00Z,2026-02-25T10:00:00Z
QC-00098-PURITY,BAT-00098,PURITY,PASS,CONFORMING,,2026-02-23T01:00:00Z,2026-02-25T18:00:00Z
QC-00098-SAFETY,BAT-00098,SAFETY,PASS,CONFORMING,,2026-02-23T13:00:00Z,2026-02-25T14:00:00Z
QC-00099-IDENTITY,BAT-00099,IDENTITY,PASS,CONFORMING,,2026-02-19T15:00:00Z,2026-02-22T02:00:00Z
QC-00099-POTENCY,BAT-00099,POTENCY,OOS,41.7,AU,2026-02-19T22:00:00Z,2026-02-21T11:00:00Z
QC-00099-STERILITY,BAT-00099,STERILITY,PASS,NO_GROWTH,,2026-02-20T02:00:00Z,2026-02-21T20:00:00Z
QC-00099-VIABILITY,BAT-00099,VIABILITY,OOS,65.4,%,2026-02-19T14:00:00Z,2026-02-21T09:00:00Z
QC-00099-PURITY,BAT-00099,PURITY,PASS,CONFORMING,,2026-02-19T07:00:00Z,2026-02-20T21:00:00Z
QC-00099-SAFETY,BAT-00099,SAFETY,PASS,CONFORMING,,2026-02-19T21:00:00Z,2026-02-22T00:00:00Z
QC-00100-IDENTITY,BAT-00100,IDENTITY,PASS,CONFORMING,,2026-02-23T04:00:00Z,2026-02-24T19:00:00Z
QC-00100-POTENCY,BAT-00100,POTENCY,OOS,42.0,AU,2026-02-23T09:00:00Z,2026-02-24T20:00:00Z
QC-00100-STERILITY,BAT-00100,STERILITY,PASS,NO_GROWTH,,2026-02-23T08:00:00Z,2026-02-23T22:00:00Z
QC-00100-VIABILITY,BAT-00100,VIABILITY,PASS,93.9,%,2026-02-22T23:00:00Z,2026-02-24T12:00:00Z
QC-00100-PURITY,BAT-00100,PURITY,PASS,CONFORMING,,2026-02-23T13:00:00Z,2026-02-25T10:00:00Z
QC-00100-SAFETY,BAT-00100,SAFETY,OOT,BORDERLINE,,2026-02-22T19:00:00Z,2026-02-24T11:00:00Z
QC-00101-IDENTITY,BAT-00101,IDENTITY,PASS,CONFORMING,,2026-02-26T16:00:00Z,2026-03-01T00:00:00Z
QC-00101-POTENCY,BAT-00101,POTENCY,PASS,80.0,AU,2026-02-26T16:00:00Z,2026-03-01T04:00:00Z
QC-00101-STERILITY,BAT-00101,STERILITY,PASS,NO_GROWTH,,2026-02-27T13:00:00Z,2026-03-01T11:00:00Z
QC-00101-VIABILITY,BAT-00101,VIABILITY,PASS,75.1,%,2026-02-27T08:00:00Z,2026-03-01T14:00:00Z
QC-00101-PURITY,BAT-00101,PURITY,PASS,CONFORMING,,2026-02-27T08:00:00Z,2026-03-01T08:00:00Z
QC-00101-SAFETY,BAT-00101,SAFETY,PASS,CONFORMING,,2026-02-27T07:00:00Z,2026-03-01T02:00:00Z
QC-00102-IDENTITY,BAT-00102,IDENTITY,OOT,BORDERLINE,,2026-02-24T19:00:00Z,2026-02-27T12:00:00Z
QC-00102-POTENCY,BAT-00102,POTENCY,OOS,40.2,AU,2026-02-25T10:00:00Z,2026-02-26T00:00:00Z
QC-00102-STERILITY,BAT-00102,STERILITY,PENDING,PENDING,,2026-02-24T15:00:00Z,2026-02-27T05:00:00Z
QC-00102-VIABILITY,BAT-00102,VIABILITY,PASS,70.2,%,2026-02-25T05:00:00Z,2026-02-26T21:00:00Z
QC-00102-PURITY,BAT-00102,PURITY,PASS,CONFORMING,,2026-02-25T11:00:00Z,2026-02-25T21:00:00Z
QC-00102-SAFETY,BAT-00102,SAFETY,PASS,CONFORMING,,2026-02-25T08:00:00Z,2026-02-25T17:00:00Z
QC-00103-IDENTITY,BAT-00103,IDENTITY,PASS,CONFORMING,,2026-02-21T00:00:00Z,2026-02-22T23:00:00Z
QC-00103-POTENCY,BAT-00103,POTENCY,PASS,63.2,AU,2026-02-20T20:00:00Z,2026-02-22T06:00:00Z
QC-00103-STERILITY,BAT-00103,STERILITY,PASS,NO_GROWTH,,2026-02-21T09:00:00Z,2026-02-23T00:00:00Z
QC-00103-VIABILITY,BAT-00103,VIABILITY,PASS,86.9,%,2026-02-21T18:00:00Z,2026-02-23T08:00:00Z
QC-00103-PURITY,BAT-00103,PURITY,PASS,CONFORMING,,2026-02-21T10:00:00Z,2026-02-21T22:00:00Z
QC-00103-SAFETY,BAT-00103,SAFETY,PASS,CONFORMING,,2026-02-21T06:00:00Z,2026-02-22T23:00:00Z
QC-00104-IDENTITY,BAT-00104,IDENTITY,PASS,CONFORMING,,2026-02-17T13:00:00Z,2026-02-19T14:00:00Z
QC-00104-POTENCY,BAT-00104,POTENCY,PASS,114.5,AU,2026-02-17T22:00:00Z,2026-02-18T09:00:00Z
QC-00104-STERILITY,BAT-00104,STERILITY,PASS,NO_GROWTH,,2026-02-17T19:00:00Z,2026-02-18T20:00:00Z
QC-00104-VIABILITY,BAT-00104,VIABILITY,PASS,80.4,%,2026-02-17T13:00:00Z,2026-02-18T17:00:00Z
QC-00104-PURITY,BAT-00104,PURITY,OOT,BORDERLINE,,2026-02-17T19:00:00Z,2026-02-18T16:00:00Z
QC-00104-SAFETY,BAT-00104,SAFETY,PASS,CONFORMING,,2026-02-18T01:00:00Z,2026-02-18T23:00:00Z
QC-00105-IDENTITY,BAT-00105,IDENTITY,OOT,BORDERLINE,,2026-02-25T03:00:00Z,2026-02-26T08:00:00Z
QC-00105-POTENCY,BAT-00105,POTENCY,OOS,41.2,AU,2026-02-25T11:00:00Z,2026-02-26T23:00:00Z
QC-00105-STERILITY,BAT-00105,STERILITY,PASS,NO_GROWTH,,2026-02-25T06:00:00Z,2026-02-25T23:00:00Z
QC-00105-VIABILITY,BAT-00105,VIABILITY,OOS,68.9,%,2026-02-24T23:00:00Z,2026-02-27T15:00:00Z
QC-00105-PURITY,BAT-00105,PURITY,PASS,CONFORMING,,2026-02-25T14:00:00Z,2026-02-27T14:00:00Z
QC-00105-SAFETY,BAT-00105,SAFETY,PASS,CONFORMING,,2026-02-25T11:00:00Z,2026-02-27T14:00:00Z
QC-00106-IDENTITY,BAT-00106,IDENTITY,PASS,CONFORMING,,2026-02-26T09:00:00Z,2026-02-27T11:00:00Z
QC-00106-POTENCY,BAT-00106,POTENCY,PASS,59.5,AU,2026-02-26T11:00:00Z,2026-02-27T20:00:00Z
QC-00106-STERILITY,BAT-00106,STERILITY,PENDING,PENDING,,2026-02-26T23:00:00Z,2026-02-28T02:00:00Z
QC-00106-VIABILITY,BAT-00106,VIABILITY,PASS,87.1,%,2026-02-26T06:00:00Z,2026-02-27T21:00:00Z
QC-00106-PURITY,BAT-00106,PURITY,PASS,CONFORMING,,2026-02-26T19:00:00Z,2026-02-27T05:00:00Z
QC-00106-SAFETY,BAT-00106,SAFETY,PASS,CONFORMING,,2026-02-26T08:00:00Z,2026-02-28T13:00:00Z
QC-00107-IDENTITY,BAT-00107,IDENTITY,PASS,CONFORMING,,2026-02-28T12:00:00Z,2026-03-01T07:00:00Z
QC-00107-POTENCY,BAT-00107,POTENCY,PASS,94.1,AU,2026-03-01T00:00:00Z,2026-03-01T23:00:00Z
QC-00107-STERILITY,BAT-00107,STERILITY,PASS,NO_GROWTH,,2026-02-28T12:00:00Z,2026-03-02T20:00:00Z
QC-00107-VIABILITY,BAT-00107,VIABILITY,PASS,84.9,%,2026-02-28T20:00:00Z,2026-03-02T12:00:00Z
QC-00107-PURITY,BAT-00107,PURITY,PASS,CONFORMING,,2026-02-28T11:00:00Z,2026-03-02T02:00:00Z
QC-00107-SAFETY,BAT-00107,SAFETY,PASS,CONFORMING,,2026-02-28T20:00:00Z,2026-03-01T23:00:00Z
QC-00108-IDENTITY,BAT-00108,IDENTITY,PASS,CONFORMING,,2026-03-01T18:00:00Z,2026-03-04T00:00:00Z
QC-00108-POTENCY,BAT-00108,POTENCY,PASS,52.1,AU,2026-03-01T10:00:00Z,2026-03-02T18:00:00Z
QC-00108-STERILITY,BAT-00108,STERILITY,PASS,NO_GROWTH,,2026-03-02T04:00:00Z,2026-03-03T14:00:00Z
QC-00108-VIABILITY,BAT-00108,VIABILITY,PASS,92.1,%,2026-03-01T13:00:00Z,2026-03-03T08:00:00Z
QC-00108-PURITY,BAT-00108,PURITY,PASS,CONFORMING,,2026-03-02T02:00:00Z,2026-03-03T05:00:00Z
QC-00108-SAFETY,BAT-00108,SAFETY,OOT,BORDERLINE,,2026-03-01T12:00:00Z,2026-03-03T06:00:00Z
QC-00109-IDENTITY,BAT-00109,IDENTITY,OOT,BORDERLINE,,2026-02-23T22:00:00Z,2026-02-25T06:00:00Z
QC-00109-POTENCY,BAT-00109,POTENCY,PASS,94.7,AU,2026-02-23T23:00:00Z,2026-02-26T10:00:00Z
QC-00109-STERILITY,BAT-00109,STERILITY,PENDING,PENDING,,2026-02-23T20:00:00Z,2026-02-25T13:00:00Z
QC-00109-VIABILITY,BAT-00109,VIABILITY,PASS,94.1,%,2026-02-24T10:00:00Z,2026-02-26T06:00:00Z
QC-00109-PURITY,BAT-00109,PURITY,PASS,CONFORMING,,2026-02-24T07:00:00Z,2026-02-25T14:00:00Z
QC-00109-SAFETY,BAT-00109,SAFETY,PASS,CONFORMING,,2026-02-24T10:00:00Z,2026-02-25T09:00:00Z
QC-00110-IDENTITY,BAT-00110,IDENTITY,PASS,CONFORMING,,2026-02-21T20:00:00Z,2026-02-22T08:00:00Z
QC-00110-POTENCY,BAT-00110,POTENCY,PASS,61.9,AU,2026-02-21T20:00:00Z,2026-02-23T19:00:00Z
QC-00110-STERILITY,BAT-00110,STERILITY,PASS,NO_GROWTH,,2026-02-21T03:00:00Z,2026-02-22T11:00:00Z
QC-00110-VIABILITY,BAT-00110,VIABILITY,PASS,77.1,%,2026-02-21T09:00:00Z,2026-02-23T03:00:00Z
QC-00110-PURITY,BAT-00110,PURITY,OOT,BORDERLINE,,2026-02-21T15:00:00Z,2026-02-22T10:00:00Z
QC-00110-SAFETY,BAT-00110,SAFETY,PASS,CONFORMING,,2026-02-21T19:00:00Z,2026-02-22T10:00:00Z
QC-00111-IDENTITY,BAT-00111,IDENTITY,OOT,BORDERLINE,,2026-02-22T10:00:00Z,2026-02-24T23:00:00Z
QC-00111-POTENCY,BAT-00111,POTENCY,PASS,93.9,AU,2026-02-22T10:00:00Z,2026-02-25T04:00:00Z
QC-00111-STERILITY,BAT-00111,STERILITY,PASS,NO_GROWTH,,2026-02-22T21:00:00Z,2026-02-23T18:00:00Z
QC-00111-VIABILITY,BAT-00111,VIABILITY,PASS,75.0,%,2026-02-22T20:00:00Z,2026-02-23T13:00:00Z
QC-00111-PURITY,BAT-00111,PURITY,PASS,CONFORMING,,2026-02-22T17:00:00Z,2026-02-23T12:00:00Z
QC-00111-SAFETY,BAT-00111,SAFETY,PASS,CONFORMING,,2026-02-22T12:00:00Z,2026-02-24T21:00:00Z
QC-00112-IDENTITY,BAT-00112,IDENTITY,PASS,CONFORMING,,2026-02-25T00:00:00Z,2026-02-26T10:00:00Z
QC-00112-POTENCY,BAT-00112,POTENCY,PASS,102.8,AU,2026-02-24T07:00:00Z,2026-02-25T19:00:00Z
QC-00112-STERILITY,BAT-00112,STERILITY,PASS,NO_GROWTH,,2026-02-24T18:00:00Z,2026-02-26T22:00:00Z
QC-00112-VIABILITY,BAT-00112,VIABILITY,PASS,95.9,%,2026-02-24T22:00:00Z,2026-02-25T09:00:00Z
QC-00112-PURITY,BAT-00112,PURITY,PASS,CONFORMING,,2026-02-24T15:00:00Z,2026-02-25T13:00:00Z
QC-00112-SAFETY,BAT-00112,SAFETY,PASS,CONFORMING,,2026-02-24T18:00:00Z,2026-02-26T17:00:00Z
QC-00113-IDENTITY,BAT-00113,IDENTITY,OOT,BORDERLINE,,2026-02-20T21:00:00Z,2026-02-22T08:00:00Z
QC-00113-POTENCY,BAT-00113,POTENCY,PASS,51.3,AU,2026-02-21T07:00:00Z,2026-02-23T07:00:00Z
QC-00113-STERILITY,BAT-00113,STERILITY,PASS,NO_GROWTH,,2026-02-20T18:00:00Z,2026-02-22T11:00:00Z
QC-00113-VIABILITY,BAT-00113,VIABILITY,PASS,95.4,%,2026-02-21T01:00:00Z,2026-02-22T10:00:00Z
QC-00113-PURITY,BAT-00113,PURITY,PASS,CONFORMING,,2026-02-21T17:00:00Z,2026-02-22T16:00:00Z
QC-00113-SAFETY,BAT-00113,SAFETY,PASS,CONFORMING,,2026-02-21T15:00:00Z,2026-02-21T20:00:00Z
QC-00114-IDENTITY,BAT-00114,IDENTITY,OOT,BORDERLINE,,2026-02-27T12:00:00Z,2026-02-28T18:00:00Z
QC-00114-POTENCY,BAT-00114,POTENCY,PASS,109.7,AU,2026-02-27T19:00:00Z,2026-02-28T10:00:00Z
QC-00114-STERILITY,BAT-00114,STERILITY,PASS,NO_GROWTH,,2026-02-27T13:00:00Z,2026-03-01T00:00:00Z
QC-00114-VIABILITY,BAT-00114,VIABILITY,PASS,77.5,%,2026-02-27T20:00:00Z,2026-03-01T20:00:00Z
QC-00114-PURITY,BAT-00114,PURITY,PASS,CONFORMING,,2026-02-27T12:00:00Z,2026-03-01T20:00:00Z
QC-00114-SAFETY,BAT-00114,SAFETY,PASS,CONFORMING,,2026-02-27T14:00:00Z,2026-03-01T06:00:00Z
QC-00115-IDENTITY,BAT-00115,IDENTITY,OOT,BORDERLINE,,2026-02-25T05:00:00Z,2026-02-26T12:00:00Z
QC-00115-POTENCY,BAT-00115,POTENCY,PASS,89.7,AU,2026-02-25T02:00:00Z,2026-02-27T12:00:00Z
QC-00115-STERILITY,BAT-00115,STERILITY,PASS,NO_GROWTH,,2026-02-25T05:00:00Z,2026-02-27T03:00:00Z
QC-00115-VIABILITY,BAT-00115,VIABILITY,PASS,71.9,%,2026-02-25T10:00:00Z,2026-02-26T13:00:00Z
QC-00115-PURITY,BAT-00115,PURITY,OOT,BORDERLINE,,2026-02-25T04:00:00Z,2026-02-27T03:00:00Z
QC-00115-SAFETY,BAT-00115,SAFETY,PASS,CONFORMING,,2026-02-25T03:00:00Z,2026-02-27T11:00:00Z
QC-00116-IDENTITY,BAT-00116,IDENTITY,PASS,CONFORMING,,2026-03-01T14:00:00Z,2026-03-02T19:00:00Z
QC-00116-POTENCY,BAT-00116,POTENCY,PASS,97.7,AU,2026-03-01T11:00:00Z,2026-03-02T09:00:00Z
QC-00116-STERILITY,BAT-00116,STERILITY,PENDING,PENDING,,2026-03-01T22:00:00Z,2026-03-02T18:00:00Z
QC-00116-VIABILITY,BAT-00116,VIABILITY,OOS,65.1,%,2026-03-01T17:00:00Z,2026-03-03T20:00:00Z
QC-00116-PURITY,BAT-00116,PURITY,PASS,CONFORMING,,2026-03-01T17:00:00Z,2026-03-03T22:00:00Z
QC-00116-SAFETY,BAT-00116,SAFETY,OOT,BORDERLINE,,2026-03-01T19:00:00Z,2026-03-03T17:00:00Z
QC-00117-IDENTITY,BAT-00117,IDENTITY,PASS,CONFORMING,,2026-02-28T21:00:00Z,2026-03-03T03:00:00Z
QC-00117-POTENCY,BAT-00117,POTENCY,PASS,74.6,AU,2026-03-01T07:00:00Z,2026-03-03T00:00:00Z
QC-00117-STERILITY,BAT-00117,STERILITY,PASS,NO_GROWTH,,2026-03-01T17:00:00Z,2026-03-03T14:00:00Z
QC-00117-VIABILITY,BAT-00117,VIABILITY,PASS,87.5,%,2026-03-01T06:00:00Z,2026-03-03T07:00:00Z
QC-00117-PURITY,BAT-00117,PURITY,PASS,CONFORMING,,2026-03-01T10:00:00Z,2026-03-02T21:00:00Z
QC-00117-SAFETY,BAT-00117,SAFETY,PASS,CONFORMING,,2026-03-01T06:00:00Z,2026-03-03T14:00:00Z
QC-00118-IDENTITY,BAT-00118,IDENTITY,OOT,BORDERLINE,,2026-03-06T07:00:00Z,2026-03-08T19:00:00Z
QC-00118-POTENCY,BAT-00118,POTENCY,PASS,89.5,AU,2026-03-06T10:00:00Z,2026-03-08T05:00:00Z
QC-00118-STERILITY,BAT-00118,STERILITY,PASS,NO_GROWTH,,2026-03-06T02:00:00Z,2026-03-07T19:00:00Z
QC-00118-VIABILITY,BAT-00118,VIABILITY,OOS,66.7,%,2026-03-06T09:00:00Z,2026-03-08T05:00:00Z
QC-00118-PURITY,BAT-00118,PURITY,OOT,BORDERLINE,,2026-03-06T15:00:00Z,2026-03-07T10:00:00Z
QC-00118-SAFETY,BAT-00118,SAFETY,PASS,CONFORMING,,2026-03-06T03:00:00Z,2026-03-07T13:00:00Z
QC-00119-IDENTITY,BAT-00119,IDENTITY,PASS,CONFORMING,,2026-03-05T21:00:00Z,2026-03-06T14:00:00Z
QC-00119-POTENCY,BAT-00119,POTENCY,PASS,72.0,AU,2026-03-05T17:00:00Z,2026-03-07T22:00:00Z
QC-00119-STERILITY,BAT-00119,STERILITY,PENDING,PENDING,,2026-03-05T04:00:00Z,2026-03-06T09:00:00Z
QC-00119-VIABILITY,BAT-00119,VIABILITY,PASS,75.5,%,2026-03-05T06:00:00Z,2026-03-07T04:00:00Z
QC-00119-PURITY,BAT-00119,PURITY,PASS,CONFORMING,,2026-03-05T02:00:00Z,2026-03-07T01:00:00Z
QC-00119-SAFETY,BAT-00119,SAFETY,PASS,CONFORMING,,2026-03-05T06:00:00Z,2026-03-07T09:00:00Z
QC-00120-IDENTITY,BAT-00120,IDENTITY,OOT,BORDERLINE,,2026-03-03T05:00:00Z,2026-03-03T19:00:00Z
QC-00120-POTENCY,BAT-00120,POTENCY,PASS,107.6,AU,2026-03-02T13:00:00Z,2026-03-04T15:00:00Z
QC-00120-STERILITY,BAT-00120,STERILITY,PENDING,PENDING,,2026-03-02T21:00:00Z,2026-03-04T20:00:00Z
QC-00120-VIABILITY,BAT-00120,VIABILITY,PASS,86.5,%,2026-03-03T06:00:00Z,2026-03-05T00:00:00Z
QC-00120-PURITY,BAT-00120,PURITY,PASS,CONFORMING,,2026-03-03T00:00:00Z,2026-03-04T15:00:00Z
QC-00120-SAFETY,BAT-00120,SAFETY,OOT,BORDERLINE,,2026-03-02T15:00:00Z,2026-03-05T05:00:00Z
QC-00121-IDENTITY,BAT-00121,IDENTITY,OOT,BORDERLINE,,2026-03-08T14:00:00Z,2026-03-09T23:00:00Z
QC-00121-POTENCY,BAT-00121,POTENCY,PASS,78.2,AU,2026-03-09T02:00:00Z,2026-03-09T22:00:00Z
QC-00121-STERILITY,BAT-00121,STERILITY,PASS,NO_GROWTH,,2026-03-08T14:00:00Z,2026-03-11T04:00:00Z
QC-00121-VIABILITY,BAT-00121,VIABILITY,PASS,73.7,%,2026-03-09T06:00:00Z,2026-03-09T23:00:00Z
QC-00121-PURITY,BAT-00121,PURITY,PASS,CONFORMING,,2026-03-09T00:00:00Z,2026-03-09T21:00:00Z
QC-00121-SAFETY,BAT-00121,SAFETY,PASS,CONFORMING,,2026-03-08T21:00:00Z,2026-03-10T21:00:00Z
QC-00122-IDENTITY,BAT-00122,IDENTITY,PASS,CONFORMING,,2026-03-01T18:00:00Z,2026-03-03T15:00:00Z
QC-00122-POTENCY,BAT-00122,POTENCY,PASS,101.6,AU,2026-03-02T17:00:00Z,2026-03-04T04:00:00Z
QC-00122-STERILITY,BAT-00122,STERILITY,PASS,NO_GROWTH,,2026-03-02T12:00:00Z,2026-03-03T02:00:00Z
QC-00122-VIABILITY,BAT-00122,VIABILITY,PASS,87.0,%,2026-03-02T09:00:00Z,2026-03-03T11:00:00Z
QC-00122-PURITY,BAT-00122,PURITY,PASS,CONFORMING,,2026-03-02T09:00:00Z,2026-03-03T21:00:00Z
QC-00122-SAFETY,BAT-00122,SAFETY,PASS,CONFORMING,,2026-03-02T14:00:00Z,2026-03-02T23:00:00Z
QC-00123-IDENTITY,BAT-00123,IDENTITY,PASS,CONFORMING,,2026-03-06T08:00:00Z,2026-03-07T02:00:00Z
QC-00123-POTENCY,BAT-00123,POTENCY,PASS,73.4,AU,2026-03-06T09:00:00Z,2026-03-08T06:00:00Z
QC-00123-STERILITY,BAT-00123,STERILITY,PASS,NO_GROWTH,,2026-03-06T17:00:00Z,2026-03-07T00:00:00Z
QC-00123-VIABILITY,BAT-00123,VIABILITY,OOS,68.2,%,2026-03-05T19:00:00Z,2026-03-07T03:00:00Z
QC-00123-PURITY,BAT-00123,PURITY,OOT,BORDERLINE,,2026-03-06T07:00:00Z,2026-03-06T21:00:00Z
QC-00123-SAFETY,BAT-00123,SAFETY,PASS,CONFORMING,,2026-03-06T05:00:00Z,2026-03-08T06:00:00Z
QC-00124-IDENTITY,BAT-00124,IDENTITY,OOT,BORDERLINE,,2026-03-10T18:00:00Z,2026-03-11T07:00:00Z
QC-00124-POTENCY,BAT-00124,POTENCY,OOS,43.8,AU,2026-03-10T05:00:00Z,2026-03-12T19:00:00Z
QC-00124-STERILITY,BAT-00124,STERILITY,PASS,NO_GROWTH,,2026-03-10T17:00:00Z,2026-03-12T18:00:00Z
QC-00124-VIABILITY,BAT-00124,VIABILITY,PASS,92.7,%,2026-03-10T23:00:00Z,2026-03-12T23:00:00Z
QC-00124-PURITY,BAT-00124,PURITY,PASS,CONFORMING,,2026-03-10T13:00:00Z,2026-03-11T17:00:00Z
QC-00124-SAFETY,BAT-00124,SAFETY,OOT,BORDERLINE,,2026-03-10T21:00:00Z,2026-03-12T12:00:00Z
QC-00125-IDENTITY,BAT-00125,IDENTITY,PASS,CONFORMING,,2026-03-07T07:00:00Z,2026-03-08T17:00:00Z
QC-00125-POTENCY,BAT-00125,POTENCY,PASS,89.8,AU,2026-03-07T15:00:00Z,2026-03-09T16:00:00Z
QC-00125-STERILITY,BAT-00125,STERILITY,PENDING,PENDING,,2026-03-07T23:00:00Z,2026-03-08T11:00:00Z
QC-00125-VIABILITY,BAT-00125,VIABILITY,PASS,87.7,%,2026-03-07T22:00:00Z,2026-03-08T10:00:00Z
QC-00125-PURITY,BAT-00125,PURITY,PASS,CONFORMING,,2026-03-07T11:00:00Z,2026-03-08T14:00:00Z
QC-00125-SAFETY,BAT-00125,SAFETY,PASS,CONFORMING,,2026-03-07T21:00:00Z,2026-03-09T17:00:00Z
QC-00126-IDENTITY,BAT-00126,IDENTITY,PASS,CONFORMING,,2026-02-28T22:00:00Z,2026-03-02T17:00:00Z
QC-00126-POTENCY,BAT-00126,POTENCY,PASS,71.3,AU,2026-03-01T09:00:00Z,2026-03-03T01:00:00Z
QC-00126-STERILITY,BAT-00126,STERILITY,PASS,NO_GROWTH,,2026-02-28T23:00:00Z,2026-03-02T22:00:00Z
QC-00126-VIABILITY,BAT-00126,VIABILITY,PASS,78.4,%,2026-03-01T05:00:00Z,2026-03-02T06:00:00Z
QC-00126-PURITY,BAT-00126,PURITY,OOT,BORDERLINE,,2026-02-28T19:00:00Z,2026-03-03T01:00:00Z
QC-00126-SAFETY,BAT-00126,SAFETY,PASS,CONFORMING,,2026-03-01T14:00:00Z,2026-03-03T02:00:00Z
QC-00127-IDENTITY,BAT-00127,IDENTITY,PASS,CONFORMING,,2026-03-08T20:00:00Z,2026-03-09T17:00:00Z
QC-00127-POTENCY,BAT-00127,POTENCY,PASS,109.5,AU,2026-03-08T13:00:00Z,2026-03-10T15:00:00Z
QC-00127-STERILITY,BAT-00127,STERILITY,PASS,NO_GROWTH,,2026-03-08T10:00:00Z,2026-03-10T22:00:00Z
QC-00127-VIABILITY,BAT-00127,VIABILITY,OOS,66.8,%,2026-03-08T21:00:00Z,2026-03-10T03:00:00Z
QC-00127-PURITY,BAT-00127,PURITY,PASS,CONFORMING,,2026-03-09T03:00:00Z,2026-03-10T05:00:00Z
QC-00127-SAFETY,BAT-00127,SAFETY,OOT,BORDERLINE,,2026-03-08T14:00:00Z,2026-03-10T05:00:00Z
QC-00128-IDENTITY,BAT-00128,IDENTITY,OOT,BORDERLINE,,2026-02-27T01:00:00Z,2026-02-28T00:00:00Z
QC-00128-POTENCY,BAT-00128,POTENCY,PASS,90.6,AU,2026-02-27T06:00:00Z,2026-03-01T17:00:00Z
QC-00128-STERILITY,BAT-00128,STERILITY,PENDING,PENDING,,2026-02-27T02:00:00Z,2026-03-01T11:00:00Z
QC-00128-VIABILITY,BAT-00128,VIABILITY,PASS,87.0,%,2026-02-27T04:00:00Z,2026-03-01T14:00:00Z
QC-00128-PURITY,BAT-00128,PURITY,OOT,BORDERLINE,,2026-02-27T06:00:00Z,2026-03-01T05:00:00Z
QC-00128-SAFETY,BAT-00128,SAFETY,PASS,CONFORMING,,2026-02-27T15:00:00Z,2026-03-01T17:00:00Z
QC-00129-IDENTITY,BAT-00129,IDENTITY,OOT,BORDERLINE,,2026-03-01T12:00:00Z,2026-03-02T16:00:00Z
QC-00129-POTENCY,BAT-00129,POTENCY,PASS,88.9,AU,2026-03-01T13:00:00Z,2026-03-03T21:00:00Z
QC-00129-STERILITY,BAT-00129,STERILITY,PASS,NO_GROWTH,,2026-03-01T14:00:00Z,2026-03-03T10:00:00Z
QC-00129-VIABILITY,BAT-00129,VIABILITY,PASS,83.8,%,2026-03-01T00:00:00Z,2026-03-03T19:00:00Z
QC-00129-PURITY,BAT-00129,PURITY,PASS,CONFORMING,,2026-03-01T07:00:00Z,2026-03-02T04:00:00Z
QC-00129-SAFETY,BAT-00129,SAFETY,PASS,CONFORMING,,2026-03-01T08:00:00Z,2026-03-02T08:00:00Z
QC-00130-IDENTITY,BAT-00130,IDENTITY,PASS,CONFORMING,,2026-03-04T05:00:00Z,2026-03-05T18:00:00Z
QC-00130-POTENCY,BAT-00130,POTENCY,PASS,80.2,AU,2026-03-04T11:00:00Z,2026-03-05T21:00:00Z
QC-00130-STERILITY,BAT-00130,STERILITY,PASS,NO_GROWTH,,2026-03-04T02:00:00Z,2026-03-06T01:00:00Z
QC-00130-VIABILITY,BAT-00130,VIABILITY,PASS,94.7,%,2026-03-04T06:00:00Z,2026-03-05T15:00:00Z
QC-00130-PURITY,BAT-00130,PURITY,PASS,CONFORMING,,2026-03-04T21:00:00Z,2026-03-05T18:00:00Z
QC-00130-SAFETY,BAT-00130,SAFETY,PASS,CONFORMING,,2026-03-04T14:00:00Z,2026-03-05T02:00:00Z
QC-00131-IDENTITY,BAT-00131,IDENTITY,OOT,BORDERLINE,,2026-03-05T22:00:00Z,2026-03-07T06:00:00Z
QC-00131-POTENCY,BAT-00131,POTENCY,PASS,95.1,AU,2026-03-06T07:00:00Z,2026-03-07T12:00:00Z
QC-00131-STERILITY,BAT-00131,STERILITY,PASS,NO_GROWTH,,2026-03-06T07:00:00Z,2026-03-08T02:00:00Z
QC-00131-VIABILITY,BAT-00131,VIABILITY,PASS,79.2,%,2026-03-06T12:00:00Z,2026-03-06T23:00:00Z
QC-00131-PURITY,BAT-00131,PURITY,PASS,CONFORMING,,2026-03-06T06:00:00Z,2026-03-07T15:00:00Z
QC-00131-SAFETY,BAT-00131,SAFETY,PASS,CONFORMING,,2026-03-06T00:00:00Z,2026-03-06T21:00:00Z
QC-00132-IDENTITY,BAT-00132,IDENTITY,PASS,CONFORMING,,2026-03-07T05:00:00Z,2026-03-09T16:00:00Z
QC-00132-POTENCY,BAT-00132,POTENCY,PASS,89.9,AU,2026-03-07T14:00:00Z,2026-03-08T10:00:00Z
QC-00132-STERILITY,BAT-00132,STERILITY,PASS,NO_GROWTH,,2026-03-07T23:00:00Z,2026-03-09T17:00:00Z
QC-00132-VIABILITY,BAT-00132,VIABILITY,PASS,78.1,%,2026-03-07T20:00:00Z,2026-03-08T11:00:00Z
QC-00132-PURITY,BAT-00132,PURITY,PASS,CONFORMING,,2026-03-07T22:00:00Z,2026-03-08T23:00:00Z
QC-00132-SAFETY,BAT-00132,SAFETY,PASS,CONFORMING,,2026-03-07T08:00:00Z,2026-03-08T22:00:00Z
QC-00133-IDENTITY,BAT-00133,IDENTITY,PASS,CONFORMING,,2026-03-04T20:00:00Z,2026-03-06T03:00:00Z
QC-00133-POTENCY,BAT-00133,POTENCY,PASS,91.6,AU,2026-03-04T18:00:00Z,2026-03-06T16:00:00Z
QC-00133-STERILITY,BAT-00133,STERILITY,PENDING,PENDING,,2026-03-04T05:00:00Z,2026-03-07T03:00:00Z
QC-00133-VIABILITY,BAT-00133,VIABILITY,PASS,75.8,%,2026-03-04T10:00:00Z,2026-03-05T08:00:00Z
QC-00133-PURITY,BAT-00133,PURITY,OOT,BORDERLINE,,2026-03-04T21:00:00Z,2026-03-07T03:00:00Z
QC-00133-SAFETY,BAT-00133,SAFETY,OOT,BORDERLINE,,2026-03-04T20:00:00Z,2026-03-06T19:00:00Z
QC-00134-IDENTITY,BAT-00134,IDENTITY,PASS,CONFORMING,,2026-03-01T04:00:00Z,2026-03-03T18:00:00Z
QC-00134-POTENCY,BAT-00134,POTENCY,PASS,78.6,AU,2026-03-01T16:00:00Z,2026-03-02T15:00:00Z
QC-00134-STERILITY,BAT-00134,STERILITY,PENDING,PENDING,,2026-03-01T13:00:00Z,2026-03-02T10:00:00Z
QC-00134-VIABILITY,BAT-00134,VIABILITY,PASS,76.2,%,2026-03-02T00:00:00Z,2026-03-03T10:00:00Z
QC-00134-PURITY,BAT-00134,PURITY,PASS,CONFORMING,,2026-03-01T17:00:00Z,2026-03-02T20:00:00Z
QC-00134-SAFETY,BAT-00134,SAFETY,PASS,CONFORMING,,2026-03-01T01:00:00Z,2026-03-02T08:00:00Z
QC-00135-IDENTITY,BAT-00135,IDENTITY,OOT,BORDERLINE,,2026-03-13T06:00:00Z,2026-03-15T02:00:00Z
QC-00135-POTENCY,BAT-00135,POTENCY,PASS,95.2,AU,2026-03-13T04:00:00Z,2026-03-15T07:00:00Z
QC-00135-STERILITY,BAT-00135,STERILITY,PASS,NO_GROWTH,,2026-03-13T03:00:00Z,2026-03-15T06:00:00Z
QC-00135-VIABILITY,BAT-00135,VIABILITY,PASS,95.6,%,2026-03-12T22:00:00Z,2026-03-15T11:00:00Z
QC-00135-PURITY,BAT-00135,PURITY,OOT,BORDERLINE,,2026-03-13T05:00:00Z,2026-03-14T18:00:00Z
QC-00135-SAFETY,BAT-00135,SAFETY,PASS,CONFORMING,,2026-03-12T22:00:00Z,2026-03-14T01:00:00Z
QC-00136-IDENTITY,BAT-00136,IDENTITY,OOT,BORDERLINE,,2026-03-07T22:00:00Z,2026-03-08T19:00:00Z
QC-00136-POTENCY,BAT-00136,POTENCY,PASS,62.6,AU,2026-03-08T00:00:00Z,2026-03-09T11:00:00Z
QC-00136-STERILITY,BAT-00136,STERILITY,PASS,NO_GROWTH,,2026-03-07T11:00:00Z,2026-03-10T03:00:00Z
QC-00136-VIABILITY,BAT-00136,VIABILITY,PASS,70.6,%,2026-03-07T15:00:00Z,2026-03-09T08:00:00Z
QC-00136-PURITY,BAT-00136,PURITY,OOT,BORDERLINE,,2026-03-07T14:00:00Z,2026-03-10T02:00:00Z
QC-00136-SAFETY,BAT-00136,SAFETY,PASS,CONFORMING,,2026-03-07T11:00:00Z,2026-03-09T23:00:00Z
QC-00137-IDENTITY,BAT-00137,IDENTITY,PASS,CONFORMING,,2026-03-01T12:00:00Z,2026-03-02T00:00:00Z
QC-00137-POTENCY,BAT-00137,POTENCY,PASS,81.0,AU,2026-03-01T12:00:00Z,2026-03-02T09:00:00Z
QC-00137-STERILITY,BAT-00137,STERILITY,PASS,NO_GROWTH,,2026-02-28T18:00:00Z,2026-03-02T02:00:00Z
QC-00137-VIABILITY,BAT-00137,VIABILITY,PASS,84.9,%,2026-03-01T09:00:00Z,2026-03-02T07:00:00Z
QC-00137-PURITY,BAT-00137,PURITY,PASS,CONFORMING,,2026-03-01T14:00:00Z,2026-03-02T00:00:00Z
QC-00137-SAFETY,BAT-00137,SAFETY,PASS,CONFORMING,,2026-03-01T08:00:00Z,2026-03-03T11:00:00Z
QC-00138-IDENTITY,BAT-00138,IDENTITY,OOT,BORDERLINE,,2026-03-16T18:00:00Z,2026-03-17T19:00:00Z
QC-00138-POTENCY,BAT-00138,POTENCY,PASS,53.8,AU,2026-03-17T08:00:00Z,2026-03-19T01:00:00Z
QC-00138-STERILITY,BAT-00138,STERILITY,PASS,NO_GROWTH,,2026-03-16T19:00:00Z,2026-03-17T23:00:00Z
QC-00138-VIABILITY,BAT-00138,VIABILITY,PASS,73.2,%,2026-03-17T11:00:00Z,2026-03-19T06:00:00Z
QC-00138-PURITY,BAT-00138,PURITY,OOT,BORDERLINE,,2026-03-17T13:00:00Z,2026-03-17T17:00:00Z
QC-00138-SAFETY,BAT-00138,SAFETY,PASS,CONFORMING,,2026-03-16T22:00:00Z,2026-03-18T08:00:00Z
QC-00139-IDENTITY,BAT-00139,IDENTITY,OOT,BORDERLINE,,2026-03-01T21:00:00Z,2026-03-02T19:00:00Z
QC-00139-POTENCY,BAT-00139,POTENCY,PASS,97.9,AU,2026-03-01T10:00:00Z,2026-03-02T07:00:00Z
QC-00139-STERILITY,BAT-00139,STERILITY,PASS,NO_GROWTH,,2026-03-01T21:00:00Z,2026-03-02T23:00:00Z
QC-00139-VIABILITY,BAT-00139,VIABILITY,PASS,70.3,%,2026-03-01T09:00:00Z,2026-03-02T19:00:00Z
QC-00139-PURITY,BAT-00139,PURITY,OOT,BORDERLINE,,2026-03-02T00:00:00Z,2026-03-03T10:00:00Z
QC-00139-SAFETY,BAT-00139,SAFETY,OOT,BORDERLINE,,2026-03-01T13:00:00Z,2026-03-03T16:00:00Z
QC-00140-IDENTITY,BAT-00140,IDENTITY,OOT,BORDERLINE,,2026-03-07T13:00:00Z,2026-03-09T17:00:00Z
QC-00140-POTENCY,BAT-00140,POTENCY,PASS,72.9,AU,2026-03-07T18:00:00Z,2026-03-08T20:00:00Z
QC-00140-STERILITY,BAT-00140,STERILITY,PASS,NO_GROWTH,,2026-03-07T01:00:00Z,2026-03-09T12:00:00Z
QC-00140-VIABILITY,BAT-00140,VIABILITY,PASS,95.6,%,2026-03-06T23:00:00Z,2026-03-08T12:00:00Z
QC-00140-PURITY,BAT-00140,PURITY,PASS,CONFORMING,,2026-03-07T06:00:00Z,2026-03-09T16:00:00Z
QC-00140-SAFETY,BAT-00140,SAFETY,OOT,BORDERLINE,,2026-03-07T06:00:00Z,2026-03-09T06:00:00Z
QC-00141-IDENTITY,BAT-00141,IDENTITY,PASS,CONFORMING,,2026-03-15T09:00:00Z,2026-03-16T09:00:00Z
QC-00141-POTENCY,BAT-00141,POTENCY,PASS,68.5,AU,2026-03-15T20:00:00Z,2026-03-17T04:00:00Z
QC-00141-STERILITY,BAT-00141,STERILITY,PASS,NO_GROWTH,,2026-03-15T08:00:00Z,2026-03-17T11:00:00Z
QC-00141-VIABILITY,BAT-00141,VIABILITY,PASS,84.3,%,2026-03-15T07:00:00Z,2026-03-17T18:00:00Z
QC-00141-PURITY,BAT-00141,PURITY,PASS,CONFORMING,,2026-03-15T10:00:00Z,2026-03-17T19:00:00Z
QC-00141-SAFETY,BAT-00141,SAFETY,PASS,CONFORMING,,2026-03-16T01:00:00Z,2026-03-17T19:00:00Z
QC-00142-IDENTITY,BAT-00142,IDENTITY,PASS,CONFORMING,,2026-03-11T18:00:00Z,2026-03-12T07:00:00Z
QC-00142-POTENCY,BAT-00142,POTENCY,PASS,74.1,AU,2026-03-11T12:00:00Z,2026-03-13T15:00:00Z
QC-00142-STERILITY,BAT-00142,STERILITY,PENDING,PENDING,,2026-03-11T05:00:00Z,2026-03-13T04:00:00Z
QC-00142-VIABILITY,BAT-00142,VIABILITY,PASS,92.8,%,2026-03-11T09:00:00Z,2026-03-14T00:00:00Z
QC-00142-PURITY,BAT-00142,PURITY,PASS,CONFORMING,,2026-03-11T06:00:00Z,2026-03-13T07:00:00Z
QC-00142-SAFETY,BAT-00142,SAFETY,PASS,CONFORMING,,2026-03-11T14:00:00Z,2026-03-13T04:00:00Z
QC-00143-IDENTITY,BAT-00143,IDENTITY,PASS,CONFORMING,,2026-03-07T12:00:00Z,2026-03-08T16:00:00Z
QC-00143-POTENCY,BAT-00143,POTENCY,OOS,43.7,AU,2026-03-06T23:00:00Z,2026-03-08T19:00:00Z
QC-00143-STERILITY,BAT-00143,STERILITY,PENDING,PENDING,,2026-03-07T08:00:00Z,2026-03-08T22:00:00Z
QC-00143-VIABILITY,BAT-00143,VIABILITY,PASS,95.3,%,2026-03-07T07:00:00Z,2026-03-08T01:00:00Z
QC-00143-PURITY,BAT-00143,PURITY,OOT,BORDERLINE,,2026-03-07T14:00:00Z,2026-03-08T08:00:00Z
QC-00143-SAFETY,BAT-00143,SAFETY,PASS,CONFORMING,,2026-03-06T22:00:00Z,2026-03-08T21:00:00Z
QC-00144-IDENTITY,BAT-00144,IDENTITY,PASS,CONFORMING,,2026-03-12T16:00:00Z,2026-03-13T12:00:00Z
QC-00144-POTENCY,BAT-00144,POTENCY,PASS,71.5,AU,2026-03-12T13:00:00Z,2026-03-13T10:00:00Z
QC-00144-STERILITY,BAT-00144,STERILITY,PENDING,PENDING,,2026-03-12T02:00:00Z,2026-03-12T22:00:00Z
QC-00144-VIABILITY,BAT-00144,VIABILITY,PASS,92.1,%,2026-03-12T09:00:00Z,2026-03-13T21:00:00Z
QC-00144-PURITY,BAT-00144,PURITY,OOT,BORDERLINE,,2026-03-12T02:00:00Z,2026-03-13T15:00:00Z
QC-00144-SAFETY,BAT-00144,SAFETY,PASS,CONFORMING,,2026-03-12T17:00:00Z,2026-03-14T14:00:00Z
QC-00145-IDENTITY,BAT-00145,IDENTITY,PASS,CONFORMING,,2026-03-11T19:00:00Z,2026-03-12T15:00:00Z
QC-00145-POTENCY,BAT-00145,POTENCY,PASS,65.1,AU,2026-03-11T19:00:00Z,2026-03-12T08:00:00Z
QC-00145-STERILITY,BAT-00145,STERILITY,PASS,NO_GROWTH,,2026-03-11T09:00:00Z,2026-03-13T02:00:00Z
QC-00145-VIABILITY,BAT-00145,VIABILITY,OOS,66.6,%,2026-03-11T19:00:00Z,2026-03-14T00:00:00Z
QC-00145-PURITY,BAT-00145,PURITY,PASS,CONFORMING,,2026-03-11T07:00:00Z,2026-03-12T21:00:00Z
QC-00145-SAFETY,BAT-00145,SAFETY,PASS,CONFORMING,,2026-03-11T15:00:00Z,2026-03-13T00:00:00Z
QC-00146-IDENTITY,BAT-00146,IDENTITY,PASS,CONFORMING,,2026-03-06T17:00:00Z,2026-03-07T09:00:00Z
QC-00146-POTENCY,BAT-00146,POTENCY,PASS,105.2,AU,2026-03-06T21:00:00Z,2026-03-07T20:00:00Z
QC-00146-STERILITY,BAT-00146,STERILITY,PASS,NO_GROWTH,,2026-03-06T17:00:00Z,2026-03-08T23:00:00Z
QC-00146-VIABILITY,BAT-00146,VIABILITY,OOS,66.1,%,2026-03-06T19:00:00Z,2026-03-08T16:00:00Z
QC-00146-PURITY,BAT-00146,PURITY,PASS,CONFORMING,,2026-03-06T14:00:00Z,2026-03-08T10:00:00Z
QC-00146-SAFETY,BAT-00146,SAFETY,PASS,CONFORMING,,2026-03-06T22:00:00Z,2026-03-07T19:00:00Z
QC-00147-IDENTITY,BAT-00147,IDENTITY,PASS,CONFORMING,,2026-03-08T20:00:00Z,2026-03-11T06:00:00Z
QC-00147-POTENCY,BAT-00147,POTENCY,PASS,104.9,AU,2026-03-08T23:00:00Z,2026-03-10T22:00:00Z
QC-00147-STERILITY,BAT-00147,STERILITY,PENDING,PENDING,,2026-03-09T04:00:00Z,2026-03-10T09:00:00Z
QC-00147-VIABILITY,BAT-00147,VIABILITY,PASS,83.0,%,2026-03-09T02:00:00Z,2026-03-09T16:00:00Z
QC-00147-PURITY,BAT-00147,PURITY,PASS,CONFORMING,,2026-03-09T03:00:00Z,2026-03-11T14:00:00Z
QC-00147-SAFETY,BAT-00147,SAFETY,PASS,CONFORMING,,2026-03-08T22:00:00Z,2026-03-11T12:00:00Z
QC-00148-IDENTITY,BAT-00148,IDENTITY,PASS,CONFORMING,,2026-03-14T08:00:00Z,2026-03-16T12:00:00Z
QC-00148-POTENCY,BAT-00148,POTENCY,PASS,76.7,AU,2026-03-14T12:00:00Z,2026-03-15T18:00:00Z
QC-00148-STERILITY,BAT-00148,STERILITY,PASS,NO_GROWTH,,2026-03-15T02:00:00Z,2026-03-16T16:00:00Z
QC-00148-VIABILITY,BAT-00148,VIABILITY,PASS,92.0,%,2026-03-15T02:00:00Z,2026-03-16T23:00:00Z
QC-00148-PURITY,BAT-00148,PURITY,PASS,CONFORMING,,2026-03-15T02:00:00Z,2026-03-17T00:00:00Z
QC-00148-SAFETY,BAT-00148,SAFETY,PASS,CONFORMING,,2026-03-14T21:00:00Z,2026-03-16T01:00:00Z
QC-00149-IDENTITY,BAT-00149,IDENTITY,PASS,CONFORMING,,2026-03-12T19:00:00Z,2026-03-15T03:00:00Z
QC-00149-POTENCY,BAT-00149,POTENCY,PASS,115.5,AU,2026-03-13T09:00:00Z,2026-03-15T09:00:00Z
QC-00149-STERILITY,BAT-00149,STERILITY,PASS,NO_GROWTH,,2026-03-12T15:00:00Z,2026-03-15T01:00:00Z
QC-00149-VIABILITY,BAT-00149,VIABILITY,OOS,66.8,%,2026-03-12T19:00:00Z,2026-03-13T14:00:00Z
QC-00149-PURITY,BAT-00149,PURITY,PASS,CONFORMING,,2026-03-12T18:00:00Z,2026-03-14T22:00:00Z
QC-00149-SAFETY,BAT-00149,SAFETY,PASS,CONFORMING,,2026-03-12T17:00:00Z,2026-03-15T00:00:00Z
QC-00150-IDENTITY,BAT-00150,IDENTITY,PASS,CONFORMING,,2026-03-15T19:00:00Z,2026-03-16T07:00:00Z
QC-00150-POTENCY,BAT-00150,POTENCY,PASS,83.9,AU,2026-03-15T09:00:00Z,2026-03-16T11:00:00Z
QC-00150-STERILITY,BAT-00150,STERILITY,PASS,NO_GROWTH,,2026-03-16T02:00:00Z,2026-03-17T16:00:00Z
QC-00150-VIABILITY,BAT-00150,VIABILITY,PASS,84.2,%,2026-03-15T23:00:00Z,2026-03-16T08:00:00Z
QC-00150-PURITY,BAT-00150,PURITY,PASS,CONFORMING,,2026-03-15T19:00:00Z,2026-03-17T04:00:00Z
QC-00150-SAFETY,BAT-00150,SAFETY,OOT,BORDERLINE,,2026-03-15T13:00:00Z,2026-03-17T04:00:00Z
QC-00151-IDENTITY,BAT-00151,IDENTITY,PASS,CONFORMING,,2026-03-14T11:00:00Z,2026-03-16T18:00:00Z
QC-00151-POTENCY,BAT-00151,POTENCY,PASS,111.7,AU,2026-03-14T19:00:00Z,2026-03-15T16:00:00Z
QC-00151-STERILITY,BAT-00151,STERILITY,PASS,NO_GROWTH,,2026-03-14T14:00:00Z,2026-03-16T10:00:00Z
QC-00151-VIABILITY,BAT-00151,VIABILITY,PASS,87.6,%,2026-03-14T11:00:00Z,2026-03-17T02:00:00Z
QC-00151-PURITY,BAT-00151,PURITY,PASS,CONFORMING,,2026-03-14T19:00:00Z,2026-03-16T04:00:00Z
QC-00151-SAFETY,BAT-00151,SAFETY,PASS,CONFORMING,,2026-03-14T16:00:00Z,2026-03-16T20:00:00Z
QC-00152-IDENTITY,BAT-00152,IDENTITY,PASS,CONFORMING,,2026-03-08T07:00:00Z,2026-03-08T13:00:00Z
QC-00152-POTENCY,BAT-00152,POTENCY,PASS,93.9,AU,2026-03-07T11:00:00Z,2026-03-08T14:00:00Z
QC-00152-STERILITY,BAT-00152,STERILITY,PASS,NO_GROWTH,,2026-03-08T07:00:00Z,2026-03-09T17:00:00Z
QC-00152-VIABILITY,BAT-00152,VIABILITY,PASS,92.6,%,2026-03-07T15:00:00Z,2026-03-10T08:00:00Z
QC-00152-PURITY,BAT-00152,PURITY,OOT,BORDERLINE,,2026-03-07T19:00:00Z,2026-03-09T14:00:00Z
QC-00152-SAFETY,BAT-00152,SAFETY,PASS,CONFORMING,,2026-03-07T18:00:00Z,2026-03-08T10:00:00Z
QC-00153-IDENTITY,BAT-00153,IDENTITY,PASS,CONFORMING,,2026-03-08T04:00:00Z,2026-03-09T12:00:00Z
QC-00153-POTENCY,BAT-00153,POTENCY,OOS,42.2,AU,2026-03-07T17:00:00Z,2026-03-09T21:00:00Z
QC-00153-STERILITY,BAT-00153,STERILITY,PASS,NO_GROWTH,,2026-03-07T19:00:00Z,2026-03-09T08:00:00Z
QC-00153-VIABILITY,BAT-00153,VIABILITY,PASS,74.6,%,2026-03-07T14:00:00Z,2026-03-09T17:00:00Z
QC-00153-PURITY,BAT-00153,PURITY,PASS,CONFORMING,,2026-03-07T14:00:00Z,2026-03-08T19:00:00Z
QC-00153-SAFETY,BAT-00153,SAFETY,PASS,CONFORMING,,2026-03-07T20:00:00Z,2026-03-09T23:00:00Z
QC-00154-IDENTITY,BAT-00154,IDENTITY,PASS,CONFORMING,,2026-03-13T00:00:00Z,2026-03-14T12:00:00Z
QC-00154-POTENCY,BAT-00154,POTENCY,PASS,89.7,AU,2026-03-12T22:00:00Z,2026-03-14T16:00:00Z
QC-00154-STERILITY,BAT-00154,STERILITY,PENDING,PENDING,,2026-03-12T10:00:00Z,2026-03-13T12:00:00Z
QC-00154-VIABILITY,BAT-00154,VIABILITY,PASS,96.3,%,2026-03-13T00:00:00Z,2026-03-13T15:00:00Z
QC-00154-PURITY,BAT-00154,PURITY,PASS,CONFORMING,,2026-03-12T23:00:00Z,2026-03-13T10:00:00Z
QC-00154-SAFETY,BAT-00154,SAFETY,PASS,CONFORMING,,2026-03-12T13:00:00Z,2026-03-14T01:00:00Z
QC-00155-IDENTITY,BAT-00155,IDENTITY,PASS,CONFORMING,,2026-03-11T20:00:00Z,2026-03-12T23:00:00Z
QC-00155-POTENCY,BAT-00155,POTENCY,PASS,116.5,AU,2026-03-11T23:00:00Z,2026-03-13T18:00:00Z
QC-00155-STERILITY,BAT-00155,STERILITY,PASS,NO_GROWTH,,2026-03-11T10:00:00Z,2026-03-12T13:00:00Z
QC-00155-VIABILITY,BAT-00155,VIABILITY,PASS,72.6,%,2026-03-11T23:00:00Z,2026-03-12T20:00:00Z
QC-00155-PURITY,BAT-00155,PURITY,PASS,CONFORMING,,2026-03-11T21:00:00Z,2026-03-13T13:00:00Z
QC-00155-SAFETY,BAT-00155,SAFETY,OOT,BORDERLINE,,2026-03-11T22:00:00Z,2026-03-13T06:00:00Z
QC-00156-IDENTITY,BAT-00156,IDENTITY,OOT,BORDERLINE,,2026-03-07T02:00:00Z,2026-03-07T20:00:00Z
QC-00156-POTENCY,BAT-00156,POTENCY,PASS,52.4,AU,2026-03-06T21:00:00Z,2026-03-08T20:00:00Z
QC-00156-STERILITY,BAT-00156,STERILITY,PASS,NO_GROWTH,,2026-03-06T14:00:00Z,2026-03-08T07:00:00Z
QC-00156-VIABILITY,BAT-00156,VIABILITY,PASS,84.4,%,2026-03-07T02:00:00Z,2026-03-08T12:00:00Z
QC-00156-PURITY,BAT-00156,PURITY,PASS,CONFORMING,,2026-03-06T10:00:00Z,2026-03-07T21:00:00Z
QC-00156-SAFETY,BAT-00156,SAFETY,OOT,BORDERLINE,,2026-03-06T14:00:00Z,2026-03-08T06:00:00Z
QC-00157-IDENTITY,BAT-00157,IDENTITY,PASS,CONFORMING,,2026-03-11T03:00:00Z,2026-03-13T10:00:00Z
QC-00157-POTENCY,BAT-00157,POTENCY,PASS,54.1,AU,2026-03-11T10:00:00Z,2026-03-12T03:00:00Z
QC-00157-STERILITY,BAT-00157,STERILITY,PASS,NO_GROWTH,,2026-03-10T22:00:00Z,2026-03-13T16:00:00Z
QC-00157-VIABILITY,BAT-00157,VIABILITY,PASS,93.9,%,2026-03-11T17:00:00Z,2026-03-12T00:00:00Z
QC-00157-PURITY,BAT-00157,PURITY,PASS,CONFORMING,,2026-03-11T18:00:00Z,2026-03-12T12:00:00Z
QC-00157-SAFETY,BAT-00157,SAFETY,PASS,CONFORMING,,2026-03-11T05:00:00Z,2026-03-12T06:00:00Z
QC-00158-IDENTITY,BAT-00158,IDENTITY,PASS,CONFORMING,,2026-03-14T21:00:00Z,2026-03-17T02:00:00Z
QC-00158-POTENCY,BAT-00158,POTENCY,OOS,45.0,AU,2026-03-14T16:00:00Z,2026-03-15T10:00:00Z
QC-00158-STERILITY,BAT-00158,STERILITY,PENDING,PENDING,,2026-03-14T13:00:00Z,2026-03-16T10:00:00Z
QC-00158-VIABILITY,BAT-00158,VIABILITY,PASS,85.7,%,2026-03-15T02:00:00Z,2026-03-16T19:00:00Z
QC-00158-PURITY,BAT-00158,PURITY,PASS,CONFORMING,,2026-03-14T04:00:00Z,2026-03-17T02:00:00Z
QC-00158-SAFETY,BAT-00158,SAFETY,PASS,CONFORMING,,2026-03-14T21:00:00Z,2026-03-15T14:00:00Z
QC-00159-IDENTITY,BAT-00159,IDENTITY,PASS,CONFORMING,,2026-03-14T15:00:00Z,2026-03-16T10:00:00Z
QC-00159-POTENCY,BAT-00159,POTENCY,OOS,48.3,AU,2026-03-15T02:00:00Z,2026-03-15T13:00:00Z
QC-00159-STERILITY,BAT-00159,STERILITY,PASS,NO_GROWTH,,2026-03-14T09:00:00Z,2026-03-16T22:00:00Z
QC-00159-VIABILITY,BAT-00159,VIABILITY,PASS,80.3,%,2026-03-14T03:00:00Z,2026-03-16T18:00:00Z
QC-00159-PURITY,BAT-00159,PURITY,OOT,BORDERLINE,,2026-03-14T22:00:00Z,2026-03-15T07:00:00Z
QC-00159-SAFETY,BAT-00159,SAFETY,PASS,CONFORMING,,2026-03-14T16:00:00Z,2026-03-16T04:00:00Z
QC-00160-IDENTITY,BAT-00160,IDENTITY,PASS,CONFORMING,,2026-03-14T19:00:00Z,2026-03-15T21:00:00Z
QC-00160-POTENCY,BAT-00160,POTENCY,PASS,119.7,AU,2026-03-15T05:00:00Z,2026-03-17T19:00:00Z
QC-00160-STERILITY,BAT-00160,STERILITY,PASS,NO_GROWTH,,2026-03-15T10:00:00Z,2026-03-16T15:00:00Z
QC-00160-VIABILITY,BAT-00160,VIABILITY,PASS,90.5,%,2026-03-15T15:00:00Z,2026-03-17T17:00:00Z
QC-00160-PURITY,BAT-00160,PURITY,PASS,CONFORMING,,2026-03-15T02:00:00Z,2026-03-16T14:00:00Z
QC-00160-SAFETY,BAT-00160,SAFETY,PASS,CONFORMING,,2026-03-15T06:00:00Z,2026-03-17T01:00:00Z
QC-00161-IDENTITY,BAT-00161,IDENTITY,PASS,CONFORMING,,2026-03-17T00:00:00Z,2026-03-17T20:00:00Z
QC-00161-POTENCY,BAT-00161,POTENCY,PASS,61.8,AU,2026-03-16T22:00:00Z,2026-03-19T02:00:00Z
QC-00161-STERILITY,BAT-00161,STERILITY,PASS,NO_GROWTH,,2026-03-17T03:00:00Z,2026-03-17T22:00:00Z
QC-00161-VIABILITY,BAT-00161,VIABILITY,PASS,74.7,%,2026-03-17T08:00:00Z,2026-03-17T14:00:00Z
QC-00161-PURITY,BAT-00161,PURITY,OOT,BORDERLINE,,2026-03-17T05:00:00Z,2026-03-18T04:00:00Z
QC-00161-SAFETY,BAT-00161,SAFETY,PASS,CONFORMING,,2026-03-17T09:00:00Z,2026-03-19T10:00:00Z
QC-00162-IDENTITY,BAT-00162,IDENTITY,PASS,CONFORMING,,2026-03-10T20:00:00Z,2026-03-12T00:00:00Z
QC-00162-POTENCY,BAT-00162,POTENCY,PASS,106.9,AU,2026-03-10T21:00:00Z,2026-03-12T06:00:00Z
QC-00162-STERILITY,BAT-00162,STERILITY,PASS,NO_GROWTH,,2026-03-10T14:00:00Z,2026-03-12T07:00:00Z
QC-00162-VIABILITY,BAT-00162,VIABILITY,PASS,83.8,%,2026-03-10T15:00:00Z,2026-03-12T16:00:00Z
QC-00162-PURITY,BAT-00162,PURITY,PASS,CONFORMING,,2026-03-11T00:00:00Z,2026-03-12T18:00:00Z
QC-00162-SAFETY,BAT-00162,SAFETY,PASS,CONFORMING,,2026-03-10T12:00:00Z,2026-03-12T08:00:00Z
QC-00163-IDENTITY,BAT-00163,IDENTITY,PASS,CONFORMING,,2026-03-16T07:00:00Z,2026-03-18T10:00:00Z
QC-00163-POTENCY,BAT-00163,POTENCY,PASS,116.2,AU,2026-03-16T13:00:00Z,2026-03-17T04:00:00Z
QC-00163-STERILITY,BAT-00163,STERILITY,PASS,NO_GROWTH,,2026-03-16T06:00:00Z,2026-03-17T23:00:00Z
QC-00163-VIABILITY,BAT-00163,VIABILITY,OOS,67.0,%,2026-03-15T22:00:00Z,2026-03-17T02:00:00Z
QC-00163-PURITY,BAT-00163,PURITY,PASS,CONFORMING,,2026-03-15T17:00:00Z,2026-03-17T06:00:00Z
QC-00163-SAFETY,BAT-00163,SAFETY,PASS,CONFORMING,,2026-03-15T16:00:00Z,2026-03-17T22:00:00Z
QC-00164-IDENTITY,BAT-00164,IDENTITY,PASS,CONFORMING,,2026-03-20T03:00:00Z,2026-03-21T18:00:00Z
QC-00164-POTENCY,BAT-00164,POTENCY,PASS,91.8,AU,2026-03-20T20:00:00Z,2026-03-22T17:00:00Z
QC-00164-STERILITY,BAT-00164,STERILITY,PENDING,PENDING,,2026-03-20T14:00:00Z,2026-03-21T15:00:00Z
QC-00164-VIABILITY,BAT-00164,VIABILITY,PASS,80.0,%,2026-03-20T21:00:00Z,2026-03-22T05:00:00Z
QC-00164-PURITY,BAT-00164,PURITY,PASS,CONFORMING,,2026-03-20T17:00:00Z,2026-03-22T17:00:00Z
QC-00164-SAFETY,BAT-00164,SAFETY,PASS,CONFORMING,,2026-03-20T17:00:00Z,2026-03-22T11:00:00Z
QC-00165-IDENTITY,BAT-00165,IDENTITY,PASS,CONFORMING,,2026-03-11T03:00:00Z,2026-03-12T10:00:00Z
QC-00165-POTENCY,BAT-00165,POTENCY,PASS,58.7,AU,2026-03-11T02:00:00Z,2026-03-13T11:00:00Z
QC-00165-STERILITY,BAT-00165,STERILITY,PENDING,PENDING,,2026-03-10T18:00:00Z,2026-03-12T14:00:00Z
QC-00165-VIABILITY,BAT-00165,VIABILITY,PASS,74.8,%,2026-03-11T01:00:00Z,2026-03-13T18:00:00Z
QC-00165-PURITY,BAT-00165,PURITY,OOT,BORDERLINE,,2026-03-11T06:00:00Z,2026-03-13T11:00:00Z
QC-00165-SAFETY,BAT-00165,SAFETY,PASS,CONFORMING,,2026-03-11T09:00:00Z,2026-03-12T18:00:00Z
QC-00166-IDENTITY,BAT-00166,IDENTITY,PASS,CONFORMING,,2026-03-07T17:00:00Z,2026-03-10T05:00:00Z
QC-00166-POTENCY,BAT-00166,POTENCY,PASS,89.7,AU,2026-03-07T13:00:00Z,2026-03-08T18:00:00Z
QC-00166-STERILITY,BAT-00166,STERILITY,PASS,NO_GROWTH,,2026-03-08T12:00:00Z,2026-03-10T06:00:00Z
QC-00166-VIABILITY,BAT-00166,VIABILITY,PASS,87.6,%,2026-03-07T15:00:00Z,2026-03-09T14:00:00Z
QC-00166-PURITY,BAT-00166,PURITY,OOT,BORDERLINE,,2026-03-08T11:00:00Z,2026-03-10T00:00:00Z
QC-00166-SAFETY,BAT-00166,SAFETY,PASS,CONFORMING,,2026-03-08T04:00:00Z,2026-03-09T01:00:00Z
QC-00167-IDENTITY,BAT-00167,IDENTITY,PASS,CONFORMING,,2026-03-14T06:00:00Z,2026-03-16T10:00:00Z
QC-00167-POTENCY,BAT-00167,POTENCY,PASS,65.4,AU,2026-03-14T21:00:00Z,2026-03-16T04:00:00Z
QC-00167-STERILITY,BAT-00167,STERILITY,PENDING,PENDING,,2026-03-14T10:00:00Z,2026-03-15T08:00:00Z
QC-00167-VIABILITY,BAT-00167,VIABILITY,PASS,76.2,%,2026-03-14T07:00:00Z,2026-03-16T13:00:00Z
QC-00167-PURITY,BAT-00167,PURITY,PASS,CONFORMING,,2026-03-14T13:00:00Z,2026-03-15T09:00:00Z
QC-00167-SAFETY,BAT-00167,SAFETY,PASS,CONFORMING,,2026-03-13T23:00:00Z,2026-03-15T19:00:00Z
QC-00168-IDENTITY,BAT-00168,IDENTITY,PASS,CONFORMING,,2026-03-15T06:00:00Z,2026-03-17T14:00:00Z
QC-00168-POTENCY,BAT-00168,POTENCY,PASS,74.4,AU,2026-03-15T14:00:00Z,2026-03-17T17:00:00Z
QC-00168-STERILITY,BAT-00168,STERILITY,PASS,NO_GROWTH,,2026-03-15T16:00:00Z,2026-03-17T01:00:00Z
QC-00168-VIABILITY,BAT-00168,VIABILITY,PASS,94.2,%,2026-03-15T15:00:00Z,2026-03-17T13:00:00Z
QC-00168-PURITY,BAT-00168,PURITY,PASS,CONFORMING,,2026-03-15T01:00:00Z,2026-03-17T00:00:00Z
QC-00168-SAFETY,BAT-00168,SAFETY,PASS,CONFORMING,,2026-03-15T03:00:00Z,2026-03-16T06:00:00Z
QC-00169-IDENTITY,BAT-00169,IDENTITY,PASS,CONFORMING,,2026-03-22T03:00:00Z,2026-03-22T11:00:00Z
QC-00169-POTENCY,BAT-00169,POTENCY,PASS,117.4,AU,2026-03-21T21:00:00Z,2026-03-23T08:00:00Z
QC-00169-STERILITY,BAT-00169,STERILITY,PENDING,PENDING,,2026-03-21T16:00:00Z,2026-03-22T15:00:00Z
QC-00169-VIABILITY,BAT-00169,VIABILITY,OOS,68.4,%,2026-03-21T17:00:00Z,2026-03-23T05:00:00Z
QC-00169-PURITY,BAT-00169,PURITY,PASS,CONFORMING,,2026-03-22T03:00:00Z,2026-03-23T04:00:00Z
QC-00169-SAFETY,BAT-00169,SAFETY,PASS,CONFORMING,,2026-03-21T13:00:00Z,2026-03-23T20:00:00Z
QC-00170-IDENTITY,BAT-00170,IDENTITY,PASS,CONFORMING,,2026-03-18T10:00:00Z,2026-03-20T08:00:00Z
QC-00170-POTENCY,BAT-00170,POTENCY,OOS,40.7,AU,2026-03-18T12:00:00Z,2026-03-20T02:00:00Z
QC-00170-STERILITY,BAT-00170,STERILITY,PASS,NO_GROWTH,,2026-03-18T19:00:00Z,2026-03-20T22:00:00Z
QC-00170-VIABILITY,BAT-00170,VIABILITY,PASS,85.0,%,2026-03-18T20:00:00Z,2026-03-21T04:00:00Z
QC-00170-PURITY,BAT-00170,PURITY,PASS,CONFORMING,,2026-03-19T03:00:00Z,2026-03-19T21:00:00Z
QC-00170-SAFETY,BAT-00170,SAFETY,PASS,CONFORMING,,2026-03-19T00:00:00Z,2026-03-20T14:00:00Z
QC-00171-IDENTITY,BAT-00171,IDENTITY,PASS,CONFORMING,,2026-03-17T12:00:00Z,2026-03-18T10:00:00Z
QC-00171-POTENCY,BAT-00171,POTENCY,PASS,65.2,AU,2026-03-17T13:00:00Z,2026-03-19T20:00:00Z
QC-00171-STERILITY,BAT-00171,STERILITY,PASS,NO_GROWTH,,2026-03-17T02:00:00Z,2026-03-19T09:00:00Z
QC-00171-VIABILITY,BAT-00171,VIABILITY,PASS,77.0,%,2026-03-17T16:00:00Z,2026-03-19T10:00:00Z
QC-00171-PURITY,BAT-00171,PURITY,PASS,CONFORMING,,2026-03-17T21:00:00Z,2026-03-18T14:00:00Z
QC-00171-SAFETY,BAT-00171,SAFETY,PASS,CONFORMING,,2026-03-17T04:00:00Z,2026-03-18T19:00:00Z
QC-00172-IDENTITY,BAT-00172,IDENTITY,PASS,CONFORMING,,2026-03-15T01:00:00Z,2026-03-17T12:00:00Z
QC-00172-POTENCY,BAT-00172,POTENCY,PASS,109.1,AU,2026-03-15T05:00:00Z,2026-03-16T13:00:00Z
QC-00172-STERILITY,BAT-00172,STERILITY,PASS,NO_GROWTH,,2026-03-15T05:00:00Z,2026-03-15T17:00:00Z
QC-00172-VIABILITY,BAT-00172,VIABILITY,PASS,84.1,%,2026-03-14T20:00:00Z,2026-03-16T18:00:00Z
QC-00172-PURITY,BAT-00172,PURITY,PASS,CONFORMING,,2026-03-15T14:00:00Z,2026-03-17T14:00:00Z
QC-00172-SAFETY,BAT-00172,SAFETY,OOT,BORDERLINE,,2026-03-14T22:00:00Z,2026-03-15T20:00:00Z
QC-00173-IDENTITY,BAT-00173,IDENTITY,PASS,CONFORMING,,2026-03-18T07:00:00Z,2026-03-19T13:00:00Z
QC-00173-POTENCY,BAT-00173,POTENCY,PASS,95.0,AU,2026-03-17T11:00:00Z,2026-03-18T21:00:00Z
QC-00173-STERILITY,BAT-00173,STERILITY,PASS,NO_GROWTH,,2026-03-17T21:00:00Z,2026-03-19T15:00:00Z
QC-00173-VIABILITY,BAT-00173,VIABILITY,PASS,72.6,%,2026-03-17T23:00:00Z,2026-03-19T12:00:00Z
QC-00173-PURITY,BAT-00173,PURITY,PASS,CONFORMING,,2026-03-18T05:00:00Z,2026-03-19T07:00:00Z
QC-00173-SAFETY,BAT-00173,SAFETY,OOT,BORDERLINE,,2026-03-17T10:00:00Z,2026-03-19T04:00:00Z
QC-00174-IDENTITY,BAT-00174,IDENTITY,OOT,BORDERLINE,,2026-03-22T19:00:00Z,2026-03-25T17:00:00Z
QC-00174-POTENCY,BAT-00174,POTENCY,PASS,67.9,AU,2026-03-22T23:00:00Z,2026-03-24T08:00:00Z
QC-00174-STERILITY,BAT-00174,STERILITY,PASS,NO_GROWTH,,2026-03-22T21:00:00Z,2026-03-25T02:00:00Z
QC-00174-VIABILITY,BAT-00174,VIABILITY,OOS,65.5,%,2026-03-23T10:00:00Z,2026-03-25T12:00:00Z
QC-00174-PURITY,BAT-00174,PURITY,PASS,CONFORMING,,2026-03-23T03:00:00Z,2026-03-24T07:00:00Z
QC-00174-SAFETY,BAT-00174,SAFETY,PASS,CONFORMING,,2026-03-23T00:00:00Z,2026-03-25T05:00:00Z
QC-00175-IDENTITY,BAT-00175,IDENTITY,OOT,BORDERLINE,,2026-03-12T10:00:00Z,2026-03-13T11:00:00Z
QC-00175-POTENCY,BAT-00175,POTENCY,PASS,61.3,AU,2026-03-12T00:00:00Z,2026-03-13T23:00:00Z
QC-00175-STERILITY,BAT-00175,STERILITY,PASS,NO_GROWTH,,2026-03-12T02:00:00Z,2026-03-13T10:00:00Z
QC-00175-VIABILITY,BAT-00175,VIABILITY,OOS,69.6,%,2026-03-12T08:00:00Z,2026-03-14T10:00:00Z
QC-00175-PURITY,BAT-00175,PURITY,PASS,CONFORMING,,2026-03-11T19:00:00Z,2026-03-14T12:00:00Z
QC-00175-SAFETY,BAT-00175,SAFETY,PASS,CONFORMING,,2026-03-11T13:00:00Z,2026-03-14T09:00:00Z
QC-00176-IDENTITY,BAT-00176,IDENTITY,PASS,CONFORMING,,2026-03-13T12:00:00Z,2026-03-15T20:00:00Z
QC-00176-POTENCY,BAT-00176,POTENCY,PASS,93.4,AU,2026-03-13T13:00:00Z,2026-03-14T17:00:00Z
QC-00176-STERILITY,BAT-00176,STERILITY,PASS,NO_GROWTH,,2026-03-13T15:00:00Z,2026-03-14T03:00:00Z
QC-00176-VIABILITY,BAT-00176,VIABILITY,PASS,81.4,%,2026-03-13T04:00:00Z,2026-03-15T18:00:00Z
QC-00176-PURITY,BAT-00176,PURITY,OOT,BORDERLINE,,2026-03-13T14:00:00Z,2026-03-14T14:00:00Z
QC-00176-SAFETY,BAT-00176,SAFETY,PASS,CONFORMING,,2026-03-12T21:00:00Z,2026-03-14T03:00:00Z
QC-00177-IDENTITY,BAT-00177,IDENTITY,PASS,CONFORMING,,2026-03-17T02:00:00Z,2026-03-18T16:00:00Z
QC-00177-POTENCY,BAT-00177,POTENCY,PASS,50.8,AU,2026-03-17T09:00:00Z,2026-03-18T13:00:00Z
QC-00177-STERILITY,BAT-00177,STERILITY,PENDING,PENDING,,2026-03-17T01:00:00Z,2026-03-18T09:00:00Z
QC-00177-VIABILITY,BAT-00177,VIABILITY,PASS,89.5,%,2026-03-17T08:00:00Z,2026-03-18T08:00:00Z
QC-00177-PURITY,BAT-00177,PURITY,PASS,CONFORMING,,2026-03-17T08:00:00Z,2026-03-19T14:00:00Z
QC-00177-SAFETY,BAT-00177,SAFETY,OOT,BORDERLINE,,2026-03-17T13:00:00Z,2026-03-19T02:00:00Z
QC-00178-IDENTITY,BAT-00178,IDENTITY,OOT,BORDERLINE,,2026-03-17T18:00:00Z,2026-03-20T02:00:00Z
QC-00178-POTENCY,BAT-00178,POTENCY,PASS,57.9,AU,2026-03-17T21:00:00Z,2026-03-19T09:00:00Z
QC-00178-STERILITY,BAT-00178,STERILITY,PASS,NO_GROWTH,,2026-03-18T08:00:00Z,2026-03-18T16:00:00Z
QC-00178-VIABILITY,BAT-00178,VIABILITY,PASS,84.9,%,2026-03-18T06:00:00Z,2026-03-19T23:00:00Z
QC-00178-PURITY,BAT-00178,PURITY,PASS,CONFORMING,,2026-03-17T13:00:00Z,2026-03-19T07:00:00Z
QC-00178-SAFETY,BAT-00178,SAFETY,PASS,CONFORMING,,2026-03-18T11:00:00Z,2026-03-19T00:00:00Z
QC-00179-IDENTITY,BAT-00179,IDENTITY,PASS,CONFORMING,,2026-03-21T16:00:00Z,2026-03-22T12:00:00Z
QC-00179-POTENCY,BAT-00179,POTENCY,PASS,116.6,AU,2026-03-22T01:00:00Z,2026-03-22T18:00:00Z
QC-00179-STERILITY,BAT-00179,STERILITY,PASS,NO_GROWTH,,2026-03-21T23:00:00Z,2026-03-23T18:00:00Z
QC-00179-VIABILITY,BAT-00179,VIABILITY,PASS,88.6,%,2026-03-21T21:00:00Z,2026-03-23T07:00:00Z
QC-00179-PURITY,BAT-00179,PURITY,PASS,CONFORMING,,2026-03-21T14:00:00Z,2026-03-24T05:00:00Z
QC-00179-SAFETY,BAT-00179,SAFETY,PASS,CONFORMING,,2026-03-21T23:00:00Z,2026-03-23T09:00:00Z
QC-00180-IDENTITY,BAT-00180,IDENTITY,PASS,CONFORMING,,2026-03-19T06:00:00Z,2026-03-19T22:00:00Z
QC-00180-POTENCY,BAT-00180,POTENCY,PASS,61.4,AU,2026-03-19T00:00:00Z,2026-03-19T13:00:00Z
QC-00180-STERILITY,BAT-00180,STERILITY,PASS,NO_GROWTH,,2026-03-19T05:00:00Z,2026-03-19T23:00:00Z
QC-00180-VIABILITY,BAT-00180,VIABILITY,OOS,65.2,%,2026-03-18T21:00:00Z,2026-03-19T13:00:00Z
QC-00180-PURITY,BAT-00180,PURITY,PASS,CONFORMING,,2026-03-18T11:00:00Z,2026-03-21T06:00:00Z
QC-00180-SAFETY,BAT-00180,SAFETY,PASS,CONFORMING,,2026-03-18T21:00:00Z,2026-03-20T15:00:00Z
QC-00181-IDENTITY,BAT-00181,IDENTITY,PASS,CONFORMING,,2026-03-22T05:00:00Z,2026-03-23T19:00:00Z
QC-00181-POTENCY,BAT-00181,POTENCY,PASS,78.3,AU,2026-03-22T05:00:00Z,2026-03-23T08:00:00Z
QC-00181-STERILITY,BAT-00181,STERILITY,PASS,NO_GROWTH,,2026-03-21T15:00:00Z,2026-03-23T23:00:00Z
QC-00181-VIABILITY,BAT-00181,VIABILITY,OOS,65.9,%,2026-03-22T09:00:00Z,2026-03-23T12:00:00Z
QC-00181-PURITY,BAT-00181,PURITY,PASS,CONFORMING,,2026-03-22T09:00:00Z,2026-03-24T04:00:00Z
QC-00181-SAFETY,BAT-00181,SAFETY,PASS,CONFORMING,,2026-03-22T10:00:00Z,2026-03-23T05:00:00Z
QC-00182-IDENTITY,BAT-00182,IDENTITY,PASS,CONFORMING,,2026-03-22T15:00:00Z,2026-03-24T04:00:00Z
QC-00182-POTENCY,BAT-00182,POTENCY,PASS,73.6,AU,2026-03-22T12:00:00Z,2026-03-23T20:00:00Z
QC-00182-STERILITY,BAT-00182,STERILITY,PASS,NO_GROWTH,,2026-03-21T20:00:00Z,2026-03-24T04:00:00Z
QC-00182-VIABILITY,BAT-00182,VIABILITY,PASS,92.0,%,2026-03-22T09:00:00Z,2026-03-23T19:00:00Z
QC-00182-PURITY,BAT-00182,PURITY,PASS,CONFORMING,,2026-03-22T00:00:00Z,2026-03-23T10:00:00Z
QC-00182-SAFETY,BAT-00182,SAFETY,PASS,CONFORMING,,2026-03-21T18:00:00Z,2026-03-23T18:00:00Z
QC-00183-IDENTITY,BAT-00183,IDENTITY,OOT,BORDERLINE,,2026-03-16T07:00:00Z,2026-03-17T12:00:00Z
QC-00183-POTENCY,BAT-00183,POTENCY,PASS,68.4,AU,2026-03-16T08:00:00Z,2026-03-17T05:00:00Z
QC-00183-STERILITY,BAT-00183,STERILITY,PASS,NO_GROWTH,,2026-03-16T07:00:00Z,2026-03-17T07:00:00Z
QC-00183-VIABILITY,BAT-00183,VIABILITY,OOS,65.9,%,2026-03-15T21:00:00Z,2026-03-17T15:00:00Z
QC-00183-PURITY,BAT-00183,PURITY,PASS,CONFORMING,,2026-03-16T08:00:00Z,2026-03-18T04:00:00Z
QC-00183-SAFETY,BAT-00183,SAFETY,OOT,BORDERLINE,,2026-03-16T08:00:00Z,2026-03-16T19:00:00Z
QC-00184-IDENTITY,BAT-00184,IDENTITY,OOT,BORDERLINE,,2026-03-27T00:00:00Z,2026-03-28T08:00:00Z
QC-00184-POTENCY,BAT-00184,POTENCY,PASS,82.8,AU,2026-03-27T03:00:00Z,2026-03-29T13:00:00Z
QC-00184-STERILITY,BAT-00184,STERILITY,PASS,NO_GROWTH,,2026-03-27T10:00:00Z,2026-03-29T10:00:00Z
QC-00184-VIABILITY,BAT-00184,VIABILITY,PASS,85.5,%,2026-03-26T21:00:00Z,2026-03-28T13:00:00Z
QC-00184-PURITY,BAT-00184,PURITY,OOT,BORDERLINE,,2026-03-27T18:00:00Z,2026-03-29T19:00:00Z
QC-00184-SAFETY,BAT-00184,SAFETY,OOT,BORDERLINE,,2026-03-27T07:00:00Z,2026-03-29T15:00:00Z
QC-00185-IDENTITY,BAT-00185,IDENTITY,OOT,BORDERLINE,,2026-03-27T21:00:00Z,2026-03-28T23:00:00Z
QC-00185-POTENCY,BAT-00185,POTENCY,PASS,102.8,AU,2026-03-27T11:00:00Z,2026-03-28T08:00:00Z
QC-00185-STERILITY,BAT-00185,STERILITY,PASS,NO_GROWTH,,2026-03-27T16:00:00Z,2026-03-28T20:00:00Z
QC-00185-VIABILITY,BAT-00185,VIABILITY,PASS,79.9,%,2026-03-28T04:00:00Z,2026-03-29T12:00:00Z
QC-00185-PURITY,BAT-00185,PURITY,PASS,CONFORMING,,2026-03-28T00:00:00Z,2026-03-29T06:00:00Z
QC-00185-SAFETY,BAT-00185,SAFETY,PASS,CONFORMING,,2026-03-28T01:00:00Z,2026-03-29T00:00:00Z
QC-00186-IDENTITY,BAT-00186,IDENTITY,PASS,CONFORMING,,2026-03-25T09:00:00Z,2026-03-25T23:00:00Z
QC-00186-POTENCY,BAT-00186,POTENCY,PASS,98.6,AU,2026-03-24T21:00:00Z,2026-03-26T06:00:00Z
QC-00186-STERILITY,BAT-00186,STERILITY,PASS,NO_GROWTH,,2026-03-25T12:00:00Z,2026-03-27T03:00:00Z
QC-00186-VIABILITY,BAT-00186,VIABILITY,OOS,67.9,%,2026-03-25T07:00:00Z,2026-03-27T15:00:00Z
QC-00186-PURITY,BAT-00186,PURITY,PASS,CONFORMING,,2026-03-24T20:00:00Z,2026-03-25T22:00:00Z
QC-00186-SAFETY,BAT-00186,SAFETY,PASS,CONFORMING,,2026-03-25T16:00:00Z,2026-03-26T21:00:00Z
QC-00187-IDENTITY,BAT-00187,IDENTITY,PASS,CONFORMING,,2026-03-13T19:00:00Z,2026-03-14T04:00:00Z
QC-00187-POTENCY,BAT-00187,POTENCY,PASS,114.5,AU,2026-03-13T23:00:00Z,2026-03-15T11:00:00Z
QC-00187-STERILITY,BAT-00187,STERILITY,PASS,NO_GROWTH,,2026-03-13T10:00:00Z,2026-03-14T14:00:00Z
QC-00187-VIABILITY,BAT-00187,VIABILITY,OOS,68.3,%,2026-03-13T12:00:00Z,2026-03-15T09:00:00Z
QC-00187-PURITY,BAT-00187,PURITY,OOT,BORDERLINE,,2026-03-13T00:00:00Z,2026-03-14T08:00:00Z
QC-00187-SAFETY,BAT-00187,SAFETY,PASS,CONFORMING,,2026-03-13T09:00:00Z,2026-03-14T04:00:00Z
QC-00188-IDENTITY,BAT-00188,IDENTITY,PASS,CONFORMING,,2026-03-19T00:00:00Z,2026-03-19T23:00:00Z
QC-00188-POTENCY,BAT-00188,POTENCY,PASS,79.5,AU,2026-03-19T03:00:00Z,2026-03-19T15:00:00Z
QC-00188-STERILITY,BAT-00188,STERILITY,PENDING,PENDING,,2026-03-18T07:00:00Z,2026-03-19T14:00:00Z
QC-00188-VIABILITY,BAT-00188,VIABILITY,PASS,77.7,%,2026-03-19T03:00:00Z,2026-03-19T09:00:00Z
QC-00188-PURITY,BAT-00188,PURITY,PASS,CONFORMING,,2026-03-18T19:00:00Z,2026-03-19T11:00:00Z
QC-00188-SAFETY,BAT-00188,SAFETY,PASS,CONFORMING,,2026-03-18T07:00:00Z,2026-03-20T07:00:00Z
QC-00189-IDENTITY,BAT-00189,IDENTITY,PASS,CONFORMING,,2026-03-24T21:00:00Z,2026-03-26T17:00:00Z
QC-00189-POTENCY,BAT-00189,POTENCY,PASS,85.4,AU,2026-03-25T04:00:00Z,2026-03-27T11:00:00Z
QC-00189-STERILITY,BAT-00189,STERILITY,PASS,NO_GROWTH,,2026-03-25T17:00:00Z,2026-03-26T02:00:00Z
QC-00189-VIABILITY,BAT-00189,VIABILITY,PASS,80.1,%,2026-03-24T21:00:00Z,2026-03-26T18:00:00Z
QC-00189-PURITY,BAT-00189,PURITY,OOT,BORDERLINE,,2026-03-25T07:00:00Z,2026-03-26T14:00:00Z
QC-00189-SAFETY,BAT-00189,SAFETY,PASS,CONFORMING,,2026-03-25T05:00:00Z,2026-03-26T09:00:00Z
QC-00190-IDENTITY,BAT-00190,IDENTITY,PASS,CONFORMING,,2026-03-24T01:00:00Z,2026-03-26T04:00:00Z
QC-00190-POTENCY,BAT-00190,POTENCY,PASS,115.8,AU,2026-03-24T02:00:00Z,2026-03-24T22:00:00Z
QC-00190-STERILITY,BAT-00190,STERILITY,PASS,NO_GROWTH,,2026-03-23T05:00:00Z,2026-03-24T18:00:00Z
QC-00190-VIABILITY,BAT-00190,VIABILITY,PASS,73.7,%,2026-03-24T00:00:00Z,2026-03-24T14:00:00Z
QC-00190-PURITY,BAT-00190,PURITY,OOT,BORDERLINE,,2026-03-23T15:00:00Z,2026-03-24T12:00:00Z
QC-00190-SAFETY,BAT-00190,SAFETY,PASS,CONFORMING,,2026-03-24T04:00:00Z,2026-03-26T04:00:00Z
QC-00191-IDENTITY,BAT-00191,IDENTITY,PASS,CONFORMING,,2026-03-24T07:00:00Z,2026-03-24T17:00:00Z
QC-00191-POTENCY,BAT-00191,POTENCY,PASS,54.8,AU,2026-03-24T08:00:00Z,2026-03-26T05:00:00Z
QC-00191-STERILITY,BAT-00191,STERILITY,PASS,NO_GROWTH,,2026-03-24T12:00:00Z,2026-03-25T11:00:00Z
QC-00191-VIABILITY,BAT-00191,VIABILITY,PASS,72.9,%,2026-03-24T10:00:00Z,2026-03-26T02:00:00Z
QC-00191-PURITY,BAT-00191,PURITY,PASS,CONFORMING,,2026-03-23T19:00:00Z,2026-03-25T15:00:00Z
QC-00191-SAFETY,BAT-00191,SAFETY,PASS,CONFORMING,,2026-03-23T18:00:00Z,2026-03-26T05:00:00Z
QC-00192-IDENTITY,BAT-00192,IDENTITY,PASS,CONFORMING,,2026-03-18T18:00:00Z,2026-03-19T18:00:00Z
QC-00192-POTENCY,BAT-00192,POTENCY,PASS,113.5,AU,2026-03-18T06:00:00Z,2026-03-19T07:00:00Z
QC-00192-STERILITY,BAT-00192,STERILITY,PENDING,PENDING,,2026-03-18T09:00:00Z,2026-03-19T02:00:00Z
QC-00192-VIABILITY,BAT-00192,VIABILITY,OOS,67.5,%,2026-03-18T01:00:00Z,2026-03-20T20:00:00Z
QC-00192-PURITY,BAT-00192,PURITY,PASS,CONFORMING,,2026-03-18T04:00:00Z,2026-03-20T20:00:00Z
QC-00192-SAFETY,BAT-00192,SAFETY,PASS,CONFORMING,,2026-03-18T15:00:00Z,2026-03-20T14:00:00Z
QC-00193-IDENTITY,BAT-00193,IDENTITY,PASS,CONFORMING,,2026-03-19T21:00:00Z,2026-03-21T00:00:00Z
QC-00193-POTENCY,BAT-00193,POTENCY,PASS,61.1,AU,2026-03-19T19:00:00Z,2026-03-21T21:00:00Z
QC-00193-STERILITY,BAT-00193,STERILITY,PASS,NO_GROWTH,,2026-03-19T04:00:00Z,2026-03-20T03:00:00Z
QC-00193-VIABILITY,BAT-00193,VIABILITY,PASS,76.5,%,2026-03-19T10:00:00Z,2026-03-21T11:00:00Z
QC-00193-PURITY,BAT-00193,PURITY,PASS,CONFORMING,,2026-03-19T08:00:00Z,2026-03-21T15:00:00Z
QC-00193-SAFETY,BAT-00193,SAFETY,PASS,CONFORMING,,2026-03-19T11:00:00Z,2026-03-21T14:00:00Z
QC-00194-IDENTITY,BAT-00194,IDENTITY,PASS,CONFORMING,,2026-03-18T13:00:00Z,2026-03-20T20:00:00Z
QC-00194-POTENCY,BAT-00194,POTENCY,PASS,115.8,AU,2026-03-18T19:00:00Z,2026-03-20T10:00:00Z
QC-00194-STERILITY,BAT-00194,STERILITY,PASS,NO_GROWTH,,2026-03-18T14:00:00Z,2026-03-20T11:00:00Z
QC-00194-VIABILITY,BAT-00194,VIABILITY,PASS,72.5,%,2026-03-18T07:00:00Z,2026-03-20T09:00:00Z
QC-00194-PURITY,BAT-00194,PURITY,PASS,CONFORMING,,2026-03-17T21:00:00Z,2026-03-20T15:00:00Z
QC-00194-SAFETY,BAT-00194,SAFETY,PASS,CONFORMING,,2026-03-18T11:00:00Z,2026-03-19T22:00:00Z
QC-00195-IDENTITY,BAT-00195,IDENTITY,OOT,BORDERLINE,,2026-03-23T19:00:00Z,2026-03-25T08:00:00Z
QC-00195-POTENCY,BAT-00195,POTENCY,OOS,47.9,AU,2026-03-23T18:00:00Z,2026-03-26T15:00:00Z
QC-00195-STERILITY,BAT-00195,STERILITY,PASS,NO_GROWTH,,2026-03-23T23:00:00Z,2026-03-24T20:00:00Z
QC-00195-VIABILITY,BAT-00195,VIABILITY,PASS,96.2,%,2026-03-24T02:00:00Z,2026-03-26T05:00:00Z
QC-00195-PURITY,BAT-00195,PURITY,PASS,CONFORMING,,2026-03-24T12:00:00Z,2026-03-25T11:00:00Z
QC-00195-SAFETY,BAT-00195,SAFETY,OOT,BORDERLINE,,2026-03-23T15:00:00Z,2026-03-25T10:00:00Z
QC-00196-IDENTITY,BAT-00196,IDENTITY,OOT,BORDERLINE,,2026-03-23T20:00:00Z,2026-03-24T18:00:00Z
QC-00196-POTENCY,BAT-00196,POTENCY,PASS,69.0,AU,2026-03-24T07:00:00Z,2026-03-25T23:00:00Z
QC-00196-STERILITY,BAT-00196,STERILITY,PASS,NO_GROWTH,,2026-03-23T21:00:00Z,2026-03-25T08:00:00Z
QC-00196-VIABILITY,BAT-00196,VIABILITY,PASS,70.7,%,2026-03-23T22:00:00Z,2026-03-25T18:00:00Z
QC-00196-PURITY,BAT-00196,PURITY,OOT,BORDERLINE,,2026-03-24T11:00:00Z,2026-03-25T01:00:00Z
QC-00196-SAFETY,BAT-00196,SAFETY,PASS,CONFORMING,,2026-03-24T05:00:00Z,2026-03-24T19:00:00Z
QC-00197-IDENTITY,BAT-00197,IDENTITY,PASS,CONFORMING,,2026-03-24T17:00:00Z,2026-03-25T22:00:00Z
QC-00197-POTENCY,BAT-00197,POTENCY,PASS,118.9,AU,2026-03-24T19:00:00Z,2026-03-25T20:00:00Z
QC-00197-STERILITY,BAT-00197,STERILITY,PASS,NO_GROWTH,,2026-03-24T12:00:00Z,2026-03-27T02:00:00Z
QC-00197-VIABILITY,BAT-00197,VIABILITY,PASS,79.7,%,2026-03-24T12:00:00Z,2026-03-25T22:00:00Z
QC-00197-PURITY,BAT-00197,PURITY,PASS,CONFORMING,,2026-03-25T01:00:00Z,2026-03-26T19:00:00Z
QC-00197-SAFETY,BAT-00197,SAFETY,PASS,CONFORMING,,2026-03-25T00:00:00Z,2026-03-25T11:00:00Z
QC-00198-IDENTITY,BAT-00198,IDENTITY,PASS,CONFORMING,,2026-03-30T00:00:00Z,2026-04-01T07:00:00Z
QC-00198-POTENCY,BAT-00198,POTENCY,PASS,74.1,AU,2026-03-29T11:00:00Z,2026-03-31T01:00:00Z
QC-00198-STERILITY,BAT-00198,STERILITY,PENDING,PENDING,,2026-03-29T10:00:00Z,2026-03-31T06:00:00Z
QC-00198-VIABILITY,BAT-00198,VIABILITY,PASS,73.6,%,2026-03-30T02:00:00Z,2026-04-01T06:00:00Z
QC-00198-PURITY,BAT-00198,PURITY,PASS,CONFORMING,,2026-03-29T14:00:00Z,2026-03-31T18:00:00Z
QC-00198-SAFETY,BAT-00198,SAFETY,PASS,CONFORMING,,2026-03-29T14:00:00Z,2026-04-01T02:00:00Z
QC-00199-IDENTITY,BAT-00199,IDENTITY,PASS,CONFORMING,,2026-03-22T19:00:00Z,2026-03-23T23:00:00Z
QC-00199-POTENCY,BAT-00199,POTENCY,PASS,102.4,AU,2026-03-22T08:00:00Z,2026-03-23T07:00:00Z
QC-00199-STERILITY,BAT-00199,STERILITY,PASS,NO_GROWTH,,2026-03-22T12:00:00Z,2026-03-24T01:00:00Z
QC-00199-VIABILITY,BAT-00199,VIABILITY,PASS,73.7,%,2026-03-22T09:00:00Z,2026-03-23T17:00:00Z
QC-00199-PURITY,BAT-00199,PURITY,PASS,CONFORMING,,2026-03-22T22:00:00Z,2026-03-24T15:00:00Z
QC-00199-SAFETY,BAT-00199,SAFETY,OOT,BORDERLINE,,2026-03-22T22:00:00Z,2026-03-23T20:00:00Z
QC-00200-IDENTITY,BAT-00200,IDENTITY,PASS,CONFORMING,,2026-03-24T14:00:00Z,2026-03-26T03:00:00Z
QC-00200-POTENCY,BAT-00200,POTENCY,PASS,90.1,AU,2026-03-24T07:00:00Z,2026-03-24T21:00:00Z
QC-00200-STERILITY,BAT-00200,STERILITY,PENDING,PENDING,,2026-03-24T14:00:00Z,2026-03-25T11:00:00Z
QC-00200-VIABILITY,BAT-00200,VIABILITY,OOS,69.9,%,2026-03-23T20:00:00Z,2026-03-25T15:00:00Z
QC-00200-PURITY,BAT-00200,PURITY,PASS,CONFORMING,,2026-03-24T05:00:00Z,2026-03-26T04:00:00Z
QC-00200-SAFETY,BAT-00200,SAFETY,PASS,CONFORMING,,2026-03-24T00:00:00Z,2026-03-26T04:00:00Z
QC-00201-IDENTITY,BAT-00201,IDENTITY,PASS,CONFORMING,,2026-03-29T22:00:00Z,2026-04-01T03:00:00Z
QC-00201-POTENCY,BAT-00201,POTENCY,PASS,55.7,AU,2026-03-29T10:00:00Z,2026-03-30T12:00:00Z
QC-00201-STERILITY,BAT-00201,STERILITY,PENDING,PENDING,,2026-03-30T08:00:00Z,2026-03-30T22:00:00Z
QC-00201-VIABILITY,BAT-00201,VIABILITY,OOS,69.2,%,2026-03-30T00:00:00Z,2026-04-01T09:00:00Z
QC-00201-PURITY,BAT-00201,PURITY,PASS,CONFORMING,,2026-03-29T20:00:00Z,2026-04-01T10:00:00Z
QC-00201-SAFETY,BAT-00201,SAFETY,PASS,CONFORMING,,2026-03-29T16:00:00Z,2026-03-31T11:00:00Z
QC-00202-IDENTITY,BAT-00202,IDENTITY,OOT,BORDERLINE,,2026-03-29T02:00:00Z,2026-03-31T22:00:00Z
QC-00202-POTENCY,BAT-00202,POTENCY,PASS,112.3,AU,2026-03-29T15:00:00Z,2026-03-31T16:00:00Z
QC-00202-STERILITY,BAT-00202,STERILITY,PASS,NO_GROWTH,,2026-03-29T21:00:00Z,2026-03-30T16:00:00Z
QC-00202-VIABILITY,BAT-00202,VIABILITY,OOS,68.0,%,2026-03-29T14:00:00Z,2026-03-31T05:00:00Z
QC-00202-PURITY,BAT-00202,PURITY,OOT,BORDERLINE,,2026-03-29T02:00:00Z,2026-03-30T19:00:00Z
QC-00202-SAFETY,BAT-00202,SAFETY,PASS,CONFORMING,,2026-03-29T07:00:00Z,2026-03-31T11:00:00Z
QC-00203-IDENTITY,BAT-00203,IDENTITY,PASS,CONFORMING,,2026-03-28T08:00:00Z,2026-03-28T21:00:00Z
QC-00203-POTENCY,BAT-00203,POTENCY,PASS,104.2,AU,2026-03-27T14:00:00Z,2026-03-30T10:00:00Z
QC-00203-STERILITY,BAT-00203,STERILITY,PENDING,PENDING,,2026-03-28T08:00:00Z,2026-03-30T00:00:00Z
QC-00203-VIABILITY,BAT-00203,VIABILITY,PASS,74.9,%,2026-03-28T00:00:00Z,2026-03-29T07:00:00Z
QC-00203-PURITY,BAT-00203,PURITY,PASS,CONFORMING,,2026-03-27T17:00:00Z,2026-03-30T07:00:00Z
QC-00203-SAFETY,BAT-00203,SAFETY,PASS,CONFORMING,,2026-03-27T13:00:00Z,2026-03-29T04:00:00Z
QC-00204-IDENTITY,BAT-00204,IDENTITY,PASS,CONFORMING,,2026-04-02T23:00:00Z,2026-04-03T22:00:00Z
QC-00204-POTENCY,BAT-00204,POTENCY,PASS,113.1,AU,2026-04-03T15:00:00Z,2026-04-05T08:00:00Z
QC-00204-STERILITY,BAT-00204,STERILITY,PASS,NO_GROWTH,,2026-04-02T16:00:00Z,2026-04-04T19:00:00Z
QC-00204-VIABILITY,BAT-00204,VIABILITY,PASS,75.9,%,2026-04-03T11:00:00Z,2026-04-05T13:00:00Z
QC-00204-PURITY,BAT-00204,PURITY,PASS,CONFORMING,,2026-04-03T06:00:00Z,2026-04-04T13:00:00Z
QC-00204-SAFETY,BAT-00204,SAFETY,PASS,CONFORMING,,2026-04-03T03:00:00Z,2026-04-05T15:00:00Z
QC-00205-IDENTITY,BAT-00205,IDENTITY,PASS,CONFORMING,,2026-03-19T23:00:00Z,2026-03-21T02:00:00Z
QC-00205-POTENCY,BAT-00205,POTENCY,PASS,118.3,AU,2026-03-19T16:00:00Z,2026-03-20T23:00:00Z
QC-00205-STERILITY,BAT-00205,STERILITY,PASS,NO_GROWTH,,2026-03-19T07:00:00Z,2026-03-20T21:00:00Z
QC-00205-VIABILITY,BAT-00205,VIABILITY,PASS,84.1,%,2026-03-19T06:00:00Z,2026-03-20T09:00:00Z
QC-00205-PURITY,BAT-00205,PURITY,PASS,CONFORMING,,2026-03-19T21:00:00Z,2026-03-21T09:00:00Z
QC-00205-SAFETY,BAT-00205,SAFETY,PASS,CONFORMING,,2026-03-19T15:00:00Z,2026-03-20T17:00:00Z
QC-00206-IDENTITY,BAT-00206,IDENTITY,PASS,CONFORMING,,2026-03-29T21:00:00Z,2026-03-30T11:00:00Z
QC-00206-POTENCY,BAT-00206,POTENCY,PASS,89.7,AU,2026-03-29T15:00:00Z,2026-03-31T01:00:00Z
QC-00206-STERILITY,BAT-00206,STERILITY,PASS,NO_GROWTH,,2026-03-29T10:00:00Z,2026-03-31T16:00:00Z
QC-00206-VIABILITY,BAT-00206,VIABILITY,PASS,82.8,%,2026-03-29T08:00:00Z,2026-03-30T21:00:00Z
QC-00206-PURITY,BAT-00206,PURITY,OOT,BORDERLINE,,2026-03-29T18:00:00Z,2026-03-30T03:00:00Z
QC-00206-SAFETY,BAT-00206,SAFETY,OOT,BORDERLINE,,2026-03-28T23:00:00Z,2026-03-30T10:00:00Z
QC-00207-IDENTITY,BAT-00207,IDENTITY,OOT,BORDERLINE,,2026-03-24T17:00:00Z,2026-03-26T18:00:00Z
QC-00207-POTENCY,BAT-00207,POTENCY,PASS,51.7,AU,2026-03-24T22:00:00Z,2026-03-25T23:00:00Z
QC-00207-STERILITY,BAT-00207,STERILITY,PENDING,PENDING,,2026-03-25T07:00:00Z,2026-03-26T20:00:00Z
QC-00207-VIABILITY,BAT-00207,VIABILITY,PASS,71.1,%,2026-03-25T08:00:00Z,2026-03-26T05:00:00Z
QC-00207-PURITY,BAT-00207,PURITY,PASS,CONFORMING,,2026-03-24T23:00:00Z,2026-03-26T23:00:00Z
QC-00207-SAFETY,BAT-00207,SAFETY,PASS,CONFORMING,,2026-03-25T06:00:00Z,2026-03-26T06:00:00Z
QC-00208-IDENTITY,BAT-00208,IDENTITY,PASS,CONFORMING,,2026-03-30T09:00:00Z,2026-04-02T03:00:00Z
QC-00208-POTENCY,BAT-00208,POTENCY,PASS,85.8,AU,2026-03-30T13:00:00Z,2026-03-31T12:00:00Z
QC-00208-STERILITY,BAT-00208,STERILITY,PASS,NO_GROWTH,,2026-03-30T15:00:00Z,2026-03-31T17:00:00Z
QC-00208-VIABILITY,BAT-00208,VIABILITY,OOS,66.5,%,2026-03-30T12:00:00Z,2026-04-01T02:00:00Z
QC-00208-PURITY,BAT-00208,PURITY,OOT,BORDERLINE,,2026-03-30T18:00:00Z,2026-04-01T23:00:00Z
QC-00208-SAFETY,BAT-00208,SAFETY,OOT,BORDERLINE,,2026-03-30T16:00:00Z,2026-04-01T07:00:00Z
QC-00209-IDENTITY,BAT-00209,IDENTITY,PASS,CONFORMING,,2026-03-20T02:00:00Z,2026-03-22T13:00:00Z
QC-00209-POTENCY,BAT-00209,POTENCY,PASS,59.2,AU,2026-03-20T03:00:00Z,2026-03-23T01:00:00Z
QC-00209-STERILITY,BAT-00209,STERILITY,PASS,NO_GROWTH,,2026-03-20T14:00:00Z,2026-03-22T19:00:00Z
QC-00209-VIABILITY,BAT-00209,VIABILITY,PASS,76.4,%,2026-03-20T15:00:00Z,2026-03-22T15:00:00Z
QC-00209-PURITY,BAT-00209,PURITY,PASS,CONFORMING,,2026-03-20T12:00:00Z,2026-03-22T06:00:00Z
QC-00209-SAFETY,BAT-00209,SAFETY,OOT,BORDERLINE,,2026-03-21T00:00:00Z,2026-03-23T02:00:00Z
QC-00210-IDENTITY,BAT-00210,IDENTITY,PASS,CONFORMING,,2026-03-26T18:00:00Z,2026-03-27T12:00:00Z
QC-00210-POTENCY,BAT-00210,POTENCY,PASS,90.2,AU,2026-03-27T00:00:00Z,2026-03-29T02:00:00Z
QC-00210-STERILITY,BAT-00210,STERILITY,PASS,NO_GROWTH,,2026-03-26T07:00:00Z,2026-03-28T07:00:00Z
QC-00210-VIABILITY,BAT-00210,VIABILITY,PASS,75.2,%,2026-03-26T20:00:00Z,2026-03-27T21:00:00Z
QC-00210-PURITY,BAT-00210,PURITY,OOT,BORDERLINE,,2026-03-27T01:00:00Z,2026-03-27T12:00:00Z
QC-00210-SAFETY,BAT-00210,SAFETY,PASS,CONFORMING,,2026-03-26T12:00:00Z,2026-03-27T20:00:00Z
QC-00211-IDENTITY,BAT-00211,IDENTITY,PASS,CONFORMING,,2026-03-28T01:00:00Z,2026-03-28T16:00:00Z
QC-00211-POTENCY,BAT-00211,POTENCY,PASS,95.9,AU,2026-03-28T07:00:00Z,2026-03-29T05:00:00Z
QC-00211-STERILITY,BAT-00211,STERILITY,PASS,NO_GROWTH,,2026-03-27T23:00:00Z,2026-03-28T18:00:00Z
QC-00211-VIABILITY,BAT-00211,VIABILITY,PASS,74.3,%,2026-03-28T01:00:00Z,2026-03-29T21:00:00Z
QC-00211-PURITY,BAT-00211,PURITY,PASS,CONFORMING,,2026-03-28T03:00:00Z,2026-03-29T12:00:00Z
QC-00211-SAFETY,BAT-00211,SAFETY,PASS,CONFORMING,,2026-03-27T17:00:00Z,2026-03-29T21:00:00Z
QC-00212-IDENTITY,BAT-00212,IDENTITY,PASS,CONFORMING,,2026-03-30T17:00:00Z,2026-04-01T11:00:00Z
QC-00212-POTENCY,BAT-00212,POTENCY,PASS,109.9,AU,2026-03-31T00:00:00Z,2026-03-31T21:00:00Z
QC-00212-STERILITY,BAT-00212,STERILITY,PASS,NO_GROWTH,,2026-03-30T13:00:00Z,2026-04-01T12:00:00Z
QC-00212-VIABILITY,BAT-00212,VIABILITY,PASS,94.0,%,2026-03-30T05:00:00Z,2026-03-31T15:00:00Z
QC-00212-PURITY,BAT-00212,PURITY,PASS,CONFORMING,,2026-03-30T08:00:00Z,2026-04-01T14:00:00Z
QC-00212-SAFETY,BAT-00212,SAFETY,OOT,BORDERLINE,,2026-03-30T16:00:00Z,2026-04-01T08:00:00Z
QC-00213-IDENTITY,BAT-00213,IDENTITY,PASS,CONFORMING,,2026-03-26T15:00:00Z,2026-03-28T19:00:00Z
QC-00213-POTENCY,BAT-00213,POTENCY,PASS,83.0,AU,2026-03-27T00:00:00Z,2026-03-27T17:00:00Z
QC-00213-STERILITY,BAT-00213,STERILITY,PASS,NO_GROWTH,,2026-03-26T19:00:00Z,2026-03-28T13:00:00Z
QC-00213-VIABILITY,BAT-00213,VIABILITY,PASS,90.4,%,2026-03-26T15:00:00Z,2026-03-28T04:00:00Z
QC-00213-PURITY,BAT-00213,PURITY,PASS,CONFORMING,,2026-03-26T14:00:00Z,2026-03-29T06:00:00Z
QC-00213-SAFETY,BAT-00213,SAFETY,PASS,CONFORMING,,2026-03-26T14:00:00Z,2026-03-29T08:00:00Z
QC-00214-IDENTITY,BAT-00214,IDENTITY,OOT,BORDERLINE,,2026-03-31T16:00:00Z,2026-04-02T13:00:00Z
QC-00214-POTENCY,BAT-00214,POTENCY,PASS,107.4,AU,2026-03-31T12:00:00Z,2026-04-01T03:00:00Z
QC-00214-STERILITY,BAT-00214,STERILITY,PENDING,PENDING,,2026-03-30T22:00:00Z,2026-04-01T00:00:00Z
QC-00214-VIABILITY,BAT-00214,VIABILITY,PASS,94.5,%,2026-03-30T18:00:00Z,2026-04-01T02:00:00Z
QC-00214-PURITY,BAT-00214,PURITY,PASS,CONFORMING,,2026-03-31T17:00:00Z,2026-04-02T17:00:00Z
QC-00214-SAFETY,BAT-00214,SAFETY,OOT,BORDERLINE,,2026-03-31T02:00:00Z,2026-04-01T19:00:00Z
QC-00215-IDENTITY,BAT-00215,IDENTITY,OOT,BORDERLINE,,2026-03-31T18:00:00Z,2026-04-01T10:00:00Z
QC-00215-POTENCY,BAT-00215,POTENCY,PASS,58.2,AU,2026-03-31T18:00:00Z,2026-04-02T09:00:00Z
QC-00215-STERILITY,BAT-00215,STERILITY,PASS,NO_GROWTH,,2026-03-31T04:00:00Z,2026-04-01T10:00:00Z
QC-00215-VIABILITY,BAT-00215,VIABILITY,PASS,71.8,%,2026-03-31T11:00:00Z,2026-04-01T21:00:00Z
QC-00215-PURITY,BAT-00215,PURITY,PASS,CONFORMING,,2026-03-31T09:00:00Z,2026-04-01T06:00:00Z
QC-00215-SAFETY,BAT-00215,SAFETY,PASS,CONFORMING,,2026-03-31T05:00:00Z,2026-04-01T13:00:00Z
QC-00216-IDENTITY,BAT-00216,IDENTITY,PASS,CONFORMING,,2026-04-03T19:00:00Z,2026-04-05T03:00:00Z
QC-00216-POTENCY,BAT-00216,POTENCY,PASS,86.2,AU,2026-04-03T22:00:00Z,2026-04-04T04:00:00Z
QC-00216-STERILITY,BAT-00216,STERILITY,PENDING,PENDING,,2026-04-03T14:00:00Z,2026-04-05T22:00:00Z
QC-00216-VIABILITY,BAT-00216,VIABILITY,PASS,95.4,%,2026-04-03T14:00:00Z,2026-04-05T05:00:00Z
QC-00216-PURITY,BAT-00216,PURITY,PASS,CONFORMING,,2026-04-04T00:00:00Z,2026-04-04T06:00:00Z
QC-00216-SAFETY,BAT-00216,SAFETY,PASS,CONFORMING,,2026-04-03T08:00:00Z,2026-04-04T23:00:00Z
QC-00217-IDENTITY,BAT-00217,IDENTITY,PASS,CONFORMING,,2026-03-26T08:00:00Z,2026-03-28T07:00:00Z
QC-00217-POTENCY,BAT-00217,POTENCY,PASS,69.2,AU,2026-03-26T06:00:00Z,2026-03-29T03:00:00Z
QC-00217-STERILITY,BAT-00217,STERILITY,PASS,NO_GROWTH,,2026-03-26T10:00:00Z,2026-03-27T21:00:00Z
QC-00217-VIABILITY,BAT-00217,VIABILITY,PASS,75.5,%,2026-03-27T03:00:00Z,2026-03-27T22:00:00Z
QC-00217-PURITY,BAT-00217,PURITY,PASS,CONFORMING,,2026-03-27T00:00:00Z,2026-03-27T10:00:00Z
QC-00217-SAFETY,BAT-00217,SAFETY,PASS,CONFORMING,,2026-03-26T13:00:00Z,2026-03-29T02:00:00Z
QC-00218-IDENTITY,BAT-00218,IDENTITY,PASS,CONFORMING,,2026-03-28T00:00:00Z,2026-03-30T12:00:00Z
QC-00218-POTENCY,BAT-00218,POTENCY,OOS,41.4,AU,2026-03-28T04:00:00Z,2026-03-29T12:00:00Z
QC-00218-STERILITY,BAT-00218,STERILITY,PASS,NO_GROWTH,,2026-03-27T16:00:00Z,2026-03-29T02:00:00Z
QC-00218-VIABILITY,BAT-00218,VIABILITY,PASS,86.6,%,2026-03-27T22:00:00Z,2026-03-28T18:00:00Z
QC-00218-PURITY,BAT-00218,PURITY,PASS,CONFORMING,,2026-03-28T15:00:00Z,2026-03-30T01:00:00Z
QC-00218-SAFETY,BAT-00218,SAFETY,PASS,CONFORMING,,2026-03-27T16:00:00Z,2026-03-29T11:00:00Z
QC-00219-IDENTITY,BAT-00219,IDENTITY,PASS,CONFORMING,,2026-03-25T06:00:00Z,2026-03-26T11:00:00Z
QC-00219-POTENCY,BAT-00219,POTENCY,PASS,75.6,AU,2026-03-25T08:00:00Z,2026-03-27T11:00:00Z
QC-00219-STERILITY,BAT-00219,STERILITY,PASS,NO_GROWTH,,2026-03-25T06:00:00Z,2026-03-26T10:00:00Z
QC-00219-VIABILITY,BAT-00219,VIABILITY,PASS,72.5,%,2026-03-25T06:00:00Z,2026-03-27T16:00:00Z
QC-00219-PURITY,BAT-00219,PURITY,PASS,CONFORMING,,2026-03-25T05:00:00Z,2026-03-26T18:00:00Z
QC-00219-SAFETY,BAT-00219,SAFETY,OOT,BORDERLINE,,2026-03-25T00:00:00Z,2026-03-26T02:00:00Z
QC-00220-IDENTITY,BAT-00220,IDENTITY,PASS,CONFORMING,,2026-03-31T19:00:00Z,2026-04-03T14:00:00Z
QC-00220-POTENCY,BAT-00220,POTENCY,PASS,112.4,AU,2026-04-01T07:00:00Z,2026-04-03T07:00:00Z
QC-00220-STERILITY,BAT-00220,STERILITY,PASS,NO_GROWTH,,2026-04-01T10:00:00Z,2026-04-03T01:00:00Z
QC-00220-VIABILITY,BAT-00220,VIABILITY,PASS,75.2,%,2026-04-01T12:00:00Z,2026-04-03T01:00:00Z
QC-00220-PURITY,BAT-00220,PURITY,PASS,CONFORMING,,2026-04-01T01:00:00Z,2026-04-03T09:00:00Z
QC-00220-SAFETY,BAT-00220,SAFETY,PASS,CONFORMING,,2026-04-01T17:00:00Z,2026-04-03T05:00:00Z
QC-00221-IDENTITY,BAT-00221,IDENTITY,PASS,CONFORMING,,2026-04-01T06:00:00Z,2026-04-02T04:00:00Z
QC-00221-POTENCY,BAT-00221,POTENCY,PASS,55.3,AU,2026-04-01T07:00:00Z,2026-04-02T07:00:00Z
QC-00221-STERILITY,BAT-00221,STERILITY,PASS,NO_GROWTH,,2026-03-31T21:00:00Z,2026-04-01T18:00:00Z
QC-00221-VIABILITY,BAT-00221,VIABILITY,PASS,77.7,%,2026-03-31T20:00:00Z,2026-04-02T01:00:00Z
QC-00221-PURITY,BAT-00221,PURITY,OOT,BORDERLINE,,2026-03-31T17:00:00Z,2026-04-03T02:00:00Z
QC-00221-SAFETY,BAT-00221,SAFETY,PASS,CONFORMING,,2026-04-01T02:00:00Z,2026-04-03T04:00:00Z
QC-00222-IDENTITY,BAT-00222,IDENTITY,PASS,CONFORMING,,2026-04-05T23:00:00Z,2026-04-07T12:00:00Z
QC-00222-POTENCY,BAT-00222,POTENCY,PASS,119.8,AU,2026-04-05T05:00:00Z,2026-04-07T15:00:00Z
QC-00222-STERILITY,BAT-00222,STERILITY,PASS,NO_GROWTH,,2026-04-05T14:00:00Z,2026-04-06T10:00:00Z
QC-00222-VIABILITY,BAT-00222,VIABILITY,PASS,72.3,%,2026-04-05T11:00:00Z,2026-04-06T02:00:00Z
QC-00222-PURITY,BAT-00222,PURITY,PASS,CONFORMING,,2026-04-05T15:00:00Z,2026-04-07T08:00:00Z
QC-00222-SAFETY,BAT-00222,SAFETY,PASS,CONFORMING,,2026-04-05T10:00:00Z,2026-04-07T01:00:00Z
QC-00223-IDENTITY,BAT-00223,IDENTITY,PASS,CONFORMING,,2026-04-02T21:00:00Z,2026-04-05T04:00:00Z
QC-00223-POTENCY,BAT-00223,POTENCY,PASS,75.4,AU,2026-04-03T02:00:00Z,2026-04-05T13:00:00Z
QC-00223-STERILITY,BAT-00223,STERILITY,PASS,NO_GROWTH,,2026-04-03T12:00:00Z,2026-04-05T05:00:00Z
QC-00223-VIABILITY,BAT-00223,VIABILITY,PASS,86.2,%,2026-04-03T12:00:00Z,2026-04-04T04:00:00Z
QC-00223-PURITY,BAT-00223,PURITY,PASS,CONFORMING,,2026-04-03T09:00:00Z,2026-04-05T13:00:00Z
QC-00223-SAFETY,BAT-00223,SAFETY,PASS,CONFORMING,,2026-04-02T21:00:00Z,2026-04-05T13:00:00Z
QC-00224-IDENTITY,BAT-00224,IDENTITY,PASS,CONFORMING,,2026-04-05T17:00:00Z,2026-04-08T05:00:00Z
QC-00224-POTENCY,BAT-00224,POTENCY,PASS,113.8,AU,2026-04-05T19:00:00Z,2026-04-06T20:00:00Z
QC-00224-STERILITY,BAT-00224,STERILITY,PENDING,PENDING,,2026-04-05T11:00:00Z,2026-04-07T01:00:00Z
QC-00224-VIABILITY,BAT-00224,VIABILITY,PASS,93.4,%,2026-04-06T03:00:00Z,2026-04-06T13:00:00Z
QC-00224-PURITY,BAT-00224,PURITY,PASS,CONFORMING,,2026-04-05T23:00:00Z,2026-04-08T02:00:00Z
QC-00224-SAFETY,BAT-00224,SAFETY,PASS,CONFORMING,,2026-04-06T04:00:00Z,2026-04-06T13:00:00Z
QC-00225-IDENTITY,BAT-00225,IDENTITY,PASS,CONFORMING,,2026-04-05T04:00:00Z,2026-04-07T05:00:00Z
QC-00225-POTENCY,BAT-00225,POTENCY,PASS,87.9,AU,2026-04-05T14:00:00Z,2026-04-06T08:00:00Z
QC-00225-STERILITY,BAT-00225,STERILITY,PENDING,PENDING,,2026-04-04T21:00:00Z,2026-04-06T18:00:00Z
QC-00225-VIABILITY,BAT-00225,VIABILITY,PASS,92.6,%,2026-04-05T13:00:00Z,2026-04-07T04:00:00Z
QC-00225-PURITY,BAT-00225,PURITY,PASS,CONFORMING,,2026-04-05T09:00:00Z,2026-04-06T11:00:00Z
QC-00225-SAFETY,BAT-00225,SAFETY,PASS,CONFORMING,,2026-04-05T03:00:00Z,2026-04-06T03:00:00Z
QC-00226-IDENTITY,BAT-00226,IDENTITY,PASS,CONFORMING,,2026-03-31T02:00:00Z,2026-04-02T05:00:00Z
QC-00226-POTENCY,BAT-00226,POTENCY,PASS,71.6,AU,2026-03-31T23:00:00Z,2026-04-01T18:00:00Z
QC-00226-STERILITY,BAT-00226,STERILITY,PASS,NO_GROWTH,,2026-03-31T09:00:00Z,2026-04-02T01:00:00Z
QC-00226-VIABILITY,BAT-00226,VIABILITY,PASS,79.6,%,2026-03-31T16:00:00Z,2026-04-03T02:00:00Z
QC-00226-PURITY,BAT-00226,PURITY,PASS,CONFORMING,,2026-03-31T16:00:00Z,2026-04-02T21:00:00Z
QC-00226-SAFETY,BAT-00226,SAFETY,PASS,CONFORMING,,2026-03-31T21:00:00Z,2026-04-01T11:00:00Z
QC-00227-IDENTITY,BAT-00227,IDENTITY,PASS,CONFORMING,,2026-03-29T04:00:00Z,2026-03-31T10:00:00Z
QC-00227-POTENCY,BAT-00227,POTENCY,PASS,69.5,AU,2026-03-29T04:00:00Z,2026-03-31T11:00:00Z
QC-00227-STERILITY,BAT-00227,STERILITY,PASS,NO_GROWTH,,2026-03-29T15:00:00Z,2026-03-30T05:00:00Z
QC-00227-VIABILITY,BAT-00227,VIABILITY,PASS,88.4,%,2026-03-28T18:00:00Z,2026-03-30T14:00:00Z
QC-00227-PURITY,BAT-00227,PURITY,PASS,CONFORMING,,2026-03-28T21:00:00Z,2026-03-30T13:00:00Z
QC-00227-SAFETY,BAT-00227,SAFETY,PASS,CONFORMING,,2026-03-28T20:00:00Z,2026-03-30T14:00:00Z
QC-00228-IDENTITY,BAT-00228,IDENTITY,OOT,BORDERLINE,,2026-04-02T14:00:00Z,2026-04-04T11:00:00Z
QC-00228-POTENCY,BAT-00228,POTENCY,PASS,98.6,AU,2026-04-02T16:00:00Z,2026-04-04T23:00:00Z
QC-00228-STERILITY,BAT-00228,STERILITY,PENDING,PENDING,,2026-04-02T11:00:00Z,2026-04-04T17:00:00Z
QC-00228-VIABILITY,BAT-00228,VIABILITY,PASS,96.0,%,2026-04-02T09:00:00Z,2026-04-04T19:00:00Z
QC-00228-PURITY,BAT-00228,PURITY,PASS,CONFORMING,,2026-04-02T08:00:00Z,2026-04-04T05:00:00Z
QC-00228-SAFETY,BAT-00228,SAFETY,PASS,CONFORMING,,2026-04-02T13:00:00Z,2026-04-04T19:00:00Z
QC-00229-IDENTITY,BAT-00229,IDENTITY,PASS,CONFORMING,,2026-04-08T08:00:00Z,2026-04-10T03:00:00Z
QC-00229-POTENCY,BAT-00229,POTENCY,PASS,56.2,AU,2026-04-08T09:00:00Z,2026-04-10T09:00:00Z
QC-00229-STERILITY,BAT-00229,STERILITY,PASS,NO_GROWTH,,2026-04-07T20:00:00Z,2026-04-08T19:00:00Z
QC-00229-VIABILITY,BAT-00229,VIABILITY,OOS,67.0,%,2026-04-07T22:00:00Z,2026-04-08T23:00:00Z
QC-00229-PURITY,BAT-00229,PURITY,PASS,CONFORMING,,2026-04-08T14:00:00Z,2026-04-09T22:00:00Z
QC-00229-SAFETY,BAT-00229,SAFETY,PASS,CONFORMING,,2026-04-08T00:00:00Z,2026-04-09T01:00:00Z
QC-00230-IDENTITY,BAT-00230,IDENTITY,PASS,CONFORMING,,2026-03-31T00:00:00Z,2026-04-01T05:00:00Z
QC-00230-POTENCY,BAT-00230,POTENCY,PASS,101.8,AU,2026-03-31T07:00:00Z,2026-04-01T00:00:00Z
QC-00230-STERILITY,BAT-00230,STERILITY,PASS,NO_GROWTH,,2026-03-31T14:00:00Z,2026-04-01T12:00:00Z
QC-00230-VIABILITY,BAT-00230,VIABILITY,PASS,76.4,%,2026-03-30T17:00:00Z,2026-04-01T04:00:00Z
QC-00230-PURITY,BAT-00230,PURITY,PASS,CONFORMING,,2026-03-31T04:00:00Z,2026-04-02T03:00:00Z
QC-00230-SAFETY,BAT-00230,SAFETY,PASS,CONFORMING,,2026-03-31T01:00:00Z,2026-04-02T07:00:00Z
QC-00231-IDENTITY,BAT-00231,IDENTITY,OOT,BORDERLINE,,2026-03-30T22:00:00Z,2026-04-02T09:00:00Z
QC-00231-POTENCY,BAT-00231,POTENCY,PASS,73.4,AU,2026-03-31T02:00:00Z,2026-04-01T18:00:00Z
QC-00231-STERILITY,BAT-00231,STERILITY,PASS,NO_GROWTH,,2026-03-31T11:00:00Z,2026-04-01T14:00:00Z
QC-00231-VIABILITY,BAT-00231,VIABILITY,PASS,76.8,%,2026-03-31T11:00:00Z,2026-04-02T14:00:00Z
QC-00231-PURITY,BAT-00231,PURITY,PASS,CONFORMING,,2026-03-31T10:00:00Z,2026-04-01T01:00:00Z
QC-00231-SAFETY,BAT-00231,SAFETY,PASS,CONFORMING,,2026-03-31T10:00:00Z,2026-04-02T11:00:00Z
QC-00232-IDENTITY,BAT-00232,IDENTITY,OOT,BORDERLINE,,2026-04-05T08:00:00Z,2026-04-07T12:00:00Z
QC-00232-POTENCY,BAT-00232,POTENCY,OOS,40.2,AU,2026-04-05T22:00:00Z,2026-04-06T13:00:00Z
QC-00232-STERILITY,BAT-00232,STERILITY,PENDING,PENDING,,2026-04-05T13:00:00Z,2026-04-07T16:00:00Z
QC-00232-VIABILITY,BAT-00232,VIABILITY,OOS,69.5,%,2026-04-05T15:00:00Z,2026-04-08T06:00:00Z
QC-00232-PURITY,BAT-00232,PURITY,PASS,CONFORMING,,2026-04-05T15:00:00Z,2026-04-06T16:00:00Z
QC-00232-SAFETY,BAT-00232,SAFETY,PASS,CONFORMING,,2026-04-05T17:00:00Z,2026-04-06T18:00:00Z
QC-00233-IDENTITY,BAT-00233,IDENTITY,PASS,CONFORMING,,2026-04-02T15:00:00Z,2026-04-05T08:00:00Z
QC-00233-POTENCY,BAT-00233,POTENCY,PASS,111.5,AU,2026-04-02T15:00:00Z,2026-04-05T08:00:00Z
QC-00233-STERILITY,BAT-00233,STERILITY,PENDING,PENDING,,2026-04-03T06:00:00Z,2026-04-03T21:00:00Z
QC-00233-VIABILITY,BAT-00233,VIABILITY,PASS,87.7,%,2026-04-02T21:00:00Z,2026-04-05T00:00:00Z
QC-00233-PURITY,BAT-00233,PURITY,OOT,BORDERLINE,,2026-04-03T10:00:00Z,2026-04-04T10:00:00Z
QC-00233-SAFETY,BAT-00233,SAFETY,PASS,CONFORMING,,2026-04-02T22:00:00Z,2026-04-05T11:00:00Z
QC-00234-IDENTITY,BAT-00234,IDENTITY,PASS,CONFORMING,,2026-04-03T10:00:00Z,2026-04-04T16:00:00Z
QC-00234-POTENCY,BAT-00234,POTENCY,PASS,119.4,AU,2026-04-03T09:00:00Z,2026-04-04T11:00:00Z
QC-00234-STERILITY,BAT-00234,STERILITY,PASS,NO_GROWTH,,2026-04-04T00:00:00Z,2026-04-04T23:00:00Z
QC-00234-VIABILITY,BAT-00234,VIABILITY,PASS,75.9,%,2026-04-04T01:00:00Z,2026-04-05T21:00:00Z
QC-00234-PURITY,BAT-00234,PURITY,OOT,BORDERLINE,,2026-04-03T13:00:00Z,2026-04-05T09:00:00Z
QC-00234-SAFETY,BAT-00234,SAFETY,OOT,BORDERLINE,,2026-04-03T15:00:00Z,2026-04-05T16:00:00Z
QC-00235-IDENTITY,BAT-00235,IDENTITY,PASS,CONFORMING,,2026-04-07T10:00:00Z,2026-04-08T09:00:00Z
QC-00235-POTENCY,BAT-00235,POTENCY,PASS,86.2,AU,2026-04-06T11:00:00Z,2026-04-07T16:00:00Z
QC-00235-STERILITY,BAT-00235,STERILITY,PASS,NO_GROWTH,,2026-04-07T06:00:00Z,2026-04-08T14:00:00Z
QC-00235-VIABILITY,BAT-00235,VIABILITY,PASS,82.0,%,2026-04-07T01:00:00Z,2026-04-08T01:00:00Z
QC-00235-PURITY,BAT-00235,PURITY,PASS,CONFORMING,,2026-04-06T19:00:00Z,2026-04-07T17:00:00Z
QC-00235-SAFETY,BAT-00235,SAFETY,PASS,CONFORMING,,2026-04-07T02:00:00Z,2026-04-08T13:00:00Z
QC-00236-IDENTITY,BAT-00236,IDENTITY,PASS,CONFORMING,,2026-04-07T20:00:00Z,2026-04-08T11:00:00Z
QC-00236-POTENCY,BAT-00236,POTENCY,PASS,66.7,AU,2026-04-07T09:00:00Z,2026-04-09T17:00:00Z
QC-00236-STERILITY,BAT-00236,STERILITY,PASS,NO_GROWTH,,2026-04-07T13:00:00Z,2026-04-10T00:00:00Z
QC-00236-VIABILITY,BAT-00236,VIABILITY,PASS,77.3,%,2026-04-07T07:00:00Z,2026-04-08T05:00:00Z
QC-00236-PURITY,BAT-00236,PURITY,PASS,CONFORMING,,2026-04-07T12:00:00Z,2026-04-09T15:00:00Z
QC-00236-SAFETY,BAT-00236,SAFETY,PASS,CONFORMING,,2026-04-07T10:00:00Z,2026-04-09T08:00:00Z
QC-00237-IDENTITY,BAT-00237,IDENTITY,OOT,BORDERLINE,,2026-04-04T00:00:00Z,2026-04-04T17:00:00Z
QC-00237-POTENCY,BAT-00237,POTENCY,PASS,84.2,AU,2026-04-04T02:00:00Z,2026-04-05T07:00:00Z
QC-00237-STERILITY,BAT-00237,STERILITY,PENDING,PENDING,,2026-04-03T19:00:00Z,2026-04-06T07:00:00Z
QC-00237-VIABILITY,BAT-00237,VIABILITY,PASS,89.4,%,2026-04-04T05:00:00Z,2026-04-05T00:00:00Z
QC-00237-PURITY,BAT-00237,PURITY,PASS,CONFORMING,,2026-04-03T12:00:00Z,2026-04-04T19:00:00Z
QC-00237-SAFETY,BAT-00237,SAFETY,PASS,CONFORMING,,2026-04-04T08:00:00Z,2026-04-04T22:00:00Z
QC-00238-IDENTITY,BAT-00238,IDENTITY,PASS,CONFORMING,,2026-04-03T20:00:00Z,2026-04-04T17:00:00Z
QC-00238-POTENCY,BAT-00238,POTENCY,PASS,65.3,AU,2026-04-03T18:00:00Z,2026-04-05T01:00:00Z
QC-00238-STERILITY,BAT-00238,STERILITY,PASS,NO_GROWTH,,2026-04-03T17:00:00Z,2026-04-04T16:00:00Z
QC-00238-VIABILITY,BAT-00238,VIABILITY,PASS,77.8,%,2026-04-03T18:00:00Z,2026-04-06T03:00:00Z
QC-00238-PURITY,BAT-00238,PURITY,OOT,BORDERLINE,,2026-04-03T17:00:00Z,2026-04-04T19:00:00Z
QC-00238-SAFETY,BAT-00238,SAFETY,PASS,CONFORMING,,2026-04-04T05:00:00Z,2026-04-05T15:00:00Z
QC-00239-IDENTITY,BAT-00239,IDENTITY,PASS,CONFORMING,,2026-04-10T05:00:00Z,2026-04-11T12:00:00Z
QC-00239-POTENCY,BAT-00239,POTENCY,PASS,78.3,AU,2026-04-10T13:00:00Z,2026-04-10T20:00:00Z
QC-00239-STERILITY,BAT-00239,STERILITY,PASS,NO_GROWTH,,2026-04-10T00:00:00Z,2026-04-12T07:00:00Z
QC-00239-VIABILITY,BAT-00239,VIABILITY,PASS,95.7,%,2026-04-09T18:00:00Z,2026-04-12T12:00:00Z
QC-00239-PURITY,BAT-00239,PURITY,OOT,BORDERLINE,,2026-04-10T05:00:00Z,2026-04-11T07:00:00Z
QC-00239-SAFETY,BAT-00239,SAFETY,PASS,CONFORMING,,2026-04-09T21:00:00Z,2026-04-11T11:00:00Z
QC-00240-IDENTITY,BAT-00240,IDENTITY,PASS,CONFORMING,,2026-04-03T20:00:00Z,2026-04-06T09:00:00Z
QC-00240-POTENCY,BAT-00240,POTENCY,PASS,111.0,AU,2026-04-04T09:00:00Z,2026-04-04T16:00:00Z
QC-00240-STERILITY,BAT-00240,STERILITY,PASS,NO_GROWTH,,2026-04-03T18:00:00Z,2026-04-04T17:00:00Z
QC-00240-VIABILITY,BAT-00240,VIABILITY,PASS,96.7,%,2026-04-03T21:00:00Z,2026-04-05T07:00:00Z
QC-00240-PURITY,BAT-00240,PURITY,PASS,CONFORMING,,2026-04-04T05:00:00Z,2026-04-04T21:00:00Z
QC-00240-SAFETY,BAT-00240,SAFETY,OOT,BORDERLINE,,2026-04-03T12:00:00Z,2026-04-06T00:00:00Z
QC-00241-IDENTITY,BAT-00241,IDENTITY,OOT,BORDERLINE,,2026-04-14T04:00:00Z,2026-04-15T06:00:00Z
QC-00241-POTENCY,BAT-00241,POTENCY,PASS,55.4,AU,2026-04-13T22:00:00Z,2026-04-15T20:00:00Z
QC-00241-STERILITY,BAT-00241,STERILITY,PENDING,PENDING,,2026-04-14T03:00:00Z,2026-04-15T01:00:00Z
QC-00241-VIABILITY,BAT-00241,VIABILITY,OOS,65.9,%,2026-04-13T13:00:00Z,2026-04-15T12:00:00Z
QC-00241-PURITY,BAT-00241,PURITY,PASS,CONFORMING,,2026-04-13T18:00:00Z,2026-04-15T17:00:00Z
QC-00241-SAFETY,BAT-00241,SAFETY,PASS,CONFORMING,,2026-04-13T22:00:00Z,2026-04-14T12:00:00Z
QC-00242-IDENTITY,BAT-00242,IDENTITY,PASS,CONFORMING,,2026-04-05T02:00:00Z,2026-04-05T17:00:00Z
QC-00242-POTENCY,BAT-00242,POTENCY,PASS,73.9,AU,2026-04-04T20:00:00Z,2026-04-06T22:00:00Z
QC-00242-STERILITY,BAT-00242,STERILITY,PASS,NO_GROWTH,,2026-04-05T00:00:00Z,2026-04-06T17:00:00Z
QC-00242-VIABILITY,BAT-00242,VIABILITY,OOS,69.8,%,2026-04-05T03:00:00Z,2026-04-06T06:00:00Z
QC-00242-PURITY,BAT-00242,PURITY,PASS,CONFORMING,,2026-04-05T08:00:00Z,2026-04-05T16:00:00Z
QC-00242-SAFETY,BAT-00242,SAFETY,PASS,CONFORMING,,2026-04-04T16:00:00Z,2026-04-07T07:00:00Z
QC-00243-IDENTITY,BAT-00243,IDENTITY,OOT,BORDERLINE,,2026-04-04T03:00:00Z,2026-04-05T04:00:00Z
QC-00243-POTENCY,BAT-00243,POTENCY,PASS,93.6,AU,2026-04-04T09:00:00Z,2026-04-05T04:00:00Z
QC-00243-STERILITY,BAT-00243,STERILITY,PASS,NO_GROWTH,,2026-04-04T13:00:00Z,2026-04-05T18:00:00Z
QC-00243-VIABILITY,BAT-00243,VIABILITY,OOS,69.9,%,2026-04-03T23:00:00Z,2026-04-05T22:00:00Z
QC-00243-PURITY,BAT-00243,PURITY,PASS,CONFORMING,,2026-04-04T15:00:00Z,2026-04-05T09:00:00Z
QC-00243-SAFETY,BAT-00243,SAFETY,PASS,CONFORMING,,2026-04-04T05:00:00Z,2026-04-05T21:00:00Z
QC-00244-IDENTITY,BAT-00244,IDENTITY,PASS,CONFORMING,,2026-04-10T03:00:00Z,2026-04-11T06:00:00Z
QC-00244-POTENCY,BAT-00244,POTENCY,PASS,80.0,AU,2026-04-10T05:00:00Z,2026-04-11T07:00:00Z
QC-00244-STERILITY,BAT-00244,STERILITY,PASS,NO_GROWTH,,2026-04-10T08:00:00Z,2026-04-10T12:00:00Z
QC-00244-VIABILITY,BAT-00244,VIABILITY,PASS,84.9,%,2026-04-09T16:00:00Z,2026-04-10T13:00:00Z
QC-00244-PURITY,BAT-00244,PURITY,PASS,CONFORMING,,2026-04-10T05:00:00Z,2026-04-11T10:00:00Z
QC-00244-SAFETY,BAT-00244,SAFETY,OOT,BORDERLINE,,2026-04-09T12:00:00Z,2026-04-10T18:00:00Z
QC-00245-IDENTITY,BAT-00245,IDENTITY,PASS,CONFORMING,,2026-04-03T03:00:00Z,2026-04-04T10:00:00Z
QC-00245-POTENCY,BAT-00245,POTENCY,PASS,85.6,AU,2026-04-03T12:00:00Z,2026-04-05T09:00:00Z
QC-00245-STERILITY,BAT-00245,STERILITY,PENDING,PENDING,,2026-04-03T00:00:00Z,2026-04-05T05:00:00Z
QC-00245-VIABILITY,BAT-00245,VIABILITY,PASS,75.7,%,2026-04-02T19:00:00Z,2026-04-05T06:00:00Z
QC-00245-PURITY,BAT-00245,PURITY,OOT,BORDERLINE,,2026-04-03T01:00:00Z,2026-04-03T20:00:00Z
QC-00245-SAFETY,BAT-00245,SAFETY,OOT,BORDERLINE,,2026-04-02T21:00:00Z,2026-04-04T08:00:00Z
QC-00246-IDENTITY,BAT-00246,IDENTITY,PASS,CONFORMING,,2026-04-07T11:00:00Z,2026-04-09T09:00:00Z
QC-00246-POTENCY,BAT-00246,POTENCY,PASS,89.2,AU,2026-04-07T08:00:00Z,2026-04-08T13:00:00Z
QC-00246-STERILITY,BAT-00246,STERILITY,PASS,NO_GROWTH,,2026-04-08T04:00:00Z,2026-04-08T15:00:00Z
QC-00246-VIABILITY,BAT-00246,VIABILITY,PASS,94.0,%,2026-04-07T11:00:00Z,2026-04-09T08:00:00Z
QC-00246-PURITY,BAT-00246,PURITY,PASS,CONFORMING,,2026-04-08T00:00:00Z,2026-04-09T09:00:00Z
QC-00246-SAFETY,BAT-00246,SAFETY,PASS,CONFORMING,,2026-04-07T09:00:00Z,2026-04-09T13:00:00Z
QC-00247-IDENTITY,BAT-00247,IDENTITY,OOT,BORDERLINE,,2026-04-08T07:00:00Z,2026-04-10T07:00:00Z
QC-00247-POTENCY,BAT-00247,POTENCY,PASS,61.4,AU,2026-04-07T23:00:00Z,2026-04-09T05:00:00Z
QC-00247-STERILITY,BAT-00247,STERILITY,PENDING,PENDING,,2026-04-08T18:00:00Z,2026-04-10T10:00:00Z
QC-00247-VIABILITY,BAT-00247,VIABILITY,OOS,68.4,%,2026-04-08T08:00:00Z,2026-04-10T05:00:00Z
QC-00247-PURITY,BAT-00247,PURITY,OOT,BORDERLINE,,2026-04-08T08:00:00Z,2026-04-10T22:00:00Z
QC-00247-SAFETY,BAT-00247,SAFETY,OOT,BORDERLINE,,2026-04-08T07:00:00Z,2026-04-09T18:00:00Z
QC-00248-IDENTITY,BAT-00248,IDENTITY,OOT,BORDERLINE,,2026-04-09T01:00:00Z,2026-04-11T04:00:00Z
QC-00248-POTENCY,BAT-00248,POTENCY,PASS,90.4,AU,2026-04-08T19:00:00Z,2026-04-09T06:00:00Z
QC-00248-STERILITY,BAT-00248,STERILITY,PENDING,PENDING,,2026-04-08T06:00:00Z,2026-04-09T09:00:00Z
QC-00248-VIABILITY,BAT-00248,VIABILITY,OOS,67.9,%,2026-04-08T08:00:00Z,2026-04-09T06:00:00Z
QC-00248-PURITY,BAT-00248,PURITY,PASS,CONFORMING,,2026-04-08T22:00:00Z,2026-04-09T09:00:00Z
QC-00248-SAFETY,BAT-00248,SAFETY,PASS,CONFORMING,,2026-04-08T06:00:00Z,2026-04-10T12:00:00Z
QC-00249-IDENTITY,BAT-00249,IDENTITY,PASS,CONFORMING,,2026-04-06T12:00:00Z,2026-04-08T19:00:00Z
QC-00249-POTENCY,BAT-00249,POTENCY,OOS,41.8,AU,2026-04-07T00:00:00Z,2026-04-08T05:00:00Z
QC-00249-STERILITY,BAT-00249,STERILITY,PASS,NO_GROWTH,,2026-04-07T00:00:00Z,2026-04-07T11:00:00Z
QC-00249-VIABILITY,BAT-00249,VIABILITY,PASS,86.5,%,2026-04-06T08:00:00Z,2026-04-08T03:00:00Z
QC-00249-PURITY,BAT-00249,PURITY,OOT,BORDERLINE,,2026-04-07T04:00:00Z,2026-04-08T18:00:00Z
QC-00249-SAFETY,BAT-00249,SAFETY,PASS,CONFORMING,,2026-04-06T22:00:00Z,2026-04-07T12:00:00Z
QC-00250-IDENTITY,BAT-00250,IDENTITY,OOT,BORDERLINE,,2026-04-10T22:00:00Z,2026-04-12T03:00:00Z
QC-00250-POTENCY,BAT-00250,POTENCY,PASS,60.5,AU,2026-04-10T13:00:00Z,2026-04-11T20:00:00Z
QC-00250-STERILITY,BAT-00250,STERILITY,PASS,NO_GROWTH,,2026-04-10T20:00:00Z,2026-04-12T00:00:00Z
QC-00250-VIABILITY,BAT-00250,VIABILITY,PASS,81.4,%,2026-04-10T13:00:00Z,2026-04-12T07:00:00Z
QC-00250-PURITY,BAT-00250,PURITY,PASS,CONFORMING,,2026-04-10T13:00:00Z,2026-04-11T21:00:00Z
QC-00250-SAFETY,BAT-00250,SAFETY,PASS,CONFORMING,,2026-04-10T22:00:00Z,2026-04-13T07:00:00Z
QC-00251-IDENTITY,BAT-00251,IDENTITY,PASS,CONFORMING,,2026-04-09T06:00:00Z,2026-04-11T05:00:00Z
QC-00251-POTENCY,BAT-00251,POTENCY,PASS,55.2,AU,2026-04-09T10:00:00Z,2026-04-11T16:00:00Z
QC-00251-STERILITY,BAT-00251,STERILITY,PASS,NO_GROWTH,,2026-04-09T04:00:00Z,2026-04-11T05:00:00Z
QC-00251-VIABILITY,BAT-00251,VIABILITY,PASS,79.0,%,2026-04-09T15:00:00Z,2026-04-11T11:00:00Z
QC-00251-PURITY,BAT-00251,PURITY,OOT,BORDERLINE,,2026-04-08T20:00:00Z,2026-04-11T05:00:00Z
QC-00251-SAFETY,BAT-00251,SAFETY,OOT,BORDERLINE,,2026-04-08T21:00:00Z,2026-04-10T08:00:00Z
QC-00252-IDENTITY,BAT-00252,IDENTITY,PASS,CONFORMING,,2026-04-06T11:00:00Z,2026-04-08T15:00:00Z
QC-00252-POTENCY,BAT-00252,POTENCY,OOS,47.2,AU,2026-04-06T18:00:00Z,2026-04-07T08:00:00Z
QC-00252-STERILITY,BAT-00252,STERILITY,PASS,NO_GROWTH,,2026-04-06T10:00:00Z,2026-04-08T14:00:00Z
QC-00252-VIABILITY,BAT-00252,VIABILITY,PASS,80.2,%,2026-04-06T02:00:00Z,2026-04-06T23:00:00Z
QC-00252-PURITY,BAT-00252,PURITY,OOT,BORDERLINE,,2026-04-06T16:00:00Z,2026-04-07T03:00:00Z
QC-00252-SAFETY,BAT-00252,SAFETY,OOT,BORDERLINE,,2026-04-06T18:00:00Z,2026-04-07T09:00:00Z
QC-00253-IDENTITY,BAT-00253,IDENTITY,PASS,CONFORMING,,2026-04-08T18:00:00Z,2026-04-09T14:00:00Z
QC-00253-POTENCY,BAT-00253,POTENCY,PASS,115.9,AU,2026-04-08T04:00:00Z,2026-04-09T21:00:00Z
QC-00253-STERILITY,BAT-00253,STERILITY,PASS,NO_GROWTH,,2026-04-08T02:00:00Z,2026-04-10T13:00:00Z
QC-00253-VIABILITY,BAT-00253,VIABILITY,PASS,89.2,%,2026-04-08T10:00:00Z,2026-04-10T13:00:00Z
QC-00253-PURITY,BAT-00253,PURITY,PASS,CONFORMING,,2026-04-08T15:00:00Z,2026-04-09T11:00:00Z
QC-00253-SAFETY,BAT-00253,SAFETY,PASS,CONFORMING,,2026-04-08T13:00:00Z,2026-04-10T23:00:00Z
QC-00254-IDENTITY,BAT-00254,IDENTITY,OOT,BORDERLINE,,2026-04-08T21:00:00Z,2026-04-11T09:00:00Z
QC-00254-POTENCY,BAT-00254,POTENCY,PASS,78.6,AU,2026-04-09T03:00:00Z,2026-04-10T01:00:00Z
QC-00254-STERILITY,BAT-00254,STERILITY,PENDING,PENDING,,2026-04-09T03:00:00Z,2026-04-09T13:00:00Z
QC-00254-VIABILITY,BAT-00254,VIABILITY,PASS,70.1,%,2026-04-09T08:00:00Z,2026-04-11T10:00:00Z
QC-00254-PURITY,BAT-00254,PURITY,PASS,CONFORMING,,2026-04-08T14:00:00Z,2026-04-10T15:00:00Z
QC-00254-SAFETY,BAT-00254,SAFETY,PASS,CONFORMING,,2026-04-08T16:00:00Z,2026-04-09T16:00:00Z
QC-00255-IDENTITY,BAT-00255,IDENTITY,OOT,BORDERLINE,,2026-04-11T20:00:00Z,2026-04-13T07:00:00Z
QC-00255-POTENCY,BAT-00255,POTENCY,PASS,53.9,AU,2026-04-11T08:00:00Z,2026-04-13T01:00:00Z
QC-00255-STERILITY,BAT-00255,STERILITY,PASS,NO_GROWTH,,2026-04-11T06:00:00Z,2026-04-12T08:00:00Z
QC-00255-VIABILITY,BAT-00255,VIABILITY,PASS,83.4,%,2026-04-11T08:00:00Z,2026-04-13T23:00:00Z
QC-00255-PURITY,BAT-00255,PURITY,OOT,BORDERLINE,,2026-04-11T07:00:00Z,2026-04-13T03:00:00Z
QC-00255-SAFETY,BAT-00255,SAFETY,PASS,CONFORMING,,2026-04-11T04:00:00Z,2026-04-12T18:00:00Z
QC-00256-IDENTITY,BAT-00256,IDENTITY,PASS,CONFORMING,,2026-04-03T23:00:00Z,2026-04-06T16:00:00Z
QC-00256-POTENCY,BAT-00256,POTENCY,PASS,108.0,AU,2026-04-04T17:00:00Z,2026-04-06T19:00:00Z
QC-00256-STERILITY,BAT-00256,STERILITY,PASS,NO_GROWTH,,2026-04-04T06:00:00Z,2026-04-06T18:00:00Z
QC-00256-VIABILITY,BAT-00256,VIABILITY,OOS,68.6,%,2026-04-04T05:00:00Z,2026-04-05T06:00:00Z
QC-00256-PURITY,BAT-00256,PURITY,PASS,CONFORMING,,2026-04-04T05:00:00Z,2026-04-05T02:00:00Z
QC-00256-SAFETY,BAT-00256,SAFETY,PASS,CONFORMING,,2026-04-04T17:00:00Z,2026-04-06T14:00:00Z
QC-00257-IDENTITY,BAT-00257,IDENTITY,PASS,CONFORMING,,2026-04-05T10:00:00Z,2026-04-07T20:00:00Z
QC-00257-POTENCY,BAT-00257,POTENCY,PASS,73.6,AU,2026-04-05T09:00:00Z,2026-04-07T14:00:00Z
QC-00257-STERILITY,BAT-00257,STERILITY,PASS,NO_GROWTH,,2026-04-05T02:00:00Z,2026-04-06T18:00:00Z
QC-00257-VIABILITY,BAT-00257,VIABILITY,PASS,88.0,%,2026-04-05T02:00:00Z,2026-04-07T14:00:00Z
QC-00257-PURITY,BAT-00257,PURITY,OOT,BORDERLINE,,2026-04-05T02:00:00Z,2026-04-06T15:00:00Z
QC-00257-SAFETY,BAT-00257,SAFETY,PASS,CONFORMING,,2026-04-05T10:00:00Z,2026-04-07T22:00:00Z
QC-00258-IDENTITY,BAT-00258,IDENTITY,PASS,CONFORMING,,2026-04-14T02:00:00Z,2026-04-16T12:00:00Z
QC-00258-POTENCY,BAT-00258,POTENCY,PASS,59.7,AU,2026-04-14T21:00:00Z,2026-04-15T04:00:00Z
QC-00258-STERILITY,BAT-00258,STERILITY,PASS,NO_GROWTH,,2026-04-14T07:00:00Z,2026-04-16T05:00:00Z
QC-00258-VIABILITY,BAT-00258,VIABILITY,PASS,86.4,%,2026-04-14T03:00:00Z,2026-04-16T14:00:00Z
QC-00258-PURITY,BAT-00258,PURITY,OOT,BORDERLINE,,2026-04-14T10:00:00Z,2026-04-16T11:00:00Z
QC-00258-SAFETY,BAT-00258,SAFETY,PASS,CONFORMING,,2026-04-14T15:00:00Z,2026-04-15T10:00:00Z
QC-00259-IDENTITY,BAT-00259,IDENTITY,PASS,CONFORMING,,2026-04-16T16:00:00Z,2026-04-18T09:00:00Z
QC-00259-POTENCY,BAT-00259,POTENCY,PASS,72.7,AU,2026-04-16T11:00:00Z,2026-04-18T12:00:00Z
QC-00259-STERILITY,BAT-00259,STERILITY,PASS,NO_GROWTH,,2026-04-16T11:00:00Z,2026-04-17T23:00:00Z
QC-00259-VIABILITY,BAT-00259,VIABILITY,PASS,96.4,%,2026-04-16T18:00:00Z,2026-04-18T16:00:00Z
QC-00259-PURITY,BAT-00259,PURITY,PASS,CONFORMING,,2026-04-16T02:00:00Z,2026-04-18T05:00:00Z
QC-00259-SAFETY,BAT-00259,SAFETY,PASS,CONFORMING,,2026-04-16T12:00:00Z,2026-04-17T01:00:00Z
QC-00260-IDENTITY,BAT-00260,IDENTITY,OOT,BORDERLINE,,2026-04-09T18:00:00Z,2026-04-11T22:00:00Z
QC-00260-POTENCY,BAT-00260,POTENCY,PASS,94.5,AU,2026-04-10T05:00:00Z,2026-04-11T05:00:00Z
QC-00260-STERILITY,BAT-00260,STERILITY,PASS,NO_GROWTH,,2026-04-10T08:00:00Z,2026-04-12T01:00:00Z
QC-00260-VIABILITY,BAT-00260,VIABILITY,OOS,67.7,%,2026-04-10T05:00:00Z,2026-04-12T08:00:00Z
QC-00260-PURITY,BAT-00260,PURITY,PASS,CONFORMING,,2026-04-09T15:00:00Z,2026-04-11T15:00:00Z
QC-00260-SAFETY,BAT-00260,SAFETY,PASS,CONFORMING,,2026-04-10T08:00:00Z,2026-04-11T15:00:00Z
QC-00261-IDENTITY,BAT-00261,IDENTITY,OOT,BORDERLINE,,2026-04-12T08:00:00Z,2026-04-13T23:00:00Z
QC-00261-POTENCY,BAT-00261,POTENCY,PASS,99.1,AU,2026-04-12T06:00:00Z,2026-04-14T19:00:00Z
QC-00261-STERILITY,BAT-00261,STERILITY,PENDING,PENDING,,2026-04-12T03:00:00Z,2026-04-12T23:00:00Z
QC-00261-VIABILITY,BAT-00261,VIABILITY,PASS,72.9,%,2026-04-12T00:00:00Z,2026-04-14T13:00:00Z
QC-00261-PURITY,BAT-00261,PURITY,PASS,CONFORMING,,2026-04-11T23:00:00Z,2026-04-13T16:00:00Z
QC-00261-SAFETY,BAT-00261,SAFETY,PASS,CONFORMING,,2026-04-11T20:00:00Z,2026-04-14T04:00:00Z
QC-00262-IDENTITY,BAT-00262,IDENTITY,OOT,BORDERLINE,,2026-04-12T20:00:00Z,2026-04-14T13:00:00Z
QC-00262-POTENCY,BAT-00262,POTENCY,PASS,114.3,AU,2026-04-12T15:00:00Z,2026-04-13T19:00:00Z
QC-00262-STERILITY,BAT-00262,STERILITY,PASS,NO_GROWTH,,2026-04-12T15:00:00Z,2026-04-13T12:00:00Z
QC-00262-VIABILITY,BAT-00262,VIABILITY,PASS,95.0,%,2026-04-12T19:00:00Z,2026-04-13T15:00:00Z
QC-00262-PURITY,BAT-00262,PURITY,PASS,CONFORMING,,2026-04-12T05:00:00Z,2026-04-14T11:00:00Z
QC-00262-SAFETY,BAT-00262,SAFETY,PASS,CONFORMING,,2026-04-12T20:00:00Z,2026-04-14T23:00:00Z
QC-00263-IDENTITY,BAT-00263,IDENTITY,OOT,BORDERLINE,,2026-04-17T02:00:00Z,2026-04-18T16:00:00Z
QC-00263-POTENCY,BAT-00263,POTENCY,PASS,89.8,AU,2026-04-17T00:00:00Z,2026-04-18T11:00:00Z
QC-00263-STERILITY,BAT-00263,STERILITY,PASS,NO_GROWTH,,2026-04-16T14:00:00Z,2026-04-17T13:00:00Z
QC-00263-VIABILITY,BAT-00263,VIABILITY,OOS,69.0,%,2026-04-16T08:00:00Z,2026-04-17T10:00:00Z
QC-00263-PURITY,BAT-00263,PURITY,PASS,CONFORMING,,2026-04-16T22:00:00Z,2026-04-18T21:00:00Z
QC-00263-SAFETY,BAT-00263,SAFETY,PASS,CONFORMING,,2026-04-16T11:00:00Z,2026-04-17T18:00:00Z
QC-00264-IDENTITY,BAT-00264,IDENTITY,PASS,CONFORMING,,2026-04-20T00:00:00Z,2026-04-22T08:00:00Z
QC-00264-POTENCY,BAT-00264,POTENCY,PASS,69.6,AU,2026-04-20T11:00:00Z,2026-04-21T18:00:00Z
QC-00264-STERILITY,BAT-00264,STERILITY,PASS,NO_GROWTH,,2026-04-20T04:00:00Z,2026-04-20T16:00:00Z
QC-00264-VIABILITY,BAT-00264,VIABILITY,OOS,69.4,%,2026-04-20T01:00:00Z,2026-04-21T04:00:00Z
QC-00264-PURITY,BAT-00264,PURITY,PASS,CONFORMING,,2026-04-20T08:00:00Z,2026-04-20T22:00:00Z
QC-00264-SAFETY,BAT-00264,SAFETY,PASS,CONFORMING,,2026-04-20T06:00:00Z,2026-04-20T16:00:00Z
QC-00265-IDENTITY,BAT-00265,IDENTITY,PASS,CONFORMING,,2026-04-11T10:00:00Z,2026-04-12T19:00:00Z
QC-00265-POTENCY,BAT-00265,POTENCY,OOS,43.1,AU,2026-04-12T03:00:00Z,2026-04-14T02:00:00Z
QC-00265-STERILITY,BAT-00265,STERILITY,PASS,NO_GROWTH,,2026-04-12T02:00:00Z,2026-04-13T21:00:00Z
QC-00265-VIABILITY,BAT-00265,VIABILITY,PASS,91.3,%,2026-04-11T05:00:00Z,2026-04-13T04:00:00Z
QC-00265-PURITY,BAT-00265,PURITY,PASS,CONFORMING,,2026-04-11T17:00:00Z,2026-04-13T18:00:00Z
QC-00265-SAFETY,BAT-00265,SAFETY,PASS,CONFORMING,,2026-04-11T08:00:00Z,2026-04-13T11:00:00Z
QC-00266-IDENTITY,BAT-00266,IDENTITY,PASS,CONFORMING,,2026-04-10T10:00:00Z,2026-04-12T11:00:00Z
QC-00266-POTENCY,BAT-00266,POTENCY,PASS,92.2,AU,2026-04-10T00:00:00Z,2026-04-10T20:00:00Z
QC-00266-STERILITY,BAT-00266,STERILITY,PASS,NO_GROWTH,,2026-04-10T10:00:00Z,2026-04-11T17:00:00Z
QC-00266-VIABILITY,BAT-00266,VIABILITY,OOS,66.0,%,2026-04-10T04:00:00Z,2026-04-12T03:00:00Z
QC-00266-PURITY,BAT-00266,PURITY,PASS,CONFORMING,,2026-04-10T03:00:00Z,2026-04-11T23:00:00Z
QC-00266-SAFETY,BAT-00266,SAFETY,OOT,BORDERLINE,,2026-04-09T20:00:00Z,2026-04-11T18:00:00Z
QC-00267-IDENTITY,BAT-00267,IDENTITY,OOT,BORDERLINE,,2026-04-09T16:00:00Z,2026-04-10T23:00:00Z
QC-00267-POTENCY,BAT-00267,POTENCY,PASS,50.9,AU,2026-04-10T12:00:00Z,2026-04-12T10:00:00Z
QC-00267-STERILITY,BAT-00267,STERILITY,PASS,NO_GROWTH,,2026-04-10T10:00:00Z,2026-04-11T07:00:00Z
QC-00267-VIABILITY,BAT-00267,VIABILITY,OOS,69.2,%,2026-04-09T18:00:00Z,2026-04-10T23:00:00Z
QC-00267-PURITY,BAT-00267,PURITY,OOT,BORDERLINE,,2026-04-10T09:00:00Z,2026-04-12T12:00:00Z
QC-00267-SAFETY,BAT-00267,SAFETY,PASS,CONFORMING,,2026-04-10T03:00:00Z,2026-04-11T01:00:00Z
QC-00268-IDENTITY,BAT-00268,IDENTITY,PASS,CONFORMING,,2026-04-10T01:00:00Z,2026-04-11T04:00:00Z
QC-00268-POTENCY,BAT-00268,POTENCY,PASS,94.5,AU,2026-04-10T08:00:00Z,2026-04-11T13:00:00Z
QC-00268-STERILITY,BAT-00268,STERILITY,PENDING,PENDING,,2026-04-09T11:00:00Z,2026-04-11T23:00:00Z
QC-00268-VIABILITY,BAT-00268,VIABILITY,PASS,70.7,%,2026-04-09T22:00:00Z,2026-04-11T06:00:00Z
QC-00268-PURITY,BAT-00268,PURITY,PASS,CONFORMING,,2026-04-09T12:00:00Z,2026-04-10T15:00:00Z
QC-00268-SAFETY,BAT-00268,SAFETY,PASS,CONFORMING,,2026-04-10T05:00:00Z,2026-04-11T07:00:00Z
QC-00269-IDENTITY,BAT-00269,IDENTITY,OOT,BORDERLINE,,2026-04-14T02:00:00Z,2026-04-16T19:00:00Z
QC-00269-POTENCY,BAT-00269,POTENCY,PASS,105.7,AU,2026-04-14T17:00:00Z,2026-04-15T06:00:00Z
QC-00269-STERILITY,BAT-00269,STERILITY,PASS,NO_GROWTH,,2026-04-14T02:00:00Z,2026-04-16T07:00:00Z
QC-00269-VIABILITY,BAT-00269,VIABILITY,PASS,93.5,%,2026-04-14T17:00:00Z,2026-04-15T13:00:00Z
QC-00269-PURITY,BAT-00269,PURITY,PASS,CONFORMING,,2026-04-14T14:00:00Z,2026-04-15T13:00:00Z
QC-00269-SAFETY,BAT-00269,SAFETY,PASS,CONFORMING,,2026-04-14T00:00:00Z,2026-04-15T12:00:00Z
QC-00270-IDENTITY,BAT-00270,IDENTITY,PASS,CONFORMING,,2026-04-19T13:00:00Z,2026-04-20T23:00:00Z
QC-00270-POTENCY,BAT-00270,POTENCY,PASS,84.9,AU,2026-04-19T00:00:00Z,2026-04-20T04:00:00Z
QC-00270-STERILITY,BAT-00270,STERILITY,PASS,NO_GROWTH,,2026-04-19T06:00:00Z,2026-04-21T11:00:00Z
QC-00270-VIABILITY,BAT-00270,VIABILITY,PASS,72.9,%,2026-04-19T06:00:00Z,2026-04-20T22:00:00Z
QC-00270-PURITY,BAT-00270,PURITY,PASS,CONFORMING,,2026-04-19T18:00:00Z,2026-04-21T22:00:00Z
QC-00270-SAFETY,BAT-00270,SAFETY,OOT,BORDERLINE,,2026-04-19T19:00:00Z,2026-04-20T21:00:00Z
QC-00271-IDENTITY,BAT-00271,IDENTITY,PASS,CONFORMING,,2026-04-16T14:00:00Z,2026-04-17T13:00:00Z
QC-00271-POTENCY,BAT-00271,POTENCY,PASS,73.7,AU,2026-04-16T02:00:00Z,2026-04-18T10:00:00Z
QC-00271-STERILITY,BAT-00271,STERILITY,PASS,NO_GROWTH,,2026-04-15T17:00:00Z,2026-04-17T12:00:00Z
QC-00271-VIABILITY,BAT-00271,VIABILITY,PASS,83.3,%,2026-04-16T00:00:00Z,2026-04-16T23:00:00Z
QC-00271-PURITY,BAT-00271,PURITY,PASS,CONFORMING,,2026-04-16T06:00:00Z,2026-04-18T00:00:00Z
QC-00271-SAFETY,BAT-00271,SAFETY,PASS,CONFORMING,,2026-04-16T10:00:00Z,2026-04-17T12:00:00Z
QC-00272-IDENTITY,BAT-00272,IDENTITY,OOT,BORDERLINE,,2026-04-11T19:00:00Z,2026-04-12T08:00:00Z
QC-00272-POTENCY,BAT-00272,POTENCY,PASS,96.7,AU,2026-04-11T15:00:00Z,2026-04-14T01:00:00Z
QC-00272-STERILITY,BAT-00272,STERILITY,PASS,NO_GROWTH,,2026-04-11T20:00:00Z,2026-04-13T06:00:00Z
QC-00272-VIABILITY,BAT-00272,VIABILITY,PASS,85.3,%,2026-04-11T14:00:00Z,2026-04-12T18:00:00Z
QC-00272-PURITY,BAT-00272,PURITY,PASS,CONFORMING,,2026-04-11T17:00:00Z,2026-04-13T15:00:00Z
QC-00272-SAFETY,BAT-00272,SAFETY,PASS,CONFORMING,,2026-04-11T04:00:00Z,2026-04-13T13:00:00Z
QC-00273-IDENTITY,BAT-00273,IDENTITY,PASS,CONFORMING,,2026-04-19T20:00:00Z,2026-04-22T06:00:00Z
QC-00273-POTENCY,BAT-00273,POTENCY,PASS,100.5,AU,2026-04-20T05:00:00Z,2026-04-21T15:00:00Z
QC-00273-STERILITY,BAT-00273,STERILITY,PASS,NO_GROWTH,,2026-04-20T02:00:00Z,2026-04-20T21:00:00Z
QC-00273-VIABILITY,BAT-00273,VIABILITY,PASS,90.6,%,2026-04-19T16:00:00Z,2026-04-20T15:00:00Z
QC-00273-PURITY,BAT-00273,PURITY,OOT,BORDERLINE,,2026-04-19T17:00:00Z,2026-04-22T04:00:00Z
QC-00273-SAFETY,BAT-00273,SAFETY,OOT,BORDERLINE,,2026-04-19T12:00:00Z,2026-04-21T20:00:00Z
QC-00274-IDENTITY,BAT-00274,IDENTITY,OOT,BORDERLINE,,2026-04-14T06:00:00Z,2026-04-16T04:00:00Z
QC-00274-POTENCY,BAT-00274,POTENCY,PASS,69.6,AU,2026-04-14T15:00:00Z,2026-04-15T14:00:00Z
QC-00274-STERILITY,BAT-00274,STERILITY,PASS,NO_GROWTH,,2026-04-14T10:00:00Z,2026-04-15T12:00:00Z
QC-00274-VIABILITY,BAT-00274,VIABILITY,PASS,87.7,%,2026-04-14T04:00:00Z,2026-04-16T18:00:00Z
QC-00274-PURITY,BAT-00274,PURITY,PASS,CONFORMING,,2026-04-14T04:00:00Z,2026-04-15T23:00:00Z
QC-00274-SAFETY,BAT-00274,SAFETY,PASS,CONFORMING,,2026-04-14T02:00:00Z,2026-04-15T17:00:00Z
QC-00275-IDENTITY,BAT-00275,IDENTITY,PASS,CONFORMING,,2026-04-16T09:00:00Z,2026-04-18T21:00:00Z
QC-00275-POTENCY,BAT-00275,POTENCY,PASS,58.1,AU,2026-04-16T11:00:00Z,2026-04-17T17:00:00Z
QC-00275-STERILITY,BAT-00275,STERILITY,PASS,NO_GROWTH,,2026-04-16T22:00:00Z,2026-04-17T09:00:00Z
QC-00275-VIABILITY,BAT-00275,VIABILITY,PASS,92.7,%,2026-04-16T01:00:00Z,2026-04-17T10:00:00Z
QC-00275-PURITY,BAT-00275,PURITY,PASS,CONFORMING,,2026-04-16T17:00:00Z,2026-04-17T14:00:00Z
QC-00275-SAFETY,BAT-00275,SAFETY,PASS,CONFORMING,,2026-04-16T14:00:00Z,2026-04-18T21:00:00Z
QC-00276-IDENTITY,BAT-00276,IDENTITY,OOT,BORDERLINE,,2026-04-16T14:00:00Z,2026-04-17T11:00:00Z
QC-00276-POTENCY,BAT-00276,POTENCY,PASS,102.5,AU,2026-04-16T14:00:00Z,2026-04-18T14:00:00Z
QC-00276-STERILITY,BAT-00276,STERILITY,PASS,NO_GROWTH,,2026-04-16T09:00:00Z,2026-04-17T13:00:00Z
QC-00276-VIABILITY,BAT-00276,VIABILITY,PASS,83.8,%,2026-04-16T17:00:00Z,2026-04-18T21:00:00Z
QC-00276-PURITY,BAT-00276,PURITY,OOT,BORDERLINE,,2026-04-17T02:00:00Z,2026-04-17T11:00:00Z
QC-00276-SAFETY,BAT-00276,SAFETY,PASS,CONFORMING,,2026-04-16T15:00:00Z,2026-04-19T05:00:00Z
QC-00277-IDENTITY,BAT-00277,IDENTITY,PASS,CONFORMING,,2026-04-13T17:00:00Z,2026-04-16T08:00:00Z
QC-00277-POTENCY,BAT-00277,POTENCY,PASS,72.6,AU,2026-04-14T03:00:00Z,2026-04-16T05:00:00Z
QC-00277-STERILITY,BAT-00277,STERILITY,PASS,NO_GROWTH,,2026-04-14T01:00:00Z,2026-04-15T16:00:00Z
QC-00277-VIABILITY,BAT-00277,VIABILITY,OOS,68.4,%,2026-04-14T12:00:00Z,2026-04-15T06:00:00Z
QC-00277-PURITY,BAT-00277,PURITY,PASS,CONFORMING,,2026-04-14T15:00:00Z,2026-04-16T05:00:00Z
QC-00277-SAFETY,BAT-00277,SAFETY,OOT,BORDERLINE,,2026-04-14T05:00:00Z,2026-04-15T18:00:00Z
QC-00278-IDENTITY,BAT-00278,IDENTITY,PASS,CONFORMING,,2026-04-20T00:00:00Z,2026-04-21T21:00:00Z
QC-00278-POTENCY,BAT-00278,POTENCY,PASS,55.0,AU,2026-04-20T08:00:00Z,2026-04-21T16:00:00Z
QC-00278-STERILITY,BAT-00278,STERILITY,PASS,NO_GROWTH,,2026-04-19T23:00:00Z,2026-04-21T05:00:00Z
QC-00278-VIABILITY,BAT-00278,VIABILITY,PASS,88.8,%,2026-04-20T07:00:00Z,2026-04-20T22:00:00Z
QC-00278-PURITY,BAT-00278,PURITY,OOT,BORDERLINE,,2026-04-19T18:00:00Z,2026-04-21T14:00:00Z
QC-00278-SAFETY,BAT-00278,SAFETY,PASS,CONFORMING,,2026-04-20T01:00:00Z,2026-04-21T01:00:00Z
QC-00279-IDENTITY,BAT-00279,IDENTITY,OOT,BORDERLINE,,2026-04-14T23:00:00Z,2026-04-15T13:00:00Z
QC-00279-POTENCY,BAT-00279,POTENCY,PASS,106.8,AU,2026-04-14T20:00:00Z,2026-04-16T14:00:00Z
QC-00279-STERILITY,BAT-00279,STERILITY,PASS,NO_GROWTH,,2026-04-14T09:00:00Z,2026-04-16T11:00:00Z
QC-00279-VIABILITY,BAT-00279,VIABILITY,PASS,77.0,%,2026-04-14T09:00:00Z,2026-04-15T09:00:00Z
QC-00279-PURITY,BAT-00279,PURITY,OOT,BORDERLINE,,2026-04-15T04:00:00Z,2026-04-16T15:00:00Z
QC-00279-SAFETY,BAT-00279,SAFETY,PASS,CONFORMING,,2026-04-14T09:00:00Z,2026-04-16T19:00:00Z
QC-00280-IDENTITY,BAT-00280,IDENTITY,OOT,BORDERLINE,,2026-04-12T20:00:00Z,2026-04-14T00:00:00Z
QC-00280-POTENCY,BAT-00280,POTENCY,PASS,111.5,AU,2026-04-12T16:00:00Z,2026-04-14T08:00:00Z
QC-00280-STERILITY,BAT-00280,STERILITY,PASS,NO_GROWTH,,2026-04-13T08:00:00Z,2026-04-13T18:00:00Z
QC-00280-VIABILITY,BAT-00280,VIABILITY,PASS,72.1,%,2026-04-13T08:00:00Z,2026-04-15T01:00:00Z
QC-00280-PURITY,BAT-00280,PURITY,PASS,CONFORMING,,2026-04-12T23:00:00Z,2026-04-13T19:00:00Z
QC-00280-SAFETY,BAT-00280,SAFETY,OOT,BORDERLINE,,2026-04-12T10:00:00Z,2026-04-13T22:00:00Z
QC-00281-IDENTITY,BAT-00281,IDENTITY,OOT,BORDERLINE,,2026-04-15T14:00:00Z,2026-04-16T19:00:00Z
QC-00281-POTENCY,BAT-00281,POTENCY,PASS,79.9,AU,2026-04-15T03:00:00Z,2026-04-16T03:00:00Z
QC-00281-STERILITY,BAT-00281,STERILITY,PASS,NO_GROWTH,,2026-04-15T02:00:00Z,2026-04-16T06:00:00Z
QC-00281-VIABILITY,BAT-00281,VIABILITY,PASS,81.0,%,2026-04-15T22:00:00Z,2026-04-17T10:00:00Z
QC-00281-PURITY,BAT-00281,PURITY,PASS,CONFORMING,,2026-04-15T12:00:00Z,2026-04-17T17:00:00Z
QC-00281-SAFETY,BAT-00281,SAFETY,PASS,CONFORMING,,2026-04-15T17:00:00Z,2026-04-17T23:00:00Z
QC-00282-IDENTITY,BAT-00282,IDENTITY,PASS,CONFORMING,,2026-04-16T17:00:00Z,2026-04-19T08:00:00Z
QC-00282-POTENCY,BAT-00282,POTENCY,PASS,96.2,AU,2026-04-16T18:00:00Z,2026-04-19T00:00:00Z
QC-00282-STERILITY,BAT-00282,STERILITY,PASS,NO_GROWTH,,2026-04-16T23:00:00Z,2026-04-18T00:00:00Z
QC-00282-VIABILITY,BAT-00282,VIABILITY,PASS,70.3,%,2026-04-17T05:00:00Z,2026-04-17T12:00:00Z
QC-00282-PURITY,BAT-00282,PURITY,PASS,CONFORMING,,2026-04-17T06:00:00Z,2026-04-17T12:00:00Z
QC-00282-SAFETY,BAT-00282,SAFETY,PASS,CONFORMING,,2026-04-16T21:00:00Z,2026-04-18T01:00:00Z
QC-00283-IDENTITY,BAT-00283,IDENTITY,PASS,CONFORMING,,2026-04-16T18:00:00Z,2026-04-18T05:00:00Z
QC-00283-POTENCY,BAT-00283,POTENCY,PASS,112.1,AU,2026-04-17T15:00:00Z,2026-04-18T06:00:00Z
QC-00283-STERILITY,BAT-00283,STERILITY,PASS,NO_GROWTH,,2026-04-17T14:00:00Z,2026-04-19T11:00:00Z
QC-00283-VIABILITY,BAT-00283,VIABILITY,PASS,73.4,%,2026-04-17T09:00:00Z,2026-04-18T07:00:00Z
QC-00283-PURITY,BAT-00283,PURITY,PASS,CONFORMING,,2026-04-17T10:00:00Z,2026-04-19T17:00:00Z
QC-00283-SAFETY,BAT-00283,SAFETY,PASS,CONFORMING,,2026-04-16T18:00:00Z,2026-04-19T08:00:00Z
QC-00284-IDENTITY,BAT-00284,IDENTITY,OOT,BORDERLINE,,2026-04-15T03:00:00Z,2026-04-17T08:00:00Z
QC-00284-POTENCY,BAT-00284,POTENCY,PASS,91.3,AU,2026-04-15T09:00:00Z,2026-04-16T15:00:00Z
QC-00284-STERILITY,BAT-00284,STERILITY,PASS,NO_GROWTH,,2026-04-15T11:00:00Z,2026-04-16T18:00:00Z
QC-00284-VIABILITY,BAT-00284,VIABILITY,PASS,73.3,%,2026-04-14T19:00:00Z,2026-04-16T02:00:00Z
QC-00284-PURITY,BAT-00284,PURITY,PASS,CONFORMING,,2026-04-15T08:00:00Z,2026-04-17T13:00:00Z
QC-00284-SAFETY,BAT-00284,SAFETY,PASS,CONFORMING,,2026-04-14T15:00:00Z,2026-04-16T16:00:00Z
QC-00285-IDENTITY,BAT-00285,IDENTITY,OOT,BORDERLINE,,2026-04-19T15:00:00Z,2026-04-21T15:00:00Z
QC-00285-POTENCY,BAT-00285,POTENCY,PASS,52.1,AU,2026-04-19T08:00:00Z,2026-04-20T05:00:00Z
QC-00285-STERILITY,BAT-00285,STERILITY,PENDING,PENDING,,2026-04-19T21:00:00Z,2026-04-20T05:00:00Z
QC-00285-VIABILITY,BAT-00285,VIABILITY,PASS,91.5,%,2026-04-20T00:00:00Z,2026-04-21T15:00:00Z
QC-00285-PURITY,BAT-00285,PURITY,PASS,CONFORMING,,2026-04-19T18:00:00Z,2026-04-21T09:00:00Z
QC-00285-SAFETY,BAT-00285,SAFETY,PASS,CONFORMING,,2026-04-19T19:00:00Z,2026-04-21T15:00:00Z
QC-00286-IDENTITY,BAT-00286,IDENTITY,PASS,CONFORMING,,2026-04-18T14:00:00Z,2026-04-19T16:00:00Z
QC-00286-POTENCY,BAT-00286,POTENCY,PASS,111.6,AU,2026-04-18T03:00:00Z,2026-04-19T00:00:00Z
QC-00286-STERILITY,BAT-00286,STERILITY,PASS,NO_GROWTH,,2026-04-18T17:00:00Z,2026-04-19T09:00:00Z
QC-00286-VIABILITY,BAT-00286,VIABILITY,PASS,82.5,%,2026-04-18T09:00:00Z,2026-04-18T23:00:00Z
QC-00286-PURITY,BAT-00286,PURITY,PASS,CONFORMING,,2026-04-18T08:00:00Z,2026-04-19T09:00:00Z
QC-00286-SAFETY,BAT-00286,SAFETY,PASS,CONFORMING,,2026-04-18T12:00:00Z,2026-04-20T18:00:00Z
QC-00287-IDENTITY,BAT-00287,IDENTITY,PASS,CONFORMING,,2026-04-21T03:00:00Z,2026-04-22T06:00:00Z
QC-00287-POTENCY,BAT-00287,POTENCY,PASS,102.2,AU,2026-04-20T22:00:00Z,2026-04-22T04:00:00Z
QC-00287-STERILITY,BAT-00287,STERILITY,PASS,NO_GROWTH,,2026-04-21T07:00:00Z,2026-04-22T02:00:00Z
QC-00287-VIABILITY,BAT-00287,VIABILITY,PASS,77.9,%,2026-04-21T00:00:00Z,2026-04-23T05:00:00Z
QC-00287-PURITY,BAT-00287,PURITY,PASS,CONFORMING,,2026-04-20T12:00:00Z,2026-04-23T00:00:00Z
QC-00287-SAFETY,BAT-00287,SAFETY,PASS,CONFORMING,,2026-04-20T23:00:00Z,2026-04-22T20:00:00Z
QC-00288-IDENTITY,BAT-00288,IDENTITY,PASS,CONFORMING,,2026-04-22T07:00:00Z,2026-04-24T07:00:00Z
QC-00288-POTENCY,BAT-00288,POTENCY,PASS,95.5,AU,2026-04-22T07:00:00Z,2026-04-23T10:00:00Z
QC-00288-STERILITY,BAT-00288,STERILITY,PASS,NO_GROWTH,,2026-04-21T23:00:00Z,2026-04-24T19:00:00Z
QC-00288-VIABILITY,BAT-00288,VIABILITY,OOS,65.3,%,2026-04-22T10:00:00Z,2026-04-23T10:00:00Z
QC-00288-PURITY,BAT-00288,PURITY,PASS,CONFORMING,,2026-04-22T20:00:00Z,2026-04-24T13:00:00Z
QC-00288-SAFETY,BAT-00288,SAFETY,PASS,CONFORMING,,2026-04-22T19:00:00Z,2026-04-23T03:00:00Z
QC-00289-IDENTITY,BAT-00289,IDENTITY,PASS,CONFORMING,,2026-04-22T00:00:00Z,2026-04-23T21:00:00Z
QC-00289-POTENCY,BAT-00289,POTENCY,PASS,67.1,AU,2026-04-21T19:00:00Z,2026-04-24T02:00:00Z
QC-00289-STERILITY,BAT-00289,STERILITY,PASS,NO_GROWTH,,2026-04-21T09:00:00Z,2026-04-22T19:00:00Z
QC-00289-VIABILITY,BAT-00289,VIABILITY,PASS,75.4,%,2026-04-21T23:00:00Z,2026-04-22T16:00:00Z
QC-00289-PURITY,BAT-00289,PURITY,PASS,CONFORMING,,2026-04-21T21:00:00Z,2026-04-23T02:00:00Z
QC-00289-SAFETY,BAT-00289,SAFETY,PASS,CONFORMING,,2026-04-22T02:00:00Z,2026-04-24T03:00:00Z
QC-00290-IDENTITY,BAT-00290,IDENTITY,PASS,CONFORMING,,2026-04-25T08:00:00Z,2026-04-26T07:00:00Z
QC-00290-POTENCY,BAT-00290,POTENCY,PASS,53.6,AU,2026-04-25T00:00:00Z,2026-04-26T13:00:00Z
QC-00290-STERILITY,BAT-00290,STERILITY,PENDING,PENDING,,2026-04-25T08:00:00Z,2026-04-26T11:00:00Z
QC-00290-VIABILITY,BAT-00290,VIABILITY,PASS,84.5,%,2026-04-25T12:00:00Z,2026-04-27T12:00:00Z
QC-00290-PURITY,BAT-00290,PURITY,OOT,BORDERLINE,,2026-04-24T17:00:00Z,2026-04-27T06:00:00Z
QC-00290-SAFETY,BAT-00290,SAFETY,PASS,CONFORMING,,2026-04-25T14:00:00Z,2026-04-26T02:00:00Z
QC-00291-IDENTITY,BAT-00291,IDENTITY,PASS,CONFORMING,,2026-04-18T11:00:00Z,2026-04-20T19:00:00Z
QC-00291-POTENCY,BAT-00291,POTENCY,PASS,117.0,AU,2026-04-18T11:00:00Z,2026-04-19T16:00:00Z
QC-00291-STERILITY,BAT-00291,STERILITY,PASS,NO_GROWTH,,2026-04-19T03:00:00Z,2026-04-19T07:00:00Z
QC-00291-VIABILITY,BAT-00291,VIABILITY,PASS,71.9,%,2026-04-18T13:00:00Z,2026-04-19T11:00:00Z
QC-00291-PURITY,BAT-00291,PURITY,OOT,BORDERLINE,,2026-04-18T09:00:00Z,2026-04-19T21:00:00Z
QC-00291-SAFETY,BAT-00291,SAFETY,PASS,CONFORMING,,2026-04-18T20:00:00Z,2026-04-19T19:00:00Z
QC-00292-IDENTITY,BAT-00292,IDENTITY,PASS,CONFORMING,,2026-04-22T21:00:00Z,2026-04-23T05:00:00Z
QC-00292-POTENCY,BAT-00292,POTENCY,PASS,51.9,AU,2026-04-22T02:00:00Z,2026-04-23T05:00:00Z
QC-00292-STERILITY,BAT-00292,STERILITY,PASS,NO_GROWTH,,2026-04-22T23:00:00Z,2026-04-24T16:00:00Z
QC-00292-VIABILITY,BAT-00292,VIABILITY,PASS,73.9,%,2026-04-22T13:00:00Z,2026-04-24T06:00:00Z
QC-00292-PURITY,BAT-00292,PURITY,PASS,CONFORMING,,2026-04-22T10:00:00Z,2026-04-23T20:00:00Z
QC-00292-SAFETY,BAT-00292,SAFETY,PASS,CONFORMING,,2026-04-22T03:00:00Z,2026-04-23T12:00:00Z
QC-00293-IDENTITY,BAT-00293,IDENTITY,OOT,BORDERLINE,,2026-04-21T20:00:00Z,2026-04-22T20:00:00Z
QC-00293-POTENCY,BAT-00293,POTENCY,PASS,117.4,AU,2026-04-21T14:00:00Z,2026-04-23T19:00:00Z
QC-00293-STERILITY,BAT-00293,STERILITY,PENDING,PENDING,,2026-04-21T08:00:00Z,2026-04-24T01:00:00Z
QC-00293-VIABILITY,BAT-00293,VIABILITY,OOS,69.0,%,2026-04-21T07:00:00Z,2026-04-22T18:00:00Z
QC-00293-PURITY,BAT-00293,PURITY,PASS,CONFORMING,,2026-04-21T23:00:00Z,2026-04-23T13:00:00Z
QC-00293-SAFETY,BAT-00293,SAFETY,PASS,CONFORMING,,2026-04-21T21:00:00Z,2026-04-22T12:00:00Z
QC-00294-IDENTITY,BAT-00294,IDENTITY,OOT,BORDERLINE,,2026-04-22T01:00:00Z,2026-04-23T08:00:00Z
QC-00294-POTENCY,BAT-00294,POTENCY,PASS,104.2,AU,2026-04-21T21:00:00Z,2026-04-22T12:00:00Z
QC-00294-STERILITY,BAT-00294,STERILITY,PASS,NO_GROWTH,,2026-04-21T21:00:00Z,2026-04-23T06:00:00Z
QC-00294-VIABILITY,BAT-00294,VIABILITY,PASS,78.0,%,2026-04-21T15:00:00Z,2026-04-22T23:00:00Z
QC-00294-PURITY,BAT-00294,PURITY,PASS,CONFORMING,,2026-04-21T23:00:00Z,2026-04-23T16:00:00Z
QC-00294-SAFETY,BAT-00294,SAFETY,PASS,CONFORMING,,2026-04-21T05:00:00Z,2026-04-23T02:00:00Z
QC-00295-IDENTITY,BAT-00295,IDENTITY,PASS,CONFORMING,,2026-04-30T04:00:00Z,2026-05-01T20:00:00Z
QC-00295-POTENCY,BAT-00295,POTENCY,PASS,78.3,AU,2026-04-29T22:00:00Z,2026-04-30T18:00:00Z
QC-00295-STERILITY,BAT-00295,STERILITY,PENDING,PENDING,,2026-04-29T17:00:00Z,2026-05-01T04:00:00Z
QC-00295-VIABILITY,BAT-00295,VIABILITY,PASS,70.8,%,2026-04-30T00:00:00Z,2026-04-30T20:00:00Z
QC-00295-PURITY,BAT-00295,PURITY,PASS,CONFORMING,,2026-04-29T08:00:00Z,2026-04-30T12:00:00Z
QC-00295-SAFETY,BAT-00295,SAFETY,PASS,CONFORMING,,2026-04-30T06:00:00Z,2026-05-01T14:00:00Z
QC-00296-IDENTITY,BAT-00296,IDENTITY,PASS,CONFORMING,,2026-04-20T12:00:00Z,2026-04-22T17:00:00Z
QC-00296-POTENCY,BAT-00296,POTENCY,PASS,117.6,AU,2026-04-21T06:00:00Z,2026-04-23T07:00:00Z
QC-00296-STERILITY,BAT-00296,STERILITY,PENDING,PENDING,,2026-04-21T03:00:00Z,2026-04-21T13:00:00Z
QC-00296-VIABILITY,BAT-00296,VIABILITY,PASS,93.9,%,2026-04-20T21:00:00Z,2026-04-21T14:00:00Z
QC-00296-PURITY,BAT-00296,PURITY,PASS,CONFORMING,,2026-04-21T06:00:00Z,2026-04-22T14:00:00Z
QC-00296-SAFETY,BAT-00296,SAFETY,PASS,CONFORMING,,2026-04-20T18:00:00Z,2026-04-23T01:00:00Z
QC-00297-IDENTITY,BAT-00297,IDENTITY,PASS,CONFORMING,,2026-04-21T07:00:00Z,2026-04-22T15:00:00Z
QC-00297-POTENCY,BAT-00297,POTENCY,PASS,113.9,AU,2026-04-21T20:00:00Z,2026-04-23T19:00:00Z
QC-00297-STERILITY,BAT-00297,STERILITY,PENDING,PENDING,,2026-04-21T11:00:00Z,2026-04-24T01:00:00Z
QC-00297-VIABILITY,BAT-00297,VIABILITY,PASS,70.0,%,2026-04-21T20:00:00Z,2026-04-22T12:00:00Z
QC-00297-PURITY,BAT-00297,PURITY,PASS,CONFORMING,,2026-04-21T22:00:00Z,2026-04-22T19:00:00Z
QC-00297-SAFETY,BAT-00297,SAFETY,PASS,CONFORMING,,2026-04-21T14:00:00Z,2026-04-23T07:00:00Z
QC-00298-IDENTITY,BAT-00298,IDENTITY,OOT,BORDERLINE,,2026-04-17T12:00:00Z,2026-04-19T01:00:00Z
QC-00298-POTENCY,BAT-00298,POTENCY,PASS,111.6,AU,2026-04-17T17:00:00Z,2026-04-19T13:00:00Z
QC-00298-STERILITY,BAT-00298,STERILITY,PENDING,PENDING,,2026-04-16T21:00:00Z,2026-04-19T07:00:00Z
QC-00298-VIABILITY,BAT-00298,VIABILITY,PASS,95.8,%,2026-04-17T17:00:00Z,2026-04-18T16:00:00Z
QC-00298-PURITY,BAT-00298,PURITY,PASS,CONFORMING,,2026-04-17T19:00:00Z,2026-04-18T10:00:00Z
QC-00298-SAFETY,BAT-00298,SAFETY,OOT,BORDERLINE,,2026-04-17T19:00:00Z,2026-04-19T10:00:00Z
QC-00299-IDENTITY,BAT-00299,IDENTITY,PASS,CONFORMING,,2026-04-25T01:00:00Z,2026-04-26T18:00:00Z
QC-00299-POTENCY,BAT-00299,POTENCY,PASS,74.5,AU,2026-04-25T14:00:00Z,2026-04-26T21:00:00Z
QC-00299-STERILITY,BAT-00299,STERILITY,PASS,NO_GROWTH,,2026-04-25T09:00:00Z,2026-04-26T11:00:00Z
QC-00299-VIABILITY,BAT-00299,VIABILITY,PASS,88.9,%,2026-04-25T05:00:00Z,2026-04-27T06:00:00Z
QC-00299-PURITY,BAT-00299,PURITY,PASS,CONFORMING,,2026-04-24T16:00:00Z,2026-04-26T05:00:00Z
QC-00299-SAFETY,BAT-00299,SAFETY,OOT,BORDERLINE,,2026-04-25T11:00:00Z,2026-04-26T18:00:00Z
QC-00300-IDENTITY,BAT-00300,IDENTITY,PASS,CONFORMING,,2026-04-21T07:00:00Z,2026-04-23T08:00:00Z
QC-00300-POTENCY,BAT-00300,POTENCY,OOS,44.4,AU,2026-04-20T13:00:00Z,2026-04-23T00:00:00Z
QC-00300-STERILITY,BAT-00300,STERILITY,PASS,NO_GROWTH,,2026-04-21T04:00:00Z,2026-04-22T18:00:00Z
QC-00300-VIABILITY,BAT-00300,VIABILITY,PASS,78.8,%,2026-04-20T14:00:00Z,2026-04-22T08:00:00Z
QC-00300-PURITY,BAT-00300,PURITY,PASS,CONFORMING,,2026-04-21T02:00:00Z,2026-04-23T01:00:00Z
QC-00300-SAFETY,BAT-00300,SAFETY,PASS,CONFORMING,,2026-04-20T15:00:00Z,2026-04-21T16:00:00Z
QC-00301-IDENTITY,BAT-00301,IDENTITY,PASS,CONFORMING,,2026-04-25T15:00:00Z,2026-04-27T11:00:00Z
QC-00301-POTENCY,BAT-00301,POTENCY,PASS,105.1,AU,2026-04-26T00:00:00Z,2026-04-27T15:00:00Z
QC-00301-STERILITY,BAT-00301,STERILITY,PASS,NO_GROWTH,,2026-04-25T12:00:00Z,2026-04-28T04:00:00Z
QC-00301-VIABILITY,BAT-00301,VIABILITY,PASS,70.7,%,2026-04-25T20:00:00Z,2026-04-26T22:00:00Z
QC-00301-PURITY,BAT-00301,PURITY,PASS,CONFORMING,,2026-04-25T20:00:00Z,2026-04-26T14:00:00Z
QC-00301-SAFETY,BAT-00301,SAFETY,PASS,CONFORMING,,2026-04-25T15:00:00Z,2026-04-26T18:00:00Z
QC-00302-IDENTITY,BAT-00302,IDENTITY,PASS,CONFORMING,,2026-04-22T01:00:00Z,2026-04-23T09:00:00Z
QC-00302-POTENCY,BAT-00302,POTENCY,PASS,55.4,AU,2026-04-21T13:00:00Z,2026-04-23T06:00:00Z
QC-00302-STERILITY,BAT-00302,STERILITY,PASS,NO_GROWTH,,2026-04-21T17:00:00Z,2026-04-22T16:00:00Z
QC-00302-VIABILITY,BAT-00302,VIABILITY,PASS,79.5,%,2026-04-22T04:00:00Z,2026-04-23T23:00:00Z
QC-00302-PURITY,BAT-00302,PURITY,PASS,CONFORMING,,2026-04-21T22:00:00Z,2026-04-23T12:00:00Z
QC-00302-SAFETY,BAT-00302,SAFETY,PASS,CONFORMING,,2026-04-21T16:00:00Z,2026-04-24T04:00:00Z
QC-00303-IDENTITY,BAT-00303,IDENTITY,PASS,CONFORMING,,2026-04-24T04:00:00Z,2026-04-25T08:00:00Z
QC-00303-POTENCY,BAT-00303,POTENCY,PASS,73.4,AU,2026-04-24T00:00:00Z,2026-04-25T08:00:00Z
QC-00303-STERILITY,BAT-00303,STERILITY,PASS,NO_GROWTH,,2026-04-23T11:00:00Z,2026-04-25T16:00:00Z
QC-00303-VIABILITY,BAT-00303,VIABILITY,OOS,67.3,%,2026-04-24T02:00:00Z,2026-04-25T02:00:00Z
QC-00303-PURITY,BAT-00303,PURITY,OOT,BORDERLINE,,2026-04-24T01:00:00Z,2026-04-24T19:00:00Z
QC-00303-SAFETY,BAT-00303,SAFETY,PASS,CONFORMING,,2026-04-23T19:00:00Z,2026-04-25T07:00:00Z
QC-00304-IDENTITY,BAT-00304,IDENTITY,PASS,CONFORMING,,2026-04-22T08:00:00Z,2026-04-24T00:00:00Z
QC-00304-POTENCY,BAT-00304,POTENCY,OOS,40.9,AU,2026-04-22T11:00:00Z,2026-04-24T14:00:00Z
QC-00304-STERILITY,BAT-00304,STERILITY,PASS,NO_GROWTH,,2026-04-23T02:00:00Z,2026-04-25T02:00:00Z
QC-00304-VIABILITY,BAT-00304,VIABILITY,PASS,90.3,%,2026-04-22T17:00:00Z,2026-04-24T20:00:00Z
QC-00304-PURITY,BAT-00304,PURITY,PASS,CONFORMING,,2026-04-22T15:00:00Z,2026-04-25T05:00:00Z
QC-00304-SAFETY,BAT-00304,SAFETY,OOT,BORDERLINE,,2026-04-23T05:00:00Z,2026-04-24T12:00:00Z
QC-00305-IDENTITY,BAT-00305,IDENTITY,PASS,CONFORMING,,2026-04-26T23:00:00Z,2026-04-27T09:00:00Z
QC-00305-POTENCY,BAT-00305,POTENCY,PASS,76.7,AU,2026-04-26T06:00:00Z,2026-04-28T04:00:00Z
QC-00305-STERILITY,BAT-00305,STERILITY,PASS,NO_GROWTH,,2026-04-26T08:00:00Z,2026-04-27T09:00:00Z
QC-00305-VIABILITY,BAT-00305,VIABILITY,PASS,95.8,%,2026-04-26T13:00:00Z,2026-04-27T20:00:00Z
QC-00305-PURITY,BAT-00305,PURITY,PASS,CONFORMING,,2026-04-26T09:00:00Z,2026-04-27T21:00:00Z
QC-00305-SAFETY,BAT-00305,SAFETY,PASS,CONFORMING,,2026-04-26T05:00:00Z,2026-04-28T07:00:00Z
QC-00306-IDENTITY,BAT-00306,IDENTITY,PASS,CONFORMING,,2026-04-29T07:00:00Z,2026-04-30T17:00:00Z
QC-00306-POTENCY,BAT-00306,POTENCY,OOS,45.0,AU,2026-04-29T03:00:00Z,2026-04-29T20:00:00Z
QC-00306-STERILITY,BAT-00306,STERILITY,PENDING,PENDING,,2026-04-29T00:00:00Z,2026-05-01T09:00:00Z
QC-00306-VIABILITY,BAT-00306,VIABILITY,OOS,69.4,%,2026-04-28T17:00:00Z,2026-04-30T00:00:00Z
QC-00306-PURITY,BAT-00306,PURITY,PASS,CONFORMING,,2026-04-29T07:00:00Z,2026-04-29T19:00:00Z
QC-00306-SAFETY,BAT-00306,SAFETY,PASS,CONFORMING,,2026-04-29T06:00:00Z,2026-04-30T08:00:00Z
QC-00307-IDENTITY,BAT-00307,IDENTITY,PASS,CONFORMING,,2026-04-24T16:00:00Z,2026-04-26T15:00:00Z
QC-00307-POTENCY,BAT-00307,POTENCY,PASS,77.5,AU,2026-04-24T14:00:00Z,2026-04-26T02:00:00Z
QC-00307-STERILITY,BAT-00307,STERILITY,PASS,NO_GROWTH,,2026-04-24T03:00:00Z,2026-04-25T17:00:00Z
QC-00307-VIABILITY,BAT-00307,VIABILITY,PASS,80.3,%,2026-04-24T16:00:00Z,2026-04-25T20:00:00Z
QC-00307-PURITY,BAT-00307,PURITY,PASS,CONFORMING,,2026-04-24T21:00:00Z,2026-04-25T03:00:00Z
QC-00307-SAFETY,BAT-00307,SAFETY,PASS,CONFORMING,,2026-04-24T02:00:00Z,2026-04-25T06:00:00Z
QC-00308-IDENTITY,BAT-00308,IDENTITY,PASS,CONFORMING,,2026-04-30T22:00:00Z,2026-05-01T13:00:00Z
QC-00308-POTENCY,BAT-00308,POTENCY,PASS,116.8,AU,2026-04-30T10:00:00Z,2026-05-02T14:00:00Z
QC-00308-STERILITY,BAT-00308,STERILITY,PASS,NO_GROWTH,,2026-04-30T07:00:00Z,2026-05-02T04:00:00Z
QC-00308-VIABILITY,BAT-00308,VIABILITY,PASS,73.8,%,2026-04-30T19:00:00Z,2026-05-01T14:00:00Z
QC-00308-PURITY,BAT-00308,PURITY,OOT,BORDERLINE,,2026-04-30T22:00:00Z,2026-05-02T19:00:00Z
QC-00308-SAFETY,BAT-00308,SAFETY,PASS,CONFORMING,,2026-04-30T14:00:00Z,2026-05-02T09:00:00Z
QC-00309-IDENTITY,BAT-00309,IDENTITY,PASS,CONFORMING,,2026-04-29T10:00:00Z,2026-05-01T09:00:00Z
QC-00309-POTENCY,BAT-00309,POTENCY,PASS,55.6,AU,2026-04-29T07:00:00Z,2026-05-01T05:00:00Z
QC-00309-STERILITY,BAT-00309,STERILITY,PENDING,PENDING,,2026-04-29T04:00:00Z,2026-04-30T12:00:00Z
QC-00309-VIABILITY,BAT-00309,VIABILITY,OOS,67.4,%,2026-04-28T22:00:00Z,2026-05-01T05:00:00Z
QC-00309-PURITY,BAT-00309,PURITY,PASS,CONFORMING,,2026-04-28T16:00:00Z,2026-04-30T02:00:00Z
QC-00309-SAFETY,BAT-00309,SAFETY,PASS,CONFORMING,,2026-04-29T06:00:00Z,2026-04-30T23:00:00Z
QC-00310-IDENTITY,BAT-00310,IDENTITY,PASS,CONFORMING,,2026-04-26T04:00:00Z,2026-04-28T00:00:00Z
QC-00310-POTENCY,BAT-00310,POTENCY,PASS,108.9,AU,2026-04-26T16:00:00Z,2026-04-27T20:00:00Z
QC-00310-STERILITY,BAT-00310,STERILITY,PASS,NO_GROWTH,,2026-04-26T19:00:00Z,2026-04-28T09:00:00Z
QC-00310-VIABILITY,BAT-00310,VIABILITY,PASS,70.7,%,2026-04-26T17:00:00Z,2026-04-28T15:00:00Z
QC-00310-PURITY,BAT-00310,PURITY,PASS,CONFORMING,,2026-04-26T07:00:00Z,2026-04-27T05:00:00Z
QC-00310-SAFETY,BAT-00310,SAFETY,PASS,CONFORMING,,2026-04-26T15:00:00Z,2026-04-27T13:00:00Z
QC-00311-IDENTITY,BAT-00311,IDENTITY,OOT,BORDERLINE,,2026-04-24T21:00:00Z,2026-04-27T00:00:00Z
QC-00311-POTENCY,BAT-00311,POTENCY,PASS,118.5,AU,2026-04-24T00:00:00Z,2026-04-25T12:00:00Z
QC-00311-STERILITY,BAT-00311,STERILITY,PASS,NO_GROWTH,,2026-04-24T06:00:00Z,2026-04-25T11:00:00Z
QC-00311-VIABILITY,BAT-00311,VIABILITY,PASS,80.7,%,2026-04-24T20:00:00Z,2026-04-26T18:00:00Z
QC-00311-PURITY,BAT-00311,PURITY,PASS,CONFORMING,,2026-04-24T14:00:00Z,2026-04-25T21:00:00Z
QC-00311-SAFETY,BAT-00311,SAFETY,PASS,CONFORMING,,2026-04-24T03:00:00Z,2026-04-25T09:00:00Z
QC-00312-IDENTITY,BAT-00312,IDENTITY,PASS,CONFORMING,,2026-04-28T15:00:00Z,2026-04-30T09:00:00Z
QC-00312-POTENCY,BAT-00312,POTENCY,PASS,82.2,AU,2026-04-28T18:00:00Z,2026-04-29T15:00:00Z
QC-00312-STERILITY,BAT-00312,STERILITY,PENDING,PENDING,,2026-04-28T08:00:00Z,2026-04-30T10:00:00Z
QC-00312-VIABILITY,BAT-00312,VIABILITY,PASS,91.0,%,2026-04-28T01:00:00Z,2026-04-29T02:00:00Z
QC-00312-PURITY,BAT-00312,PURITY,OOT,BORDERLINE,,2026-04-28T04:00:00Z,2026-04-29T06:00:00Z
QC-00312-SAFETY,BAT-00312,SAFETY,OOT,BORDERLINE,,2026-04-28T16:00:00Z,2026-04-29T14:00:00Z
QC-00313-IDENTITY,BAT-00313,IDENTITY,PASS,CONFORMING,,2026-04-24T02:00:00Z,2026-04-25T13:00:00Z
QC-00313-POTENCY,BAT-00313,POTENCY,PASS,88.5,AU,2026-04-24T08:00:00Z,2026-04-25T02:00:00Z
QC-00313-STERILITY,BAT-00313,STERILITY,PASS,NO_GROWTH,,2026-04-24T08:00:00Z,2026-04-25T10:00:00Z
QC-00313-VIABILITY,BAT-00313,VIABILITY,OOS,69.6,%,2026-04-24T13:00:00Z,2026-04-26T20:00:00Z
QC-00313-PURITY,BAT-00313,PURITY,PASS,CONFORMING,,2026-04-24T07:00:00Z,2026-04-26T23:00:00Z
QC-00313-SAFETY,BAT-00313,SAFETY,PASS,CONFORMING,,2026-04-24T17:00:00Z,2026-04-25T16:00:00Z
QC-00314-IDENTITY,BAT-00314,IDENTITY,PASS,CONFORMING,,2026-04-27T03:00:00Z,2026-04-27T20:00:00Z
QC-00314-POTENCY,BAT-00314,POTENCY,PASS,57.5,AU,2026-04-26T18:00:00Z,2026-04-28T17:00:00Z
QC-00314-STERILITY,BAT-00314,STERILITY,PASS,NO_GROWTH,,2026-04-26T15:00:00Z,2026-04-29T07:00:00Z
QC-00314-VIABILITY,BAT-00314,VIABILITY,PASS,74.0,%,2026-04-27T04:00:00Z,2026-04-28T09:00:00Z
QC-00314-PURITY,BAT-00314,PURITY,PASS,CONFORMING,,2026-04-26T15:00:00Z,2026-04-27T13:00:00Z
QC-00314-SAFETY,BAT-00314,SAFETY,OOT,BORDERLINE,,2026-04-26T19:00:00Z,2026-04-29T04:00:00Z
QC-00315-IDENTITY,BAT-00315,IDENTITY,PASS,CONFORMING,,2026-04-30T12:00:00Z,2026-04-30T16:00:00Z
QC-00315-POTENCY,BAT-00315,POTENCY,PASS,96.7,AU,2026-04-30T05:00:00Z,2026-05-01T18:00:00Z
QC-00315-STERILITY,BAT-00315,STERILITY,PASS,NO_GROWTH,,2026-04-29T22:00:00Z,2026-04-30T23:00:00Z
QC-00315-VIABILITY,BAT-00315,VIABILITY,PASS,72.8,%,2026-04-30T02:00:00Z,2026-05-01T03:00:00Z
QC-00315-PURITY,BAT-00315,PURITY,PASS,CONFORMING,,2026-04-29T20:00:00Z,2026-05-01T22:00:00Z
QC-00315-SAFETY,BAT-00315,SAFETY,PASS,CONFORMING,,2026-04-30T03:00:00Z,2026-05-01T11:00:00Z
QC-00316-IDENTITY,BAT-00316,IDENTITY,PASS,CONFORMING,,2026-04-27T09:00:00Z,2026-04-28T15:00:00Z
QC-00316-POTENCY,BAT-00316,POTENCY,PASS,56.9,AU,2026-04-27T23:00:00Z,2026-04-28T22:00:00Z
QC-00316-STERILITY,BAT-00316,STERILITY,PENDING,PENDING,,2026-04-28T00:00:00Z,2026-04-29T11:00:00Z
QC-00316-VIABILITY,BAT-00316,VIABILITY,PASS,81.2,%,2026-04-27T05:00:00Z,2026-04-29T05:00:00Z
QC-00316-PURITY,BAT-00316,PURITY,PASS,CONFORMING,,2026-04-28T00:00:00Z,2026-04-29T20:00:00Z
QC-00316-SAFETY,BAT-00316,SAFETY,PASS,CONFORMING,,2026-04-27T20:00:00Z,2026-04-28T07:00:00Z
QC-00317-IDENTITY,BAT-00317,IDENTITY,OOT,BORDERLINE,,2026-04-24T05:00:00Z,2026-04-25T20:00:00Z
QC-00317-POTENCY,BAT-00317,POTENCY,PASS,86.3,AU,2026-04-24T05:00:00Z,2026-04-25T01:00:00Z
QC-00317-STERILITY,BAT-00317,STERILITY,PASS,NO_GROWTH,,2026-04-24T21:00:00Z,2026-04-26T09:00:00Z
QC-00317-VIABILITY,BAT-00317,VIABILITY,PASS,90.3,%,2026-04-24T18:00:00Z,2026-04-25T17:00:00Z
QC-00317-PURITY,BAT-00317,PURITY,OOT,BORDERLINE,,2026-04-24T00:00:00Z,2026-04-26T23:00:00Z
QC-00317-SAFETY,BAT-00317,SAFETY,OOT,BORDERLINE,,2026-04-24T02:00:00Z,2026-04-25T08:00:00Z
QC-00318-IDENTITY,BAT-00318,IDENTITY,OOT,BORDERLINE,,2026-04-30T19:00:00Z,2026-05-03T08:00:00Z
QC-00318-POTENCY,BAT-00318,POTENCY,PASS,114.3,AU,2026-05-01T07:00:00Z,2026-05-02T21:00:00Z
QC-00318-STERILITY,BAT-00318,STERILITY,PASS,NO_GROWTH,,2026-05-01T07:00:00Z,2026-05-02T03:00:00Z
QC-00318-VIABILITY,BAT-00318,VIABILITY,PASS,93.4,%,2026-05-01T15:00:00Z,2026-05-03T04:00:00Z
QC-00318-PURITY,BAT-00318,PURITY,PASS,CONFORMING,,2026-04-30T21:00:00Z,2026-05-03T09:00:00Z
QC-00318-SAFETY,BAT-00318,SAFETY,OOT,BORDERLINE,,2026-05-01T16:00:00Z,2026-05-02T20:00:00Z
QC-00319-IDENTITY,BAT-00319,IDENTITY,PASS,CONFORMING,,2026-05-03T00:00:00Z,2026-05-03T17:00:00Z
QC-00319-POTENCY,BAT-00319,POTENCY,PASS,102.0,AU,2026-05-02T12:00:00Z,2026-05-03T18:00:00Z
QC-00319-STERILITY,BAT-00319,STERILITY,PASS,NO_GROWTH,,2026-05-03T06:00:00Z,2026-05-05T08:00:00Z
QC-00319-VIABILITY,BAT-00319,VIABILITY,PASS,76.3,%,2026-05-02T12:00:00Z,2026-05-03T13:00:00Z
QC-00319-PURITY,BAT-00319,PURITY,OOT,BORDERLINE,,2026-05-02T21:00:00Z,2026-05-03T14:00:00Z
QC-00319-SAFETY,BAT-00319,SAFETY,PASS,CONFORMING,,2026-05-02T13:00:00Z,2026-05-04T00:00:00Z
QC-00320-IDENTITY,BAT-00320,IDENTITY,OOT,BORDERLINE,,2026-05-02T15:00:00Z,2026-05-04T08:00:00Z
QC-00320-POTENCY,BAT-00320,POTENCY,PASS,75.4,AU,2026-05-02T04:00:00Z,2026-05-03T07:00:00Z
QC-00320-STERILITY,BAT-00320,STERILITY,PASS,NO_GROWTH,,2026-05-02T08:00:00Z,2026-05-04T16:00:00Z
QC-00320-VIABILITY,BAT-00320,VIABILITY,PASS,75.5,%,2026-05-02T07:00:00Z,2026-05-03T09:00:00Z
QC-00320-PURITY,BAT-00320,PURITY,PASS,CONFORMING,,2026-05-02T03:00:00Z,2026-05-02T21:00:00Z
QC-00320-SAFETY,BAT-00320,SAFETY,PASS,CONFORMING,,2026-05-02T10:00:00Z,2026-05-04T11:00:00Z
QC-00321-IDENTITY,BAT-00321,IDENTITY,PASS,CONFORMING,,2026-04-29T16:00:00Z,2026-04-30T11:00:00Z
QC-00321-POTENCY,BAT-00321,POTENCY,PASS,94.1,AU,2026-04-29T22:00:00Z,2026-04-30T12:00:00Z
QC-00321-STERILITY,BAT-00321,STERILITY,PASS,NO_GROWTH,,2026-04-29T01:00:00Z,2026-05-02T00:00:00Z
QC-00321-VIABILITY,BAT-00321,VIABILITY,PASS,80.7,%,2026-04-29T07:00:00Z,2026-05-01T08:00:00Z
QC-00321-PURITY,BAT-00321,PURITY,PASS,CONFORMING,,2026-04-29T07:00:00Z,2026-05-01T04:00:00Z
QC-00321-SAFETY,BAT-00321,SAFETY,PASS,CONFORMING,,2026-04-29T15:00:00Z,2026-05-01T04:00:00Z
QC-00322-IDENTITY,BAT-00322,IDENTITY,PASS,CONFORMING,,2026-05-03T04:00:00Z,2026-05-05T08:00:00Z
QC-00322-POTENCY,BAT-00322,POTENCY,PASS,114.0,AU,2026-05-03T10:00:00Z,2026-05-05T11:00:00Z
QC-00322-STERILITY,BAT-00322,STERILITY,PENDING,PENDING,,2026-05-03T04:00:00Z,2026-05-04T18:00:00Z
QC-00322-VIABILITY,BAT-00322,VIABILITY,PASS,77.3,%,2026-05-03T05:00:00Z,2026-05-04T22:00:00Z
QC-00322-PURITY,BAT-00322,PURITY,PASS,CONFORMING,,2026-05-02T20:00:00Z,2026-05-05T07:00:00Z
QC-00322-SAFETY,BAT-00322,SAFETY,PASS,CONFORMING,,2026-05-03T11:00:00Z,2026-05-05T06:00:00Z
QC-00323-IDENTITY,BAT-00323,IDENTITY,PASS,CONFORMING,,2026-05-02T11:00:00Z,2026-05-03T23:00:00Z
QC-00323-POTENCY,BAT-00323,POTENCY,PASS,63.4,AU,2026-05-02T18:00:00Z,2026-05-03T14:00:00Z
QC-00323-STERILITY,BAT-00323,STERILITY,PENDING,PENDING,,2026-05-02T07:00:00Z,2026-05-04T11:00:00Z
QC-00323-VIABILITY,BAT-00323,VIABILITY,PASS,81.8,%,2026-05-02T23:00:00Z,2026-05-03T10:00:00Z
QC-00323-PURITY,BAT-00323,PURITY,PASS,CONFORMING,,2026-05-02T10:00:00Z,2026-05-04T17:00:00Z
QC-00323-SAFETY,BAT-00323,SAFETY,OOT,BORDERLINE,,2026-05-02T20:00:00Z,2026-05-03T17:00:00Z
QC-00324-IDENTITY,BAT-00324,IDENTITY,PASS,CONFORMING,,2026-05-04T02:00:00Z,2026-05-04T18:00:00Z
QC-00324-POTENCY,BAT-00324,POTENCY,PASS,77.0,AU,2026-05-04T08:00:00Z,2026-05-06T07:00:00Z
QC-00324-STERILITY,BAT-00324,STERILITY,PASS,NO_GROWTH,,2026-05-03T18:00:00Z,2026-05-06T03:00:00Z
QC-00324-VIABILITY,BAT-00324,VIABILITY,OOS,68.9,%,2026-05-03T16:00:00Z,2026-05-06T04:00:00Z
QC-00324-PURITY,BAT-00324,PURITY,OOT,BORDERLINE,,2026-05-03T14:00:00Z,2026-05-05T06:00:00Z
QC-00324-SAFETY,BAT-00324,SAFETY,OOT,BORDERLINE,,2026-05-03T10:00:00Z,2026-05-05T15:00:00Z
QC-00325-IDENTITY,BAT-00325,IDENTITY,PASS,CONFORMING,,2026-04-25T19:00:00Z,2026-04-26T21:00:00Z
QC-00325-POTENCY,BAT-00325,POTENCY,PASS,86.2,AU,2026-04-25T16:00:00Z,2026-04-27T02:00:00Z
QC-00325-STERILITY,BAT-00325,STERILITY,PASS,NO_GROWTH,,2026-04-26T11:00:00Z,2026-04-28T14:00:00Z
QC-00325-VIABILITY,BAT-00325,VIABILITY,PASS,96.4,%,2026-04-25T20:00:00Z,2026-04-27T03:00:00Z
QC-00325-PURITY,BAT-00325,PURITY,PASS,CONFORMING,,2026-04-26T14:00:00Z,2026-04-27T07:00:00Z
QC-00325-SAFETY,BAT-00325,SAFETY,OOT,BORDERLINE,,2026-04-26T09:00:00Z,2026-04-27T03:00:00Z
QC-00326-IDENTITY,BAT-00326,IDENTITY,OOT,BORDERLINE,,2026-05-01T23:00:00Z,2026-05-03T04:00:00Z
QC-00326-POTENCY,BAT-00326,POTENCY,PASS,105.0,AU,2026-05-01T17:00:00Z,2026-05-02T16:00:00Z
QC-00326-STERILITY,BAT-00326,STERILITY,PASS,NO_GROWTH,,2026-05-02T04:00:00Z,2026-05-03T15:00:00Z
QC-00326-VIABILITY,BAT-00326,VIABILITY,PASS,89.0,%,2026-05-01T08:00:00Z,2026-05-03T04:00:00Z
QC-00326-PURITY,BAT-00326,PURITY,PASS,CONFORMING,,2026-05-02T03:00:00Z,2026-05-04T05:00:00Z
QC-00326-SAFETY,BAT-00326,SAFETY,OOT,BORDERLINE,,2026-05-01T22:00:00Z,2026-05-03T00:00:00Z
QC-00327-IDENTITY,BAT-00327,IDENTITY,PASS,CONFORMING,,2026-05-06T20:00:00Z,2026-05-08T03:00:00Z
QC-00327-POTENCY,BAT-00327,POTENCY,PASS,79.5,AU,2026-05-06T21:00:00Z,2026-05-07T14:00:00Z
QC-00327-STERILITY,BAT-00327,STERILITY,PASS,NO_GROWTH,,2026-05-06T04:00:00Z,2026-05-08T02:00:00Z
QC-00327-VIABILITY,BAT-00327,VIABILITY,PASS,90.8,%,2026-05-06T17:00:00Z,2026-05-07T19:00:00Z
QC-00327-PURITY,BAT-00327,PURITY,PASS,CONFORMING,,2026-05-06T04:00:00Z,2026-05-08T15:00:00Z
QC-00327-SAFETY,BAT-00327,SAFETY,PASS,CONFORMING,,2026-05-06T23:00:00Z,2026-05-07T05:00:00Z
QC-00328-IDENTITY,BAT-00328,IDENTITY,PASS,CONFORMING,,2026-05-03T15:00:00Z,2026-05-04T09:00:00Z
QC-00328-POTENCY,BAT-00328,POTENCY,PASS,70.6,AU,2026-05-03T02:00:00Z,2026-05-05T07:00:00Z
QC-00328-STERILITY,BAT-00328,STERILITY,PASS,NO_GROWTH,,2026-05-03T09:00:00Z,2026-05-04T01:00:00Z
QC-00328-VIABILITY,BAT-00328,VIABILITY,PASS,73.3,%,2026-05-03T13:00:00Z,2026-05-04T08:00:00Z
QC-00328-PURITY,BAT-00328,PURITY,PASS,CONFORMING,,2026-05-03T15:00:00Z,2026-05-05T04:00:00Z
QC-00328-SAFETY,BAT-00328,SAFETY,PASS,CONFORMING,,2026-05-03T18:00:00Z,2026-05-05T14:00:00Z
QC-00329-IDENTITY,BAT-00329,IDENTITY,PASS,CONFORMING,,2026-05-06T05:00:00Z,2026-05-07T13:00:00Z
QC-00329-POTENCY,BAT-00329,POTENCY,PASS,79.2,AU,2026-05-06T17:00:00Z,2026-05-08T14:00:00Z
QC-00329-STERILITY,BAT-00329,STERILITY,PASS,NO_GROWTH,,2026-05-06T11:00:00Z,2026-05-07T11:00:00Z
QC-00329-VIABILITY,BAT-00329,VIABILITY,PASS,88.0,%,2026-05-07T01:00:00Z,2026-05-09T01:00:00Z
QC-00329-PURITY,BAT-00329,PURITY,OOT,BORDERLINE,,2026-05-06T13:00:00Z,2026-05-07T05:00:00Z
QC-00329-SAFETY,BAT-00329,SAFETY,PASS,CONFORMING,,2026-05-06T10:00:00Z,2026-05-07T06:00:00Z
QC-00330-IDENTITY,BAT-00330,IDENTITY,OOT,BORDERLINE,,2026-04-28T11:00:00Z,2026-04-29T11:00:00Z
QC-00330-POTENCY,BAT-00330,POTENCY,PASS,101.3,AU,2026-04-28T14:00:00Z,2026-04-30T18:00:00Z
QC-00330-STERILITY,BAT-00330,STERILITY,PASS,NO_GROWTH,,2026-04-27T22:00:00Z,2026-04-29T11:00:00Z
QC-00330-VIABILITY,BAT-00330,VIABILITY,OOS,66.5,%,2026-04-28T11:00:00Z,2026-04-29T19:00:00Z
QC-00330-PURITY,BAT-00330,PURITY,OOT,BORDERLINE,,2026-04-27T20:00:00Z,2026-04-30T01:00:00Z
QC-00330-SAFETY,BAT-00330,SAFETY,PASS,CONFORMING,,2026-04-27T20:00:00Z,2026-04-29T11:00:00Z
QC-00331-IDENTITY,BAT-00331,IDENTITY,PASS,CONFORMING,,2026-04-30T13:00:00Z,2026-05-01T23:00:00Z
QC-00331-POTENCY,BAT-00331,POTENCY,PASS,68.4,AU,2026-04-30T16:00:00Z,2026-05-01T13:00:00Z
QC-00331-STERILITY,BAT-00331,STERILITY,PASS,NO_GROWTH,,2026-04-30T12:00:00Z,2026-05-03T01:00:00Z
QC-00331-VIABILITY,BAT-00331,VIABILITY,PASS,81.5,%,2026-04-30T17:00:00Z,2026-05-01T10:00:00Z
QC-00331-PURITY,BAT-00331,PURITY,OOT,BORDERLINE,,2026-04-30T12:00:00Z,2026-05-02T12:00:00Z
QC-00331-SAFETY,BAT-00331,SAFETY,PASS,CONFORMING,,2026-05-01T00:00:00Z,2026-05-01T09:00:00Z
QC-00332-IDENTITY,BAT-00332,IDENTITY,PASS,CONFORMING,,2026-04-30T23:00:00Z,2026-05-02T03:00:00Z
QC-00332-POTENCY,BAT-00332,POTENCY,PASS,106.9,AU,2026-04-30T12:00:00Z,2026-05-02T09:00:00Z
QC-00332-STERILITY,BAT-00332,STERILITY,PASS,NO_GROWTH,,2026-04-30T08:00:00Z,2026-05-03T04:00:00Z
QC-00332-VIABILITY,BAT-00332,VIABILITY,PASS,88.7,%,2026-04-30T19:00:00Z,2026-05-02T04:00:00Z
QC-00332-PURITY,BAT-00332,PURITY,PASS,CONFORMING,,2026-05-01T07:00:00Z,2026-05-02T18:00:00Z
QC-00332-SAFETY,BAT-00332,SAFETY,OOT,BORDERLINE,,2026-05-01T03:00:00Z,2026-05-01T11:00:00Z
QC-00333-IDENTITY,BAT-00333,IDENTITY,PASS,CONFORMING,,2026-05-08T06:00:00Z,2026-05-10T00:00:00Z
QC-00333-POTENCY,BAT-00333,POTENCY,PASS,90.8,AU,2026-05-08T05:00:00Z,2026-05-10T00:00:00Z
QC-00333-STERILITY,BAT-00333,STERILITY,PASS,NO_GROWTH,,2026-05-08T13:00:00Z,2026-05-10T13:00:00Z
QC-00333-VIABILITY,BAT-00333,VIABILITY,PASS,84.3,%,2026-05-08T12:00:00Z,2026-05-09T08:00:00Z
QC-00333-PURITY,BAT-00333,PURITY,PASS,CONFORMING,,2026-05-08T17:00:00Z,2026-05-10T09:00:00Z
QC-00333-SAFETY,BAT-00333,SAFETY,PASS,CONFORMING,,2026-05-09T02:00:00Z,2026-05-10T01:00:00Z
QC-00334-IDENTITY,BAT-00334,IDENTITY,PASS,CONFORMING,,2026-04-30T14:00:00Z,2026-05-02T16:00:00Z
QC-00334-POTENCY,BAT-00334,POTENCY,PASS,73.9,AU,2026-04-30T09:00:00Z,2026-05-01T20:00:00Z
QC-00334-STERILITY,BAT-00334,STERILITY,PENDING,PENDING,,2026-05-01T05:00:00Z,2026-05-03T07:00:00Z
QC-00334-VIABILITY,BAT-00334,VIABILITY,PASS,82.1,%,2026-04-30T09:00:00Z,2026-05-02T03:00:00Z
QC-00334-PURITY,BAT-00334,PURITY,PASS,CONFORMING,,2026-04-30T08:00:00Z,2026-05-02T08:00:00Z
QC-00334-SAFETY,BAT-00334,SAFETY,PASS,CONFORMING,,2026-04-30T17:00:00Z,2026-05-03T04:00:00Z
QC-00335-IDENTITY,BAT-00335,IDENTITY,PASS,CONFORMING,,2026-05-06T20:00:00Z,2026-05-07T16:00:00Z
QC-00335-POTENCY,BAT-00335,POTENCY,PASS,117.9,AU,2026-05-06T19:00:00Z,2026-05-08T17:00:00Z
QC-00335-STERILITY,BAT-00335,STERILITY,PENDING,PENDING,,2026-05-07T00:00:00Z,2026-05-09T02:00:00Z
QC-00335-VIABILITY,BAT-00335,VIABILITY,PASS,88.2,%,2026-05-07T04:00:00Z,2026-05-09T04:00:00Z
QC-00335-PURITY,BAT-00335,PURITY,OOT,BORDERLINE,,2026-05-07T02:00:00Z,2026-05-07T19:00:00Z
QC-00335-SAFETY,BAT-00335,SAFETY,PASS,CONFORMING,,2026-05-06T22:00:00Z,2026-05-08T22:00:00Z
QC-00336-IDENTITY,BAT-00336,IDENTITY,PASS,CONFORMING,,2026-05-05T03:00:00Z,2026-05-06T04:00:00Z
QC-00336-POTENCY,BAT-00336,POTENCY,OOS,46.9,AU,2026-05-05T05:00:00Z,2026-05-06T14:00:00Z
QC-00336-STERILITY,BAT-00336,STERILITY,PENDING,PENDING,,2026-05-05T07:00:00Z,2026-05-06T15:00:00Z
QC-00336-VIABILITY,BAT-00336,VIABILITY,PASS,80.9,%,2026-05-05T09:00:00Z,2026-05-06T20:00:00Z
QC-00336-PURITY,BAT-00336,PURITY,PASS,CONFORMING,,2026-05-04T21:00:00Z,2026-05-07T19:00:00Z
QC-00336-SAFETY,BAT-00336,SAFETY,PASS,CONFORMING,,2026-05-04T21:00:00Z,2026-05-06T15:00:00Z
QC-00337-IDENTITY,BAT-00337,IDENTITY,PASS,CONFORMING,,2026-05-06T21:00:00Z,2026-05-09T17:00:00Z
QC-00337-POTENCY,BAT-00337,POTENCY,PASS,72.4,AU,2026-05-07T07:00:00Z,2026-05-09T13:00:00Z
QC-00337-STERILITY,BAT-00337,STERILITY,PENDING,PENDING,,2026-05-06T20:00:00Z,2026-05-09T17:00:00Z
QC-00337-VIABILITY,BAT-00337,VIABILITY,PASS,91.0,%,2026-05-07T06:00:00Z,2026-05-09T09:00:00Z
QC-00337-PURITY,BAT-00337,PURITY,OOT,BORDERLINE,,2026-05-07T02:00:00Z,2026-05-08T10:00:00Z
QC-00337-SAFETY,BAT-00337,SAFETY,PASS,CONFORMING,,2026-05-07T13:00:00Z,2026-05-09T10:00:00Z
QC-00338-IDENTITY,BAT-00338,IDENTITY,PASS,CONFORMING,,2026-05-08T01:00:00Z,2026-05-09T15:00:00Z
QC-00338-POTENCY,BAT-00338,POTENCY,PASS,77.4,AU,2026-05-07T23:00:00Z,2026-05-09T08:00:00Z
QC-00338-STERILITY,BAT-00338,STERILITY,PASS,NO_GROWTH,,2026-05-08T05:00:00Z,2026-05-09T02:00:00Z
QC-00338-VIABILITY,BAT-00338,VIABILITY,PASS,72.8,%,2026-05-08T05:00:00Z,2026-05-10T00:00:00Z
QC-00338-PURITY,BAT-00338,PURITY,PASS,CONFORMING,,2026-05-08T08:00:00Z,2026-05-09T06:00:00Z
QC-00338-SAFETY,BAT-00338,SAFETY,PASS,CONFORMING,,2026-05-07T23:00:00Z,2026-05-09T08:00:00Z
QC-00339-IDENTITY,BAT-00339,IDENTITY,OOT,BORDERLINE,,2026-05-07T00:00:00Z,2026-05-08T05:00:00Z
QC-00339-POTENCY,BAT-00339,POTENCY,PASS,108.7,AU,2026-05-06T18:00:00Z,2026-05-08T23:00:00Z
QC-00339-STERILITY,BAT-00339,STERILITY,PASS,NO_GROWTH,,2026-05-07T17:00:00Z,2026-05-09T06:00:00Z
QC-00339-VIABILITY,BAT-00339,VIABILITY,PASS,80.1,%,2026-05-07T00:00:00Z,2026-05-08T15:00:00Z
QC-00339-PURITY,BAT-00339,PURITY,PASS,CONFORMING,,2026-05-07T09:00:00Z,2026-05-09T00:00:00Z
QC-00339-SAFETY,BAT-00339,SAFETY,PASS,CONFORMING,,2026-05-07T15:00:00Z,2026-05-09T12:00:00Z
QC-00340-IDENTITY,BAT-00340,IDENTITY,PASS,CONFORMING,,2026-05-03T04:00:00Z,2026-05-05T01:00:00Z
QC-00340-POTENCY,BAT-00340,POTENCY,PASS,86.0,AU,2026-05-02T23:00:00Z,2026-05-04T13:00:00Z
QC-00340-STERILITY,BAT-00340,STERILITY,PASS,NO_GROWTH,,2026-05-02T20:00:00Z,2026-05-05T02:00:00Z
QC-00340-VIABILITY,BAT-00340,VIABILITY,OOS,65.9,%,2026-05-03T09:00:00Z,2026-05-04T20:00:00Z
QC-00340-PURITY,BAT-00340,PURITY,PASS,CONFORMING,,2026-05-02T11:00:00Z,2026-05-04T04:00:00Z
QC-00340-SAFETY,BAT-00340,SAFETY,PASS,CONFORMING,,2026-05-02T17:00:00Z,2026-05-03T22:00:00Z
QC-00341-IDENTITY,BAT-00341,IDENTITY,PASS,CONFORMING,,2026-05-06T04:00:00Z,2026-05-07T05:00:00Z
QC-00341-POTENCY,BAT-00341,POTENCY,PASS,52.4,AU,2026-05-05T14:00:00Z,2026-05-07T03:00:00Z
QC-00341-STERILITY,BAT-00341,STERILITY,PENDING,PENDING,,2026-05-06T09:00:00Z,2026-05-07T17:00:00Z
QC-00341-VIABILITY,BAT-00341,VIABILITY,PASS,84.6,%,2026-05-05T18:00:00Z,2026-05-07T11:00:00Z
QC-00341-PURITY,BAT-00341,PURITY,PASS,CONFORMING,,2026-05-05T11:00:00Z,2026-05-07T08:00:00Z
QC-00341-SAFETY,BAT-00341,SAFETY,PASS,CONFORMING,,2026-05-06T05:00:00Z,2026-05-08T06:00:00Z
QC-00342-IDENTITY,BAT-00342,IDENTITY,PASS,CONFORMING,,2026-05-04T00:00:00Z,2026-05-06T12:00:00Z
QC-00342-POTENCY,BAT-00342,POTENCY,PASS,88.0,AU,2026-05-04T10:00:00Z,2026-05-04T23:00:00Z
QC-00342-STERILITY,BAT-00342,STERILITY,PENDING,PENDING,,2026-05-04T05:00:00Z,2026-05-04T20:00:00Z
QC-00342-VIABILITY,BAT-00342,VIABILITY,PASS,78.9,%,2026-05-04T09:00:00Z,2026-05-05T11:00:00Z
QC-00342-PURITY,BAT-00342,PURITY,OOT,BORDERLINE,,2026-05-04T09:00:00Z,2026-05-05T19:00:00Z
QC-00342-SAFETY,BAT-00342,SAFETY,PASS,CONFORMING,,2026-05-04T06:00:00Z,2026-05-05T10:00:00Z
QC-00343-IDENTITY,BAT-00343,IDENTITY,PASS,CONFORMING,,2026-05-09T23:00:00Z,2026-05-11T01:00:00Z
QC-00343-POTENCY,BAT-00343,POTENCY,PASS,66.6,AU,2026-05-10T01:00:00Z,2026-05-10T22:00:00Z
QC-00343-STERILITY,BAT-00343,STERILITY,PASS,NO_GROWTH,,2026-05-09T20:00:00Z,2026-05-11T19:00:00Z
QC-00343-VIABILITY,BAT-00343,VIABILITY,PASS,79.8,%,2026-05-10T17:00:00Z,2026-05-10T21:00:00Z
QC-00343-PURITY,BAT-00343,PURITY,PASS,CONFORMING,,2026-05-10T16:00:00Z,2026-05-11T13:00:00Z
QC-00343-SAFETY,BAT-00343,SAFETY,OOT,BORDERLINE,,2026-05-09T22:00:00Z,2026-05-11T00:00:00Z
QC-00344-IDENTITY,BAT-00344,IDENTITY,OOT,BORDERLINE,,2026-05-06T13:00:00Z,2026-05-08T04:00:00Z
QC-00344-POTENCY,BAT-00344,POTENCY,OOS,46.6,AU,2026-05-06T01:00:00Z,2026-05-07T10:00:00Z
QC-00344-STERILITY,BAT-00344,STERILITY,PENDING,PENDING,,2026-05-06T02:00:00Z,2026-05-07T09:00:00Z
QC-00344-VIABILITY,BAT-00344,VIABILITY,PASS,77.8,%,2026-05-06T07:00:00Z,2026-05-06T20:00:00Z
QC-00344-PURITY,BAT-00344,PURITY,PASS,CONFORMING,,2026-05-05T20:00:00Z,2026-05-07T00:00:00Z
QC-00344-SAFETY,BAT-00344,SAFETY,PASS,CONFORMING,,2026-05-06T02:00:00Z,2026-05-07T05:00:00Z
QC-00345-IDENTITY,BAT-00345,IDENTITY,PASS,CONFORMING,,2026-05-08T15:00:00Z,2026-05-09T15:00:00Z
QC-00345-POTENCY,BAT-00345,POTENCY,PASS,87.7,AU,2026-05-08T22:00:00Z,2026-05-11T00:00:00Z
QC-00345-STERILITY,BAT-00345,STERILITY,PENDING,PENDING,,2026-05-08T22:00:00Z,2026-05-10T09:00:00Z
QC-00345-VIABILITY,BAT-00345,VIABILITY,PASS,83.9,%,2026-05-08T15:00:00Z,2026-05-10T09:00:00Z
QC-00345-PURITY,BAT-00345,PURITY,PASS,CONFORMING,,2026-05-08T14:00:00Z,2026-05-11T01:00:00Z
QC-00345-SAFETY,BAT-00345,SAFETY,PASS,CONFORMING,,2026-05-08T16:00:00Z,2026-05-10T16:00:00Z
QC-00346-IDENTITY,BAT-00346,IDENTITY,PASS,CONFORMING,,2026-04-30T01:00:00Z,2026-05-01T17:00:00Z
QC-00346-POTENCY,BAT-00346,POTENCY,PASS,84.6,AU,2026-04-30T00:00:00Z,2026-04-30T18:00:00Z
QC-00346-STERILITY,BAT-00346,STERILITY,PENDING,PENDING,,2026-04-30T05:00:00Z,2026-05-01T16:00:00Z
QC-00346-VIABILITY,BAT-00346,VIABILITY,PASS,83.7,%,2026-04-30T09:00:00Z,2026-05-01T12:00:00Z
QC-00346-PURITY,BAT-00346,PURITY,PASS,CONFORMING,,2026-04-29T14:00:00Z,2026-05-01T11:00:00Z
QC-00346-SAFETY,BAT-00346,SAFETY,PASS,CONFORMING,,2026-04-29T22:00:00Z,2026-05-02T10:00:00Z
QC-00347-IDENTITY,BAT-00347,IDENTITY,PASS,CONFORMING,,2026-05-04T18:00:00Z,2026-05-07T03:00:00Z
QC-00347-POTENCY,BAT-00347,POTENCY,PASS,104.4,AU,2026-05-05T03:00:00Z,2026-05-07T07:00:00Z
QC-00347-STERILITY,BAT-00347,STERILITY,PASS,NO_GROWTH,,2026-05-05T00:00:00Z,2026-05-07T06:00:00Z
QC-00347-VIABILITY,BAT-00347,VIABILITY,OOS,67.3,%,2026-05-04T12:00:00Z,2026-05-06T05:00:00Z
QC-00347-PURITY,BAT-00347,PURITY,PASS,CONFORMING,,2026-05-05T08:00:00Z,2026-05-05T23:00:00Z
QC-00347-SAFETY,BAT-00347,SAFETY,PASS,CONFORMING,,2026-05-05T07:00:00Z,2026-05-07T05:00:00Z
QC-00348-IDENTITY,BAT-00348,IDENTITY,PASS,CONFORMING,,2026-05-11T07:00:00Z,2026-05-12T04:00:00Z
QC-00348-POTENCY,BAT-00348,POTENCY,PASS,68.1,AU,2026-05-11T21:00:00Z,2026-05-13T10:00:00Z
QC-00348-STERILITY,BAT-00348,STERILITY,PASS,NO_GROWTH,,2026-05-11T13:00:00Z,2026-05-13T04:00:00Z
QC-00348-VIABILITY,BAT-00348,VIABILITY,OOS,66.2,%,2026-05-11T12:00:00Z,2026-05-13T20:00:00Z
QC-00348-PURITY,BAT-00348,PURITY,PASS,CONFORMING,,2026-05-11T09:00:00Z,2026-05-12T19:00:00Z
QC-00348-SAFETY,BAT-00348,SAFETY,PASS,CONFORMING,,2026-05-11T14:00:00Z,2026-05-13T00:00:00Z
QC-00349-IDENTITY,BAT-00349,IDENTITY,PASS,CONFORMING,,2026-05-08T16:00:00Z,2026-05-09T11:00:00Z
QC-00349-POTENCY,BAT-00349,POTENCY,OOS,49.2,AU,2026-05-08T16:00:00Z,2026-05-09T06:00:00Z
QC-00349-STERILITY,BAT-00349,STERILITY,PASS,NO_GROWTH,,2026-05-07T23:00:00Z,2026-05-08T21:00:00Z
QC-00349-VIABILITY,BAT-00349,VIABILITY,OOS,69.4,%,2026-05-08T04:00:00Z,2026-05-10T17:00:00Z
QC-00349-PURITY,BAT-00349,PURITY,PASS,CONFORMING,,2026-05-08T07:00:00Z,2026-05-09T00:00:00Z
QC-00349-SAFETY,BAT-00349,SAFETY,PASS,CONFORMING,,2026-05-07T21:00:00Z,2026-05-09T04:00:00Z
QC-00350-IDENTITY,BAT-00350,IDENTITY,PASS,CONFORMING,,2026-05-07T10:00:00Z,2026-05-10T06:00:00Z
QC-00350-POTENCY,BAT-00350,POTENCY,OOS,48.1,AU,2026-05-07T20:00:00Z,2026-05-08T22:00:00Z
QC-00350-STERILITY,BAT-00350,STERILITY,PASS,NO_GROWTH,,2026-05-07T11:00:00Z,2026-05-08T17:00:00Z
QC-00350-VIABILITY,BAT-00350,VIABILITY,PASS,76.2,%,2026-05-07T12:00:00Z,2026-05-08T21:00:00Z
QC-00350-PURITY,BAT-00350,PURITY,PASS,CONFORMING,,2026-05-08T02:00:00Z,2026-05-08T11:00:00Z
QC-00350-SAFETY,BAT-00350,SAFETY,PASS,CONFORMING,,2026-05-08T00:00:00Z,2026-05-10T02:00:00Z
QC-00351-IDENTITY,BAT-00351,IDENTITY,PASS,CONFORMING,,2026-05-06T14:00:00Z,2026-05-08T07:00:00Z
QC-00351-POTENCY,BAT-00351,POTENCY,PASS,95.3,AU,2026-05-06T14:00:00Z,2026-05-08T17:00:00Z
QC-00351-STERILITY,BAT-00351,STERILITY,PENDING,PENDING,,2026-05-07T04:00:00Z,2026-05-09T04:00:00Z
QC-00351-VIABILITY,BAT-00351,VIABILITY,PASS,77.3,%,2026-05-06T21:00:00Z,2026-05-07T22:00:00Z
QC-00351-PURITY,BAT-00351,PURITY,PASS,CONFORMING,,2026-05-06T12:00:00Z,2026-05-09T02:00:00Z
QC-00351-SAFETY,BAT-00351,SAFETY,PASS,CONFORMING,,2026-05-07T02:00:00Z,2026-05-07T17:00:00Z
QC-00352-IDENTITY,BAT-00352,IDENTITY,PASS,CONFORMING,,2026-05-08T13:00:00Z,2026-05-10T19:00:00Z
QC-00352-POTENCY,BAT-00352,POTENCY,PASS,110.0,AU,2026-05-08T08:00:00Z,2026-05-09T20:00:00Z
QC-00352-STERILITY,BAT-00352,STERILITY,PASS,NO_GROWTH,,2026-05-08T14:00:00Z,2026-05-09T22:00:00Z
QC-00352-VIABILITY,BAT-00352,VIABILITY,PASS,71.2,%,2026-05-08T19:00:00Z,2026-05-09T12:00:00Z
QC-00352-PURITY,BAT-00352,PURITY,OOT,BORDERLINE,,2026-05-08T10:00:00Z,2026-05-09T08:00:00Z
QC-00352-SAFETY,BAT-00352,SAFETY,OOT,BORDERLINE,,2026-05-08T08:00:00Z,2026-05-10T02:00:00Z
QC-00353-IDENTITY,BAT-00353,IDENTITY,PASS,CONFORMING,,2026-05-09T11:00:00Z,2026-05-10T04:00:00Z
QC-00353-POTENCY,BAT-00353,POTENCY,PASS,116.3,AU,2026-05-08T23:00:00Z,2026-05-10T11:00:00Z
QC-00353-STERILITY,BAT-00353,STERILITY,PENDING,PENDING,,2026-05-09T10:00:00Z,2026-05-10T01:00:00Z
QC-00353-VIABILITY,BAT-00353,VIABILITY,PASS,88.4,%,2026-05-09T05:00:00Z,2026-05-10T14:00:00Z
QC-00353-PURITY,BAT-00353,PURITY,OOT,BORDERLINE,,2026-05-08T21:00:00Z,2026-05-10T04:00:00Z
QC-00353-SAFETY,BAT-00353,SAFETY,PASS,CONFORMING,,2026-05-08T15:00:00Z,2026-05-11T01:00:00Z
QC-00354-IDENTITY,BAT-00354,IDENTITY,OOT,BORDERLINE,,2026-05-06T09:00:00Z,2026-05-07T10:00:00Z
QC-00354-POTENCY,BAT-00354,POTENCY,PASS,81.5,AU,2026-05-06T18:00:00Z,2026-05-08T04:00:00Z
QC-00354-STERILITY,BAT-00354,STERILITY,PASS,NO_GROWTH,,2026-05-06T03:00:00Z,2026-05-07T01:00:00Z
QC-00354-VIABILITY,BAT-00354,VIABILITY,PASS,72.9,%,2026-05-06T13:00:00Z,2026-05-08T16:00:00Z
QC-00354-PURITY,BAT-00354,PURITY,PASS,CONFORMING,,2026-05-06T16:00:00Z,2026-05-07T01:00:00Z
QC-00354-SAFETY,BAT-00354,SAFETY,PASS,CONFORMING,,2026-05-06T02:00:00Z,2026-05-07T07:00:00Z
QC-00355-IDENTITY,BAT-00355,IDENTITY,PASS,CONFORMING,,2026-05-08T21:00:00Z,2026-05-09T07:00:00Z
QC-00355-POTENCY,BAT-00355,POTENCY,PASS,59.9,AU,2026-05-08T11:00:00Z,2026-05-09T21:00:00Z
QC-00355-STERILITY,BAT-00355,STERILITY,PASS,NO_GROWTH,,2026-05-08T00:00:00Z,2026-05-10T02:00:00Z
QC-00355-VIABILITY,BAT-00355,VIABILITY,PASS,94.6,%,2026-05-08T03:00:00Z,2026-05-09T07:00:00Z
QC-00355-PURITY,BAT-00355,PURITY,PASS,CONFORMING,,2026-05-08T02:00:00Z,2026-05-10T17:00:00Z
QC-00355-SAFETY,BAT-00355,SAFETY,OOT,BORDERLINE,,2026-05-08T09:00:00Z,2026-05-09T19:00:00Z
QC-00356-IDENTITY,BAT-00356,IDENTITY,PASS,CONFORMING,,2026-05-14T17:00:00Z,2026-05-17T07:00:00Z
QC-00356-POTENCY,BAT-00356,POTENCY,PASS,58.4,AU,2026-05-15T00:00:00Z,2026-05-15T18:00:00Z
QC-00356-STERILITY,BAT-00356,STERILITY,PENDING,PENDING,,2026-05-14T18:00:00Z,2026-05-16T18:00:00Z
QC-00356-VIABILITY,BAT-00356,VIABILITY,PASS,94.6,%,2026-05-15T05:00:00Z,2026-05-16T22:00:00Z
QC-00356-PURITY,BAT-00356,PURITY,PASS,CONFORMING,,2026-05-14T14:00:00Z,2026-05-15T22:00:00Z
QC-00356-SAFETY,BAT-00356,SAFETY,PASS,CONFORMING,,2026-05-15T02:00:00Z,2026-05-15T14:00:00Z
QC-00357-IDENTITY,BAT-00357,IDENTITY,PASS,CONFORMING,,2026-05-16T14:00:00Z,2026-05-17T15:00:00Z
QC-00357-POTENCY,BAT-00357,POTENCY,OOS,44.4,AU,2026-05-16T10:00:00Z,2026-05-17T19:00:00Z
QC-00357-STERILITY,BAT-00357,STERILITY,PASS,NO_GROWTH,,2026-05-16T23:00:00Z,2026-05-17T23:00:00Z
QC-00357-VIABILITY,BAT-00357,VIABILITY,OOS,68.8,%,2026-05-17T06:00:00Z,2026-05-19T07:00:00Z
QC-00357-PURITY,BAT-00357,PURITY,PASS,CONFORMING,,2026-05-17T05:00:00Z,2026-05-19T01:00:00Z
QC-00357-SAFETY,BAT-00357,SAFETY,PASS,CONFORMING,,2026-05-16T15:00:00Z,2026-05-18T16:00:00Z
QC-00358-IDENTITY,BAT-00358,IDENTITY,OOT,BORDERLINE,,2026-05-14T12:00:00Z,2026-05-15T05:00:00Z
QC-00358-POTENCY,BAT-00358,POTENCY,OOS,45.4,AU,2026-05-14T02:00:00Z,2026-05-16T19:00:00Z
QC-00358-STERILITY,BAT-00358,STERILITY,PASS,NO_GROWTH,,2026-05-14T17:00:00Z,2026-05-16T20:00:00Z
QC-00358-VIABILITY,BAT-00358,VIABILITY,PASS,78.6,%,2026-05-14T08:00:00Z,2026-05-16T23:00:00Z
QC-00358-PURITY,BAT-00358,PURITY,PASS,CONFORMING,,2026-05-14T11:00:00Z,2026-05-16T20:00:00Z
QC-00358-SAFETY,BAT-00358,SAFETY,OOT,BORDERLINE,,2026-05-14T08:00:00Z,2026-05-15T10:00:00Z
QC-00359-IDENTITY,BAT-00359,IDENTITY,PASS,CONFORMING,,2026-05-07T23:00:00Z,2026-05-09T07:00:00Z
QC-00359-POTENCY,BAT-00359,POTENCY,PASS,82.8,AU,2026-05-07T22:00:00Z,2026-05-09T07:00:00Z
QC-00359-STERILITY,BAT-00359,STERILITY,PENDING,PENDING,,2026-05-08T14:00:00Z,2026-05-09T05:00:00Z
QC-00359-VIABILITY,BAT-00359,VIABILITY,PASS,85.9,%,2026-05-08T05:00:00Z,2026-05-09T18:00:00Z
QC-00359-PURITY,BAT-00359,PURITY,PASS,CONFORMING,,2026-05-07T20:00:00Z,2026-05-09T20:00:00Z
QC-00359-SAFETY,BAT-00359,SAFETY,PASS,CONFORMING,,2026-05-08T07:00:00Z,2026-05-10T10:00:00Z
QC-00360-IDENTITY,BAT-00360,IDENTITY,PASS,CONFORMING,,2026-05-12T13:00:00Z,2026-05-15T02:00:00Z
QC-00360-POTENCY,BAT-00360,POTENCY,OOS,43.5,AU,2026-05-13T07:00:00Z,2026-05-13T16:00:00Z
QC-00360-STERILITY,BAT-00360,STERILITY,PENDING,PENDING,,2026-05-12T19:00:00Z,2026-05-13T18:00:00Z
QC-00360-VIABILITY,BAT-00360,VIABILITY,OOS,66.5,%,2026-05-12T18:00:00Z,2026-05-14T18:00:00Z
QC-00360-PURITY,BAT-00360,PURITY,PASS,CONFORMING,,2026-05-12T21:00:00Z,2026-05-14T22:00:00Z
QC-00360-SAFETY,BAT-00360,SAFETY,PASS,CONFORMING,,2026-05-12T14:00:00Z,2026-05-14T20:00:00Z
QC-00361-IDENTITY,BAT-00361,IDENTITY,PASS,CONFORMING,,2026-05-09T07:00:00Z,2026-05-10T20:00:00Z
QC-00361-POTENCY,BAT-00361,POTENCY,PASS,86.3,AU,2026-05-09T15:00:00Z,2026-05-11T10:00:00Z
QC-00361-STERILITY,BAT-00361,STERILITY,PENDING,PENDING,,2026-05-09T09:00:00Z,2026-05-11T01:00:00Z
QC-00361-VIABILITY,BAT-00361,VIABILITY,PASS,82.8,%,2026-05-09T16:00:00Z,2026-05-11T18:00:00Z
QC-00361-PURITY,BAT-00361,PURITY,OOT,BORDERLINE,,2026-05-09T11:00:00Z,2026-05-10T14:00:00Z
QC-00361-SAFETY,BAT-00361,SAFETY,PASS,CONFORMING,,2026-05-09T17:00:00Z,2026-05-11T01:00:00Z
QC-00362-IDENTITY,BAT-00362,IDENTITY,PASS,CONFORMING,,2026-05-15T14:00:00Z,2026-05-17T08:00:00Z
QC-00362-POTENCY,BAT-00362,POTENCY,PASS,73.5,AU,2026-05-15T07:00:00Z,2026-05-17T13:00:00Z
QC-00362-STERILITY,BAT-00362,STERILITY,PASS,NO_GROWTH,,2026-05-15T00:00:00Z,2026-05-17T04:00:00Z
QC-00362-VIABILITY,BAT-00362,VIABILITY,PASS,89.7,%,2026-05-15T12:00:00Z,2026-05-16T08:00:00Z
QC-00362-PURITY,BAT-00362,PURITY,PASS,CONFORMING,,2026-05-15T14:00:00Z,2026-05-16T11:00:00Z
QC-00362-SAFETY,BAT-00362,SAFETY,OOT,BORDERLINE,,2026-05-14T20:00:00Z,2026-05-17T08:00:00Z
QC-00363-IDENTITY,BAT-00363,IDENTITY,PASS,CONFORMING,,2026-05-13T06:00:00Z,2026-05-14T23:00:00Z
QC-00363-POTENCY,BAT-00363,POTENCY,PASS,74.6,AU,2026-05-13T13:00:00Z,2026-05-14T00:00:00Z
QC-00363-STERILITY,BAT-00363,STERILITY,PASS,NO_GROWTH,,2026-05-13T01:00:00Z,2026-05-13T22:00:00Z
QC-00363-VIABILITY,BAT-00363,VIABILITY,PASS,91.9,%,2026-05-13T06:00:00Z,2026-05-15T04:00:00Z
QC-00363-PURITY,BAT-00363,PURITY,PASS,CONFORMING,,2026-05-13T09:00:00Z,2026-05-14T02:00:00Z
QC-00363-SAFETY,BAT-00363,SAFETY,OOT,BORDERLINE,,2026-05-13T00:00:00Z,2026-05-14T20:00:00Z
QC-00364-IDENTITY,BAT-00364,IDENTITY,PASS,CONFORMING,,2026-05-08T10:00:00Z,2026-05-09T11:00:00Z
QC-00364-POTENCY,BAT-00364,POTENCY,PASS,79.6,AU,2026-05-08T19:00:00Z,2026-05-09T08:00:00Z
QC-00364-STERILITY,BAT-00364,STERILITY,PASS,NO_GROWTH,,2026-05-08T07:00:00Z,2026-05-10T12:00:00Z
QC-00364-VIABILITY,BAT-00364,VIABILITY,PASS,94.5,%,2026-05-08T22:00:00Z,2026-05-10T20:00:00Z
QC-00364-PURITY,BAT-00364,PURITY,PASS,CONFORMING,,2026-05-08T03:00:00Z,2026-05-10T23:00:00Z
QC-00364-SAFETY,BAT-00364,SAFETY,PASS,CONFORMING,,2026-05-08T14:00:00Z,2026-05-09T10:00:00Z
QC-00365-IDENTITY,BAT-00365,IDENTITY,OOT,BORDERLINE,,2026-05-15T18:00:00Z,2026-05-16T20:00:00Z
QC-00365-POTENCY,BAT-00365,POTENCY,PASS,107.6,AU,2026-05-16T01:00:00Z,2026-05-17T20:00:00Z
QC-00365-STERILITY,BAT-00365,STERILITY,PASS,NO_GROWTH,,2026-05-16T00:00:00Z,2026-05-17T01:00:00Z
QC-00365-VIABILITY,BAT-00365,VIABILITY,PASS,90.9,%,2026-05-16T06:00:00Z,2026-05-16T15:00:00Z
QC-00365-PURITY,BAT-00365,PURITY,PASS,CONFORMING,,2026-05-16T01:00:00Z,2026-05-17T03:00:00Z
QC-00365-SAFETY,BAT-00365,SAFETY,PASS,CONFORMING,,2026-05-16T06:00:00Z,2026-05-18T11:00:00Z
QC-00366-IDENTITY,BAT-00366,IDENTITY,PASS,CONFORMING,,2026-05-13T11:00:00Z,2026-05-16T01:00:00Z
QC-00366-POTENCY,BAT-00366,POTENCY,OOS,40.2,AU,2026-05-14T00:00:00Z,2026-05-16T06:00:00Z
QC-00366-STERILITY,BAT-00366,STERILITY,PASS,NO_GROWTH,,2026-05-13T16:00:00Z,2026-05-15T01:00:00Z
QC-00366-VIABILITY,BAT-00366,VIABILITY,PASS,90.5,%,2026-05-14T04:00:00Z,2026-05-15T23:00:00Z
QC-00366-PURITY,BAT-00366,PURITY,OOT,BORDERLINE,,2026-05-14T02:00:00Z,2026-05-15T10:00:00Z
QC-00366-SAFETY,BAT-00366,SAFETY,PASS,CONFORMING,,2026-05-14T00:00:00Z,2026-05-15T19:00:00Z
QC-00367-IDENTITY,BAT-00367,IDENTITY,PASS,CONFORMING,,2026-05-11T04:00:00Z,2026-05-12T03:00:00Z
QC-00367-POTENCY,BAT-00367,POTENCY,PASS,72.1,AU,2026-05-11T00:00:00Z,2026-05-12T20:00:00Z
QC-00367-STERILITY,BAT-00367,STERILITY,PASS,NO_GROWTH,,2026-05-11T03:00:00Z,2026-05-12T10:00:00Z
QC-00367-VIABILITY,BAT-00367,VIABILITY,OOS,69.8,%,2026-05-10T22:00:00Z,2026-05-11T14:00:00Z
QC-00367-PURITY,BAT-00367,PURITY,OOT,BORDERLINE,,2026-05-10T20:00:00Z,2026-05-12T23:00:00Z
QC-00367-SAFETY,BAT-00367,SAFETY,PASS,CONFORMING,,2026-05-11T08:00:00Z,2026-05-13T03:00:00Z
QC-00368-IDENTITY,BAT-00368,IDENTITY,PASS,CONFORMING,,2026-05-04T09:00:00Z,2026-05-05T15:00:00Z
QC-00368-POTENCY,BAT-00368,POTENCY,OOS,46.6,AU,2026-05-04T15:00:00Z,2026-05-05T10:00:00Z
QC-00368-STERILITY,BAT-00368,STERILITY,PENDING,PENDING,,2026-05-04T12:00:00Z,2026-05-06T15:00:00Z
QC-00368-VIABILITY,BAT-00368,VIABILITY,PASS,92.3,%,2026-05-04T09:00:00Z,2026-05-05T20:00:00Z
QC-00368-PURITY,BAT-00368,PURITY,PASS,CONFORMING,,2026-05-04T14:00:00Z,2026-05-06T12:00:00Z
QC-00368-SAFETY,BAT-00368,SAFETY,PASS,CONFORMING,,2026-05-04T23:00:00Z,2026-05-06T20:00:00Z
QC-00369-IDENTITY,BAT-00369,IDENTITY,PASS,CONFORMING,,2026-05-07T02:00:00Z,2026-05-09T09:00:00Z
QC-00369-POTENCY,BAT-00369,POTENCY,PASS,67.9,AU,2026-05-07T11:00:00Z,2026-05-07T17:00:00Z
QC-00369-STERILITY,BAT-00369,STERILITY,PASS,NO_GROWTH,,2026-05-07T00:00:00Z,2026-05-09T12:00:00Z
QC-00369-VIABILITY,BAT-00369,VIABILITY,PASS,70.7,%,2026-05-06T22:00:00Z,2026-05-08T12:00:00Z
QC-00369-PURITY,BAT-00369,PURITY,PASS,CONFORMING,,2026-05-07T06:00:00Z,2026-05-09T07:00:00Z
QC-00369-SAFETY,BAT-00369,SAFETY,PASS,CONFORMING,,2026-05-07T03:00:00Z,2026-05-08T03:00:00Z
QC-00370-IDENTITY,BAT-00370,IDENTITY,PASS,CONFORMING,,2026-05-20T03:00:00Z,2026-05-21T18:00:00Z
QC-00370-POTENCY,BAT-00370,POTENCY,PASS,101.6,AU,2026-05-19T19:00:00Z,2026-05-20T14:00:00Z
QC-00370-STERILITY,BAT-00370,STERILITY,PASS,NO_GROWTH,,2026-05-19T22:00:00Z,2026-05-20T14:00:00Z
QC-00370-VIABILITY,BAT-00370,VIABILITY,PASS,85.1,%,2026-05-20T09:00:00Z,2026-05-20T13:00:00Z
QC-00370-PURITY,BAT-00370,PURITY,PASS,CONFORMING,,2026-05-19T12:00:00Z,2026-05-21T21:00:00Z
QC-00370-SAFETY,BAT-00370,SAFETY,OOT,BORDERLINE,,2026-05-19T10:00:00Z,2026-05-21T12:00:00Z
QC-00371-IDENTITY,BAT-00371,IDENTITY,PASS,CONFORMING,,2026-05-14T14:00:00Z,2026-05-17T01:00:00Z
QC-00371-POTENCY,BAT-00371,POTENCY,PASS,86.6,AU,2026-05-14T01:00:00Z,2026-05-16T19:00:00Z
QC-00371-STERILITY,BAT-00371,STERILITY,PASS,NO_GROWTH,,2026-05-14T08:00:00Z,2026-05-16T02:00:00Z
QC-00371-VIABILITY,BAT-00371,VIABILITY,PASS,79.6,%,2026-05-14T11:00:00Z,2026-05-16T11:00:00Z
QC-00371-PURITY,BAT-00371,PURITY,PASS,CONFORMING,,2026-05-14T20:00:00Z,2026-05-15T05:00:00Z
QC-00371-SAFETY,BAT-00371,SAFETY,OOT,BORDERLINE,,2026-05-14T02:00:00Z,2026-05-15T20:00:00Z
QC-00372-IDENTITY,BAT-00372,IDENTITY,PASS,CONFORMING,,2026-05-12T14:00:00Z,2026-05-14T13:00:00Z
QC-00372-POTENCY,BAT-00372,POTENCY,PASS,109.3,AU,2026-05-12T17:00:00Z,2026-05-13T13:00:00Z
QC-00372-STERILITY,BAT-00372,STERILITY,PASS,NO_GROWTH,,2026-05-12T08:00:00Z,2026-05-13T09:00:00Z
QC-00372-VIABILITY,BAT-00372,VIABILITY,PASS,91.2,%,2026-05-12T19:00:00Z,2026-05-14T11:00:00Z
QC-00372-PURITY,BAT-00372,PURITY,OOT,BORDERLINE,,2026-05-12T10:00:00Z,2026-05-13T05:00:00Z
QC-00372-SAFETY,BAT-00372,SAFETY,OOT,BORDERLINE,,2026-05-12T17:00:00Z,2026-05-14T20:00:00Z
QC-00373-IDENTITY,BAT-00373,IDENTITY,OOT,BORDERLINE,,2026-05-11T09:00:00Z,2026-05-11T22:00:00Z
QC-00373-POTENCY,BAT-00373,POTENCY,PASS,103.0,AU,2026-05-11T07:00:00Z,2026-05-11T12:00:00Z
QC-00373-STERILITY,BAT-00373,STERILITY,PASS,NO_GROWTH,,2026-05-11T08:00:00Z,2026-05-12T19:00:00Z
QC-00373-VIABILITY,BAT-00373,VIABILITY,PASS,81.5,%,2026-05-11T07:00:00Z,2026-05-13T01:00:00Z
QC-00373-PURITY,BAT-00373,PURITY,PASS,CONFORMING,,2026-05-11T02:00:00Z,2026-05-12T11:00:00Z
QC-00373-SAFETY,BAT-00373,SAFETY,PASS,CONFORMING,,2026-05-11T08:00:00Z,2026-05-11T19:00:00Z
QC-00374-IDENTITY,BAT-00374,IDENTITY,PASS,CONFORMING,,2026-05-18T14:00:00Z,2026-05-20T12:00:00Z
QC-00374-POTENCY,BAT-00374,POTENCY,OOS,47.0,AU,2026-05-18T10:00:00Z,2026-05-19T20:00:00Z
QC-00374-STERILITY,BAT-00374,STERILITY,PASS,NO_GROWTH,,2026-05-19T05:00:00Z,2026-05-21T06:00:00Z
QC-00374-VIABILITY,BAT-00374,VIABILITY,PASS,88.9,%,2026-05-18T19:00:00Z,2026-05-20T22:00:00Z
QC-00374-PURITY,BAT-00374,PURITY,PASS,CONFORMING,,2026-05-18T23:00:00Z,2026-05-20T22:00:00Z
QC-00374-SAFETY,BAT-00374,SAFETY,PASS,CONFORMING,,2026-05-18T20:00:00Z,2026-05-20T22:00:00Z
QC-00375-IDENTITY,BAT-00375,IDENTITY,PASS,CONFORMING,,2026-05-15T09:00:00Z,2026-05-16T14:00:00Z
QC-00375-POTENCY,BAT-00375,POTENCY,OOS,45.1,AU,2026-05-16T07:00:00Z,2026-05-17T01:00:00Z
QC-00375-STERILITY,BAT-00375,STERILITY,PASS,NO_GROWTH,,2026-05-16T05:00:00Z,2026-05-18T08:00:00Z
QC-00375-VIABILITY,BAT-00375,VIABILITY,PASS,95.6,%,2026-05-15T11:00:00Z,2026-05-17T18:00:00Z
QC-00375-PURITY,BAT-00375,PURITY,OOT,BORDERLINE,,2026-05-15T23:00:00Z,2026-05-17T17:00:00Z
QC-00375-SAFETY,BAT-00375,SAFETY,OOT,BORDERLINE,,2026-05-15T14:00:00Z,2026-05-16T16:00:00Z
QC-00376-IDENTITY,BAT-00376,IDENTITY,OOT,BORDERLINE,,2026-05-14T11:00:00Z,2026-05-15T17:00:00Z
QC-00376-POTENCY,BAT-00376,POTENCY,OOS,48.8,AU,2026-05-14T05:00:00Z,2026-05-15T12:00:00Z
QC-00376-STERILITY,BAT-00376,STERILITY,PASS,NO_GROWTH,,2026-05-14T09:00:00Z,2026-05-15T00:00:00Z
QC-00376-VIABILITY,BAT-00376,VIABILITY,PASS,80.5,%,2026-05-13T21:00:00Z,2026-05-15T02:00:00Z
QC-00376-PURITY,BAT-00376,PURITY,PASS,CONFORMING,,2026-05-14T17:00:00Z,2026-05-15T10:00:00Z
QC-00376-SAFETY,BAT-00376,SAFETY,PASS,CONFORMING,,2026-05-14T10:00:00Z,2026-05-15T09:00:00Z
QC-00377-IDENTITY,BAT-00377,IDENTITY,PASS,CONFORMING,,2026-05-18T11:00:00Z,2026-05-19T07:00:00Z
QC-00377-POTENCY,BAT-00377,POTENCY,PASS,94.9,AU,2026-05-18T15:00:00Z,2026-05-19T04:00:00Z
QC-00377-STERILITY,BAT-00377,STERILITY,PENDING,PENDING,,2026-05-18T07:00:00Z,2026-05-20T12:00:00Z
QC-00377-VIABILITY,BAT-00377,VIABILITY,PASS,90.1,%,2026-05-18T19:00:00Z,2026-05-21T01:00:00Z
QC-00377-PURITY,BAT-00377,PURITY,PASS,CONFORMING,,2026-05-18T07:00:00Z,2026-05-19T08:00:00Z
QC-00377-SAFETY,BAT-00377,SAFETY,OOT,BORDERLINE,,2026-05-19T00:00:00Z,2026-05-19T07:00:00Z
QC-00378-IDENTITY,BAT-00378,IDENTITY,PASS,CONFORMING,,2026-05-18T18:00:00Z,2026-05-20T09:00:00Z
QC-00378-POTENCY,BAT-00378,POTENCY,PASS,72.9,AU,2026-05-18T06:00:00Z,2026-05-19T22:00:00Z
QC-00378-STERILITY,BAT-00378,STERILITY,PASS,NO_GROWTH,,2026-05-18T12:00:00Z,2026-05-20T04:00:00Z
QC-00378-VIABILITY,BAT-00378,VIABILITY,PASS,81.1,%,2026-05-18T11:00:00Z,2026-05-19T17:00:00Z
QC-00378-PURITY,BAT-00378,PURITY,PASS,CONFORMING,,2026-05-18T08:00:00Z,2026-05-19T21:00:00Z
QC-00378-SAFETY,BAT-00378,SAFETY,PASS,CONFORMING,,2026-05-18T19:00:00Z,2026-05-20T13:00:00Z
QC-00379-IDENTITY,BAT-00379,IDENTITY,PASS,CONFORMING,,2026-05-18T00:00:00Z,2026-05-19T21:00:00Z
QC-00379-POTENCY,BAT-00379,POTENCY,PASS,92.9,AU,2026-05-17T08:00:00Z,2026-05-18T16:00:00Z
QC-00379-STERILITY,BAT-00379,STERILITY,PASS,NO_GROWTH,,2026-05-17T13:00:00Z,2026-05-19T09:00:00Z
QC-00379-VIABILITY,BAT-00379,VIABILITY,PASS,71.0,%,2026-05-17T08:00:00Z,2026-05-20T01:00:00Z
QC-00379-PURITY,BAT-00379,PURITY,PASS,CONFORMING,,2026-05-17T09:00:00Z,2026-05-19T07:00:00Z
QC-00379-SAFETY,BAT-00379,SAFETY,PASS,CONFORMING,,2026-05-17T17:00:00Z,2026-05-19T00:00:00Z
QC-00380-IDENTITY,BAT-00380,IDENTITY,PASS,CONFORMING,,2026-05-22T10:00:00Z,2026-05-24T22:00:00Z
QC-00380-POTENCY,BAT-00380,POTENCY,PASS,52.9,AU,2026-05-22T08:00:00Z,2026-05-23T09:00:00Z
QC-00380-STERILITY,BAT-00380,STERILITY,PENDING,PENDING,,2026-05-22T14:00:00Z,2026-05-23T17:00:00Z
QC-00380-VIABILITY,BAT-00380,VIABILITY,PASS,87.5,%,2026-05-22T10:00:00Z,2026-05-23T17:00:00Z
QC-00380-PURITY,BAT-00380,PURITY,PASS,CONFORMING,,2026-05-22T21:00:00Z,2026-05-24T11:00:00Z
QC-00380-SAFETY,BAT-00380,SAFETY,PASS,CONFORMING,,2026-05-22T14:00:00Z,2026-05-24T22:00:00Z
QC-00381-IDENTITY,BAT-00381,IDENTITY,PASS,CONFORMING,,2026-05-08T21:00:00Z,2026-05-10T04:00:00Z
QC-00381-POTENCY,BAT-00381,POTENCY,PASS,85.7,AU,2026-05-09T02:00:00Z,2026-05-10T21:00:00Z
QC-00381-STERILITY,BAT-00381,STERILITY,PENDING,PENDING,,2026-05-08T17:00:00Z,2026-05-10T17:00:00Z
QC-00381-VIABILITY,BAT-00381,VIABILITY,PASS,75.7,%,2026-05-08T07:00:00Z,2026-05-11T03:00:00Z
QC-00381-PURITY,BAT-00381,PURITY,PASS,CONFORMING,,2026-05-08T14:00:00Z,2026-05-11T06:00:00Z
QC-00381-SAFETY,BAT-00381,SAFETY,PASS,CONFORMING,,2026-05-08T21:00:00Z,2026-05-10T02:00:00Z
QC-00382-IDENTITY,BAT-00382,IDENTITY,PASS,CONFORMING,,2026-05-22T14:00:00Z,2026-05-24T04:00:00Z
QC-00382-POTENCY,BAT-00382,POTENCY,PASS,119.5,AU,2026-05-22T16:00:00Z,2026-05-23T12:00:00Z
QC-00382-STERILITY,BAT-00382,STERILITY,PASS,NO_GROWTH,,2026-05-21T18:00:00Z,2026-05-23T01:00:00Z
QC-00382-VIABILITY,BAT-00382,VIABILITY,PASS,91.1,%,2026-05-22T15:00:00Z,2026-05-24T10:00:00Z
QC-00382-PURITY,BAT-00382,PURITY,PASS,CONFORMING,,2026-05-22T04:00:00Z,2026-05-24T12:00:00Z
QC-00382-SAFETY,BAT-00382,SAFETY,PASS,CONFORMING,,2026-05-21T17:00:00Z,2026-05-24T06:00:00Z
QC-00383-IDENTITY,BAT-00383,IDENTITY,PASS,CONFORMING,,2026-05-21T14:00:00Z,2026-05-22T12:00:00Z
QC-00383-POTENCY,BAT-00383,POTENCY,PASS,101.3,AU,2026-05-21T04:00:00Z,2026-05-23T04:00:00Z
QC-00383-STERILITY,BAT-00383,STERILITY,PASS,NO_GROWTH,,2026-05-21T11:00:00Z,2026-05-23T11:00:00Z
QC-00383-VIABILITY,BAT-00383,VIABILITY,PASS,89.1,%,2026-05-21T23:00:00Z,2026-05-22T15:00:00Z
QC-00383-PURITY,BAT-00383,PURITY,OOT,BORDERLINE,,2026-05-21T14:00:00Z,2026-05-22T04:00:00Z
QC-00383-SAFETY,BAT-00383,SAFETY,PASS,CONFORMING,,2026-05-21T05:00:00Z,2026-05-24T00:00:00Z
QC-00384-IDENTITY,BAT-00384,IDENTITY,PASS,CONFORMING,,2026-05-19T02:00:00Z,2026-05-19T16:00:00Z
QC-00384-POTENCY,BAT-00384,POTENCY,PASS,75.9,AU,2026-05-19T02:00:00Z,2026-05-19T16:00:00Z
QC-00384-STERILITY,BAT-00384,STERILITY,PASS,NO_GROWTH,,2026-05-19T03:00:00Z,2026-05-20T12:00:00Z
QC-00384-VIABILITY,BAT-00384,VIABILITY,PASS,89.0,%,2026-05-19T02:00:00Z,2026-05-21T05:00:00Z
QC-00384-PURITY,BAT-00384,PURITY,PASS,CONFORMING,,2026-05-18T21:00:00Z,2026-05-20T23:00:00Z
QC-00384-SAFETY,BAT-00384,SAFETY,PASS,CONFORMING,,2026-05-19T00:00:00Z,2026-05-20T18:00:00Z
QC-00385-IDENTITY,BAT-00385,IDENTITY,PASS,CONFORMING,,2026-05-20T10:00:00Z,2026-05-22T15:00:00Z
QC-00385-POTENCY,BAT-00385,POTENCY,PASS,56.3,AU,2026-05-19T19:00:00Z,2026-05-21T19:00:00Z
QC-00385-STERILITY,BAT-00385,STERILITY,PASS,NO_GROWTH,,2026-05-20T14:00:00Z,2026-05-21T05:00:00Z
QC-00385-VIABILITY,BAT-00385,VIABILITY,PASS,88.8,%,2026-05-20T08:00:00Z,2026-05-22T01:00:00Z
QC-00385-PURITY,BAT-00385,PURITY,PASS,CONFORMING,,2026-05-19T23:00:00Z,2026-05-22T02:00:00Z
QC-00385-SAFETY,BAT-00385,SAFETY,OOT,BORDERLINE,,2026-05-20T04:00:00Z,2026-05-20T22:00:00Z
QC-00386-IDENTITY,BAT-00386,IDENTITY,PASS,CONFORMING,,2026-05-24T12:00:00Z,2026-05-26T02:00:00Z
QC-00386-POTENCY,BAT-00386,POTENCY,PASS,74.3,AU,2026-05-24T02:00:00Z,2026-05-25T03:00:00Z
QC-00386-STERILITY,BAT-00386,STERILITY,PENDING,PENDING,,2026-05-24T13:00:00Z,2026-05-26T22:00:00Z
QC-00386-VIABILITY,BAT-00386,VIABILITY,PASS,88.0,%,2026-05-24T12:00:00Z,2026-05-25T10:00:00Z
QC-00386-PURITY,BAT-00386,PURITY,PASS,CONFORMING,,2026-05-24T02:00:00Z,2026-05-26T20:00:00Z
QC-00386-SAFETY,BAT-00386,SAFETY,PASS,CONFORMING,,2026-05-24T09:00:00Z,2026-05-25T23:00:00Z
QC-00387-IDENTITY,BAT-00387,IDENTITY,PASS,CONFORMING,,2026-05-19T05:00:00Z,2026-05-21T10:00:00Z
QC-00387-POTENCY,BAT-00387,POTENCY,PASS,54.1,AU,2026-05-19T03:00:00Z,2026-05-20T07:00:00Z
QC-00387-STERILITY,BAT-00387,STERILITY,PASS,NO_GROWTH,,2026-05-19T06:00:00Z,2026-05-21T00:00:00Z
QC-00387-VIABILITY,BAT-00387,VIABILITY,PASS,91.4,%,2026-05-18T19:00:00Z,2026-05-21T04:00:00Z
QC-00387-PURITY,BAT-00387,PURITY,PASS,CONFORMING,,2026-05-19T09:00:00Z,2026-05-20T01:00:00Z
QC-00387-SAFETY,BAT-00387,SAFETY,PASS,CONFORMING,,2026-05-19T06:00:00Z,2026-05-20T04:00:00Z
QC-00388-IDENTITY,BAT-00388,IDENTITY,PASS,CONFORMING,,2026-05-17T09:00:00Z,2026-05-20T01:00:00Z
QC-00388-POTENCY,BAT-00388,POTENCY,PASS,96.0,AU,2026-05-17T21:00:00Z,2026-05-20T00:00:00Z
QC-00388-STERILITY,BAT-00388,STERILITY,PASS,NO_GROWTH,,2026-05-17T14:00:00Z,2026-05-20T00:00:00Z
QC-00388-VIABILITY,BAT-00388,VIABILITY,OOS,68.2,%,2026-05-17T11:00:00Z,2026-05-18T15:00:00Z
QC-00388-PURITY,BAT-00388,PURITY,OOT,BORDERLINE,,2026-05-17T15:00:00Z,2026-05-19T18:00:00Z
QC-00388-SAFETY,BAT-00388,SAFETY,PASS,CONFORMING,,2026-05-17T10:00:00Z,2026-05-19T20:00:00Z
QC-00389-IDENTITY,BAT-00389,IDENTITY,PASS,CONFORMING,,2026-05-24T21:00:00Z,2026-05-26T15:00:00Z
QC-00389-POTENCY,BAT-00389,POTENCY,PASS,51.0,AU,2026-05-25T05:00:00Z,2026-05-26T15:00:00Z
QC-00389-STERILITY,BAT-00389,STERILITY,PASS,NO_GROWTH,,2026-05-25T11:00:00Z,2026-05-25T20:00:00Z
QC-00389-VIABILITY,BAT-00389,VIABILITY,PASS,73.6,%,2026-05-25T09:00:00Z,2026-05-27T07:00:00Z
QC-00389-PURITY,BAT-00389,PURITY,PASS,CONFORMING,,2026-05-25T01:00:00Z,2026-05-27T06:00:00Z
QC-00389-SAFETY,BAT-00389,SAFETY,OOT,BORDERLINE,,2026-05-24T20:00:00Z,2026-05-25T22:00:00Z
QC-00390-IDENTITY,BAT-00390,IDENTITY,PASS,CONFORMING,,2026-05-17T00:00:00Z,2026-05-17T22:00:00Z
QC-00390-POTENCY,BAT-00390,POTENCY,PASS,86.9,AU,2026-05-16T20:00:00Z,2026-05-17T22:00:00Z
QC-00390-STERILITY,BAT-00390,STERILITY,PASS,NO_GROWTH,,2026-05-16T17:00:00Z,2026-05-18T22:00:00Z
QC-00390-VIABILITY,BAT-00390,VIABILITY,OOS,69.4,%,2026-05-17T07:00:00Z,2026-05-18T12:00:00Z
QC-00390-PURITY,BAT-00390,PURITY,OOT,BORDERLINE,,2026-05-17T03:00:00Z,2026-05-19T02:00:00Z
QC-00390-SAFETY,BAT-00390,SAFETY,PASS,CONFORMING,,2026-05-17T09:00:00Z,2026-05-18T17:00:00Z
QC-00391-IDENTITY,BAT-00391,IDENTITY,OOT,BORDERLINE,,2026-05-17T03:00:00Z,2026-05-18T11:00:00Z
QC-00391-POTENCY,BAT-00391,POTENCY,PASS,84.0,AU,2026-05-17T11:00:00Z,2026-05-19T15:00:00Z
QC-00391-STERILITY,BAT-00391,STERILITY,PENDING,PENDING,,2026-05-17T13:00:00Z,2026-05-20T01:00:00Z
QC-00391-VIABILITY,BAT-00391,VIABILITY,OOS,68.8,%,2026-05-17T14:00:00Z,2026-05-20T00:00:00Z
QC-00391-PURITY,BAT-00391,PURITY,PASS,CONFORMING,,2026-05-17T09:00:00Z,2026-05-19T00:00:00Z
QC-00391-SAFETY,BAT-00391,SAFETY,OOT,BORDERLINE,,2026-05-17T07:00:00Z,2026-05-19T13:00:00Z
QC-00392-IDENTITY,BAT-00392,IDENTITY,PASS,CONFORMING,,2026-05-18T22:00:00Z,2026-05-20T13:00:00Z
QC-00392-POTENCY,BAT-00392,POTENCY,PASS,82.3,AU,2026-05-19T01:00:00Z,2026-05-21T13:00:00Z
QC-00392-STERILITY,BAT-00392,STERILITY,PASS,NO_GROWTH,,2026-05-19T10:00:00Z,2026-05-20T16:00:00Z
QC-00392-VIABILITY,BAT-00392,VIABILITY,PASS,90.9,%,2026-05-19T07:00:00Z,2026-05-20T09:00:00Z
QC-00392-PURITY,BAT-00392,PURITY,OOT,BORDERLINE,,2026-05-19T05:00:00Z,2026-05-20T20:00:00Z
QC-00392-SAFETY,BAT-00392,SAFETY,PASS,CONFORMING,,2026-05-19T13:00:00Z,2026-05-21T14:00:00Z
QC-00393-IDENTITY,BAT-00393,IDENTITY,OOT,BORDERLINE,,2026-05-15T22:00:00Z,2026-05-16T17:00:00Z
QC-00393-POTENCY,BAT-00393,POTENCY,PASS,66.4,AU,2026-05-15T19:00:00Z,2026-05-18T10:00:00Z
QC-00393-STERILITY,BAT-00393,STERILITY,PASS,NO_GROWTH,,2026-05-15T19:00:00Z,2026-05-18T09:00:00Z
QC-00393-VIABILITY,BAT-00393,VIABILITY,PASS,75.5,%,2026-05-15T22:00:00Z,2026-05-17T12:00:00Z
QC-00393-PURITY,BAT-00393,PURITY,PASS,CONFORMING,,2026-05-15T15:00:00Z,2026-05-16T22:00:00Z
QC-00393-SAFETY,BAT-00393,SAFETY,OOT,BORDERLINE,,2026-05-15T16:00:00Z,2026-05-18T05:00:00Z
QC-00394-IDENTITY,BAT-00394,IDENTITY,PASS,CONFORMING,,2026-05-23T00:00:00Z,2026-05-24T18:00:00Z
QC-00394-POTENCY,BAT-00394,POTENCY,PASS,56.4,AU,2026-05-23T04:00:00Z,2026-05-24T23:00:00Z
QC-00394-STERILITY,BAT-00394,STERILITY,PASS,NO_GROWTH,,2026-05-23T07:00:00Z,2026-05-24T15:00:00Z
QC-00394-VIABILITY,BAT-00394,VIABILITY,PASS,96.3,%,2026-05-22T20:00:00Z,2026-05-24T11:00:00Z
QC-00394-PURITY,BAT-00394,PURITY,PASS,CONFORMING,,2026-05-23T07:00:00Z,2026-05-24T10:00:00Z
QC-00394-SAFETY,BAT-00394,SAFETY,PASS,CONFORMING,,2026-05-23T00:00:00Z,2026-05-25T05:00:00Z
QC-00395-IDENTITY,BAT-00395,IDENTITY,PASS,CONFORMING,,2026-05-24T12:00:00Z,2026-05-26T07:00:00Z
QC-00395-POTENCY,BAT-00395,POTENCY,PASS,88.2,AU,2026-05-23T14:00:00Z,2026-05-26T13:00:00Z
QC-00395-STERILITY,BAT-00395,STERILITY,PASS,NO_GROWTH,,2026-05-23T23:00:00Z,2026-05-24T16:00:00Z
QC-00395-VIABILITY,BAT-00395,VIABILITY,PASS,71.0,%,2026-05-24T04:00:00Z,2026-05-25T16:00:00Z
QC-00395-PURITY,BAT-00395,PURITY,PASS,CONFORMING,,2026-05-23T22:00:00Z,2026-05-26T06:00:00Z
QC-00395-SAFETY,BAT-00395,SAFETY,PASS,CONFORMING,,2026-05-24T04:00:00Z,2026-05-25T04:00:00Z
QC-00396-IDENTITY,BAT-00396,IDENTITY,OOT,BORDERLINE,,2026-05-19T08:00:00Z,2026-05-20T07:00:00Z
QC-00396-POTENCY,BAT-00396,POTENCY,PASS,59.7,AU,2026-05-19T10:00:00Z,2026-05-21T01:00:00Z
QC-00396-STERILITY,BAT-00396,STERILITY,PASS,NO_GROWTH,,2026-05-18T23:00:00Z,2026-05-20T12:00:00Z
QC-00396-VIABILITY,BAT-00396,VIABILITY,PASS,80.7,%,2026-05-19T14:00:00Z,2026-05-21T15:00:00Z
QC-00396-PURITY,BAT-00396,PURITY,PASS,CONFORMING,,2026-05-18T23:00:00Z,2026-05-20T01:00:00Z
QC-00396-SAFETY,BAT-00396,SAFETY,OOT,BORDERLINE,,2026-05-19T19:00:00Z,2026-05-21T14:00:00Z
QC-00397-IDENTITY,BAT-00397,IDENTITY,PASS,CONFORMING,,2026-05-25T01:00:00Z,2026-05-26T03:00:00Z
QC-00397-POTENCY,BAT-00397,POTENCY,PASS,61.0,AU,2026-05-25T02:00:00Z,2026-05-25T23:00:00Z
QC-00397-STERILITY,BAT-00397,STERILITY,PASS,NO_GROWTH,,2026-05-25T10:00:00Z,2026-05-27T10:00:00Z
QC-00397-VIABILITY,BAT-00397,VIABILITY,PASS,73.7,%,2026-05-25T01:00:00Z,2026-05-27T05:00:00Z
QC-00397-PURITY,BAT-00397,PURITY,PASS,CONFORMING,,2026-05-24T23:00:00Z,2026-05-27T01:00:00Z
QC-00397-SAFETY,BAT-00397,SAFETY,PASS,CONFORMING,,2026-05-25T05:00:00Z,2026-05-26T00:00:00Z
QC-00398-IDENTITY,BAT-00398,IDENTITY,PASS,CONFORMING,,2026-05-18T15:00:00Z,2026-05-19T06:00:00Z
QC-00398-POTENCY,BAT-00398,POTENCY,PASS,84.1,AU,2026-05-18T16:00:00Z,2026-05-20T22:00:00Z
QC-00398-STERILITY,BAT-00398,STERILITY,PASS,NO_GROWTH,,2026-05-18T11:00:00Z,2026-05-19T22:00:00Z
QC-00398-VIABILITY,BAT-00398,VIABILITY,OOS,67.6,%,2026-05-18T03:00:00Z,2026-05-19T06:00:00Z
QC-00398-PURITY,BAT-00398,PURITY,PASS,CONFORMING,,2026-05-18T06:00:00Z,2026-05-20T23:00:00Z
QC-00398-SAFETY,BAT-00398,SAFETY,OOT,BORDERLINE,,2026-05-18T08:00:00Z,2026-05-20T19:00:00Z
QC-00399-IDENTITY,BAT-00399,IDENTITY,OOT,BORDERLINE,,2026-05-16T01:00:00Z,2026-05-17T11:00:00Z
QC-00399-POTENCY,BAT-00399,POTENCY,PASS,111.5,AU,2026-05-16T01:00:00Z,2026-05-17T15:00:00Z
QC-00399-STERILITY,BAT-00399,STERILITY,PASS,NO_GROWTH,,2026-05-15T19:00:00Z,2026-05-17T12:00:00Z
QC-00399-VIABILITY,BAT-00399,VIABILITY,OOS,67.9,%,2026-05-16T05:00:00Z,2026-05-17T15:00:00Z
QC-00399-PURITY,BAT-00399,PURITY,PASS,CONFORMING,,2026-05-15T19:00:00Z,2026-05-17T07:00:00Z
QC-00399-SAFETY,BAT-00399,SAFETY,PASS,CONFORMING,,2026-05-16T16:00:00Z,2026-05-17T23:00:00Z
QC-00400-IDENTITY,BAT-00400,IDENTITY,OOT,BORDERLINE,,2026-05-24T13:00:00Z,2026-05-25T18:00:00Z
QC-00400-POTENCY,BAT-00400,POTENCY,OOS,42.0,AU,2026-05-24T04:00:00Z,2026-05-27T03:00:00Z
QC-00400-STERILITY,BAT-00400,STERILITY,PENDING,PENDING,,2026-05-24T23:00:00Z,2026-05-26T01:00:00Z
QC-00400-VIABILITY,BAT-00400,VIABILITY,PASS,71.8,%,2026-05-24T13:00:00Z,2026-05-25T06:00:00Z
QC-00400-PURITY,BAT-00400,PURITY,PASS,CONFORMING,,2026-05-24T06:00:00Z,2026-05-26T21:00:00Z
QC-00400-SAFETY,BAT-00400,SAFETY,OOT,BORDERLINE,,2026-05-24T09:00:00Z,2026-05-26T17:00:00Z
QC-00401-IDENTITY,BAT-00401,IDENTITY,PASS,CONFORMING,,2026-05-25T11:00:00Z,2026-05-27T11:00:00Z
QC-00401-POTENCY,BAT-00401,POTENCY,PASS,66.7,AU,2026-05-25T17:00:00Z,2026-05-27T04:00:00Z
QC-00401-STERILITY,BAT-00401,STERILITY,PASS,NO_GROWTH,,2026-05-25T23:00:00Z,2026-05-28T11:00:00Z
QC-00401-VIABILITY,BAT-00401,VIABILITY,PASS,74.7,%,2026-05-25T23:00:00Z,2026-05-27T19:00:00Z
QC-00401-PURITY,BAT-00401,PURITY,PASS,CONFORMING,,2026-05-25T11:00:00Z,2026-05-27T00:00:00Z
QC-00401-SAFETY,BAT-00401,SAFETY,OOT,BORDERLINE,,2026-05-25T15:00:00Z,2026-05-27T00:00:00Z
QC-00402-IDENTITY,BAT-00402,IDENTITY,PASS,CONFORMING,,2026-05-23T02:00:00Z,2026-05-24T18:00:00Z
QC-00402-POTENCY,BAT-00402,POTENCY,OOS,44.5,AU,2026-05-22T15:00:00Z,2026-05-24T07:00:00Z
QC-00402-STERILITY,BAT-00402,STERILITY,PENDING,PENDING,,2026-05-23T01:00:00Z,2026-05-24T08:00:00Z
QC-00402-VIABILITY,BAT-00402,VIABILITY,PASS,92.0,%,2026-05-23T10:00:00Z,2026-05-24T07:00:00Z
QC-00402-PURITY,BAT-00402,PURITY,PASS,CONFORMING,,2026-05-22T18:00:00Z,2026-05-23T17:00:00Z
QC-00402-SAFETY,BAT-00402,SAFETY,PASS,CONFORMING,,2026-05-23T08:00:00Z,2026-05-24T05:00:00Z
QC-00403-IDENTITY,BAT-00403,IDENTITY,PASS,CONFORMING,,2026-05-18T02:00:00Z,2026-05-20T08:00:00Z
QC-00403-POTENCY,BAT-00403,POTENCY,PASS,79.7,AU,2026-05-18T00:00:00Z,2026-05-20T03:00:00Z
QC-00403-STERILITY,BAT-00403,STERILITY,PASS,NO_GROWTH,,2026-05-18T17:00:00Z,2026-05-20T01:00:00Z
QC-00403-VIABILITY,BAT-00403,VIABILITY,PASS,90.0,%,2026-05-18T18:00:00Z,2026-05-19T03:00:00Z
QC-00403-PURITY,BAT-00403,PURITY,OOT,BORDERLINE,,2026-05-18T12:00:00Z,2026-05-19T09:00:00Z
QC-00403-SAFETY,BAT-00403,SAFETY,PASS,CONFORMING,,2026-05-18T10:00:00Z,2026-05-19T19:00:00Z
QC-00404-IDENTITY,BAT-00404,IDENTITY,OOT,BORDERLINE,,2026-05-27T04:00:00Z,2026-05-28T07:00:00Z
QC-00404-POTENCY,BAT-00404,POTENCY,OOS,44.9,AU,2026-05-27T14:00:00Z,2026-05-28T14:00:00Z
QC-00404-STERILITY,BAT-00404,STERILITY,PASS,NO_GROWTH,,2026-05-27T02:00:00Z,2026-05-27T21:00:00Z
QC-00404-VIABILITY,BAT-00404,VIABILITY,PASS,84.2,%,2026-05-27T05:00:00Z,2026-05-29T01:00:00Z
QC-00404-PURITY,BAT-00404,PURITY,PASS,CONFORMING,,2026-05-27T14:00:00Z,2026-05-28T08:00:00Z
QC-00404-SAFETY,BAT-00404,SAFETY,PASS,CONFORMING,,2026-05-27T08:00:00Z,2026-05-28T00:00:00Z
QC-00405-IDENTITY,BAT-00405,IDENTITY,PASS,CONFORMING,,2026-05-25T12:00:00Z,2026-05-27T11:00:00Z
QC-00405-POTENCY,BAT-00405,POTENCY,PASS,102.7,AU,2026-05-25T12:00:00Z,2026-05-26T06:00:00Z
QC-00405-STERILITY,BAT-00405,STERILITY,PASS,NO_GROWTH,,2026-05-25T19:00:00Z,2026-05-28T02:00:00Z
QC-00405-VIABILITY,BAT-00405,VIABILITY,PASS,95.5,%,2026-05-25T17:00:00Z,2026-05-26T17:00:00Z
QC-00405-PURITY,BAT-00405,PURITY,PASS,CONFORMING,,2026-05-25T08:00:00Z,2026-05-26T14:00:00Z
QC-00405-SAFETY,BAT-00405,SAFETY,PASS,CONFORMING,,2026-05-25T16:00:00Z,2026-05-27T04:00:00Z
QC-00406-IDENTITY,BAT-00406,IDENTITY,PASS,CONFORMING,,2026-05-25T05:00:00Z,2026-05-27T16:00:00Z
QC-00406-POTENCY,BAT-00406,POTENCY,PASS,104.3,AU,2026-05-24T21:00:00Z,2026-05-25T22:00:00Z
QC-00406-STERILITY,BAT-00406,STERILITY,PASS,NO_GROWTH,,2026-05-25T00:00:00Z,2026-05-26T14:00:00Z
QC-00406-VIABILITY,BAT-00406,VIABILITY,PASS,86.6,%,2026-05-25T10:00:00Z,2026-05-26T11:00:00Z
QC-00406-PURITY,BAT-00406,PURITY,PASS,CONFORMING,,2026-05-24T19:00:00Z,2026-05-27T17:00:00Z
QC-00406-SAFETY,BAT-00406,SAFETY,PASS,CONFORMING,,2026-05-24T21:00:00Z,2026-05-27T16:00:00Z
QC-00407-IDENTITY,BAT-00407,IDENTITY,PASS,CONFORMING,,2026-05-26T02:00:00Z,2026-05-26T17:00:00Z
QC-00407-POTENCY,BAT-00407,POTENCY,PASS,98.0,AU,2026-05-25T16:00:00Z,2026-05-27T12:00:00Z
QC-00407-STERILITY,BAT-00407,STERILITY,PENDING,PENDING,,2026-05-26T00:00:00Z,2026-05-28T01:00:00Z
QC-00407-VIABILITY,BAT-00407,VIABILITY,PASS,79.0,%,2026-05-26T10:00:00Z,2026-05-28T10:00:00Z
QC-00407-PURITY,BAT-00407,PURITY,PASS,CONFORMING,,2026-05-26T07:00:00Z,2026-05-26T15:00:00Z
QC-00407-SAFETY,BAT-00407,SAFETY,PASS,CONFORMING,,2026-05-25T15:00:00Z,2026-05-28T03:00:00Z
QC-00408-IDENTITY,BAT-00408,IDENTITY,PASS,CONFORMING,,2026-06-01T05:00:00Z,2026-06-01T13:00:00Z
QC-00408-POTENCY,BAT-00408,POTENCY,PASS,86.2,AU,2026-05-31T13:00:00Z,2026-06-01T13:00:00Z
QC-00408-STERILITY,BAT-00408,STERILITY,PENDING,PENDING,,2026-05-31T22:00:00Z,2026-06-01T13:00:00Z
QC-00408-VIABILITY,BAT-00408,VIABILITY,PASS,88.7,%,2026-05-31T13:00:00Z,2026-06-01T14:00:00Z
QC-00408-PURITY,BAT-00408,PURITY,PASS,CONFORMING,,2026-06-01T02:00:00Z,2026-06-02T03:00:00Z
QC-00408-SAFETY,BAT-00408,SAFETY,PASS,CONFORMING,,2026-05-31T16:00:00Z,2026-06-02T13:00:00Z
QC-00409-IDENTITY,BAT-00409,IDENTITY,PASS,CONFORMING,,2026-05-29T02:00:00Z,2026-05-29T13:00:00Z
QC-00409-POTENCY,BAT-00409,POTENCY,PASS,96.9,AU,2026-05-28T13:00:00Z,2026-05-30T23:00:00Z
QC-00409-STERILITY,BAT-00409,STERILITY,PASS,NO_GROWTH,,2026-05-28T23:00:00Z,2026-05-31T10:00:00Z
QC-00409-VIABILITY,BAT-00409,VIABILITY,PASS,75.7,%,2026-05-29T04:00:00Z,2026-05-29T16:00:00Z
QC-00409-PURITY,BAT-00409,PURITY,OOT,BORDERLINE,,2026-05-28T19:00:00Z,2026-05-31T10:00:00Z
QC-00409-SAFETY,BAT-00409,SAFETY,OOT,BORDERLINE,,2026-05-29T02:00:00Z,2026-05-30T20:00:00Z
QC-00410-IDENTITY,BAT-00410,IDENTITY,OOT,BORDERLINE,,2026-05-26T13:00:00Z,2026-05-28T00:00:00Z
QC-00410-POTENCY,BAT-00410,POTENCY,PASS,114.1,AU,2026-05-26T13:00:00Z,2026-05-27T14:00:00Z
QC-00410-STERILITY,BAT-00410,STERILITY,PASS,NO_GROWTH,,2026-05-26T05:00:00Z,2026-05-28T08:00:00Z
QC-00410-VIABILITY,BAT-00410,VIABILITY,OOS,65.7,%,2026-05-27T01:00:00Z,2026-05-27T19:00:00Z
QC-00410-PURITY,BAT-00410,PURITY,PASS,CONFORMING,,2026-05-27T03:00:00Z,2026-05-27T13:00:00Z
QC-00410-SAFETY,BAT-00410,SAFETY,PASS,CONFORMING,,2026-05-26T11:00:00Z,2026-05-28T06:00:00Z
QC-00411-IDENTITY,BAT-00411,IDENTITY,PASS,CONFORMING,,2026-05-22T18:00:00Z,2026-05-24T21:00:00Z
QC-00411-POTENCY,BAT-00411,POTENCY,PASS,81.1,AU,2026-05-23T04:00:00Z,2026-05-24T20:00:00Z
QC-00411-STERILITY,BAT-00411,STERILITY,PASS,NO_GROWTH,,2026-05-22T18:00:00Z,2026-05-24T12:00:00Z
QC-00411-VIABILITY,BAT-00411,VIABILITY,PASS,82.7,%,2026-05-22T15:00:00Z,2026-05-25T04:00:00Z
QC-00411-PURITY,BAT-00411,PURITY,OOT,BORDERLINE,,2026-05-23T13:00:00Z,2026-05-24T01:00:00Z
QC-00411-SAFETY,BAT-00411,SAFETY,OOT,BORDERLINE,,2026-05-22T21:00:00Z,2026-05-25T03:00:00Z
QC-00412-IDENTITY,BAT-00412,IDENTITY,PASS,CONFORMING,,2026-05-24T00:00:00Z,2026-05-25T19:00:00Z
QC-00412-POTENCY,BAT-00412,POTENCY,PASS,97.5,AU,2026-05-23T22:00:00Z,2026-05-26T19:00:00Z
QC-00412-STERILITY,BAT-00412,STERILITY,PENDING,PENDING,,2026-05-24T14:00:00Z,2026-05-26T22:00:00Z
QC-00412-VIABILITY,BAT-00412,VIABILITY,PASS,78.2,%,2026-05-24T03:00:00Z,2026-05-26T06:00:00Z
QC-00412-PURITY,BAT-00412,PURITY,PASS,CONFORMING,,2026-05-24T18:00:00Z,2026-05-25T03:00:00Z
QC-00412-SAFETY,BAT-00412,SAFETY,PASS,CONFORMING,,2026-05-24T13:00:00Z,2026-05-26T12:00:00Z
QC-00413-IDENTITY,BAT-00413,IDENTITY,PASS,CONFORMING,,2026-05-30T03:00:00Z,2026-06-01T08:00:00Z
QC-00413-POTENCY,BAT-00413,POTENCY,PASS,50.4,AU,2026-05-30T23:00:00Z,2026-06-01T09:00:00Z
QC-00413-STERILITY,BAT-00413,STERILITY,PASS,NO_GROWTH,,2026-05-30T16:00:00Z,2026-05-31T11:00:00Z
QC-00413-VIABILITY,BAT-00413,VIABILITY,PASS,74.4,%,2026-05-31T00:00:00Z,2026-05-31T11:00:00Z
QC-00413-PURITY,BAT-00413,PURITY,PASS,CONFORMING,,2026-05-31T00:00:00Z,2026-06-01T11:00:00Z
QC-00413-SAFETY,BAT-00413,SAFETY,PASS,CONFORMING,,2026-05-30T21:00:00Z,2026-06-01T07:00:00Z
QC-00414-IDENTITY,BAT-00414,IDENTITY,PASS,CONFORMING,,2026-05-26T02:00:00Z,2026-05-27T16:00:00Z
QC-00414-POTENCY,BAT-00414,POTENCY,PASS,109.7,AU,2026-05-26T04:00:00Z,2026-05-26T16:00:00Z
QC-00414-STERILITY,BAT-00414,STERILITY,PENDING,PENDING,,2026-05-26T12:00:00Z,2026-05-28T04:00:00Z
QC-00414-VIABILITY,BAT-00414,VIABILITY,OOS,68.4,%,2026-05-25T17:00:00Z,2026-05-27T23:00:00Z
QC-00414-PURITY,BAT-00414,PURITY,OOT,BORDERLINE,,2026-05-25T17:00:00Z,2026-05-27T13:00:00Z
QC-00414-SAFETY,BAT-00414,SAFETY,PASS,CONFORMING,,2026-05-25T18:00:00Z,2026-05-26T22:00:00Z
QC-00415-IDENTITY,BAT-00415,IDENTITY,OOT,BORDERLINE,,2026-05-30T03:00:00Z,2026-05-31T12:00:00Z
QC-00415-POTENCY,BAT-00415,POTENCY,PASS,88.6,AU,2026-05-30T00:00:00Z,2026-05-31T11:00:00Z
QC-00415-STERILITY,BAT-00415,STERILITY,PENDING,PENDING,,2026-05-29T17:00:00Z,2026-05-31T12:00:00Z
QC-00415-VIABILITY,BAT-00415,VIABILITY,OOS,69.6,%,2026-05-29T15:00:00Z,2026-05-31T14:00:00Z
QC-00415-PURITY,BAT-00415,PURITY,PASS,CONFORMING,,2026-05-30T10:00:00Z,2026-05-31T07:00:00Z
QC-00415-SAFETY,BAT-00415,SAFETY,PASS,CONFORMING,,2026-05-29T19:00:00Z,2026-05-31T03:00:00Z
QC-00416-IDENTITY,BAT-00416,IDENTITY,PASS,CONFORMING,,2026-05-29T21:00:00Z,2026-05-30T22:00:00Z
QC-00416-POTENCY,BAT-00416,POTENCY,PASS,58.8,AU,2026-05-29T11:00:00Z,2026-05-31T06:00:00Z
QC-00416-STERILITY,BAT-00416,STERILITY,PASS,NO_GROWTH,,2026-05-30T03:00:00Z,2026-05-31T08:00:00Z
QC-00416-VIABILITY,BAT-00416,VIABILITY,PASS,77.9,%,2026-05-29T17:00:00Z,2026-05-31T19:00:00Z
QC-00416-PURITY,BAT-00416,PURITY,PASS,CONFORMING,,2026-05-29T22:00:00Z,2026-05-31T01:00:00Z
QC-00416-SAFETY,BAT-00416,SAFETY,PASS,CONFORMING,,2026-05-30T05:00:00Z,2026-05-30T21:00:00Z
QC-00417-IDENTITY,BAT-00417,IDENTITY,PASS,CONFORMING,,2026-05-29T13:00:00Z,2026-05-31T20:00:00Z
QC-00417-POTENCY,BAT-00417,POTENCY,PASS,115.8,AU,2026-05-30T00:00:00Z,2026-05-31T07:00:00Z
QC-00417-STERILITY,BAT-00417,STERILITY,PASS,NO_GROWTH,,2026-05-29T10:00:00Z,2026-05-31T14:00:00Z
QC-00417-VIABILITY,BAT-00417,VIABILITY,PASS,90.0,%,2026-05-29T04:00:00Z,2026-06-01T02:00:00Z
QC-00417-PURITY,BAT-00417,PURITY,PASS,CONFORMING,,2026-05-29T21:00:00Z,2026-05-30T15:00:00Z
QC-00417-SAFETY,BAT-00417,SAFETY,PASS,CONFORMING,,2026-05-29T07:00:00Z,2026-05-30T19:00:00Z
QC-00418-IDENTITY,BAT-00418,IDENTITY,PASS,CONFORMING,,2026-06-01T15:00:00Z,2026-06-03T08:00:00Z
QC-00418-POTENCY,BAT-00418,POTENCY,PASS,89.1,AU,2026-06-01T09:00:00Z,2026-06-02T00:00:00Z
QC-00418-STERILITY,BAT-00418,STERILITY,PASS,NO_GROWTH,,2026-06-01T10:00:00Z,2026-06-02T07:00:00Z
QC-00418-VIABILITY,BAT-00418,VIABILITY,PASS,96.0,%,2026-06-01T11:00:00Z,2026-06-02T10:00:00Z
QC-00418-PURITY,BAT-00418,PURITY,OOT,BORDERLINE,,2026-06-01T08:00:00Z,2026-06-03T09:00:00Z
QC-00418-SAFETY,BAT-00418,SAFETY,OOT,BORDERLINE,,2026-06-01T03:00:00Z,2026-06-03T19:00:00Z
QC-00419-IDENTITY,BAT-00419,IDENTITY,PASS,CONFORMING,,2026-05-23T17:00:00Z,2026-05-25T18:00:00Z
QC-00419-POTENCY,BAT-00419,POTENCY,PASS,82.0,AU,2026-05-23T19:00:00Z,2026-05-26T08:00:00Z
QC-00419-STERILITY,BAT-00419,STERILITY,PENDING,PENDING,,2026-05-24T09:00:00Z,2026-05-25T05:00:00Z
QC-00419-VIABILITY,BAT-00419,VIABILITY,OOS,65.6,%,2026-05-23T13:00:00Z,2026-05-25T09:00:00Z
QC-00419-PURITY,BAT-00419,PURITY,OOT,BORDERLINE,,2026-05-24T06:00:00Z,2026-05-25T08:00:00Z
QC-00419-SAFETY,BAT-00419,SAFETY,PASS,CONFORMING,,2026-05-24T03:00:00Z,2026-05-25T08:00:00Z
QC-00420-IDENTITY,BAT-00420,IDENTITY,PASS,CONFORMING,,2026-06-01T18:00:00Z,2026-06-02T19:00:00Z
QC-00420-POTENCY,BAT-00420,POTENCY,PASS,119.6,AU,2026-06-02T00:00:00Z,2026-06-02T10:00:00Z
QC-00420-STERILITY,BAT-00420,STERILITY,PASS,NO_GROWTH,,2026-06-01T05:00:00Z,2026-06-02T06:00:00Z
QC-00420-VIABILITY,BAT-00420,VIABILITY,PASS,81.1,%,2026-06-01T09:00:00Z,2026-06-03T15:00:00Z
QC-00420-PURITY,BAT-00420,PURITY,OOT,BORDERLINE,,2026-06-01T14:00:00Z,2026-06-02T16:00:00Z
QC-00420-SAFETY,BAT-00420,SAFETY,PASS,CONFORMING,,2026-06-01T16:00:00Z,2026-06-03T03:00:00Z
QC-00421-IDENTITY,BAT-00421,IDENTITY,PASS,CONFORMING,,2026-05-28T09:00:00Z,2026-05-29T02:00:00Z
QC-00421-POTENCY,BAT-00421,POTENCY,PASS,93.9,AU,2026-05-28T06:00:00Z,2026-05-29T06:00:00Z
QC-00421-STERILITY,BAT-00421,STERILITY,PENDING,PENDING,,2026-05-27T16:00:00Z,2026-05-30T08:00:00Z
QC-00421-VIABILITY,BAT-00421,VIABILITY,OOS,69.5,%,2026-05-27T21:00:00Z,2026-05-29T23:00:00Z
QC-00421-PURITY,BAT-00421,PURITY,PASS,CONFORMING,,2026-05-28T00:00:00Z,2026-05-28T17:00:00Z
QC-00421-SAFETY,BAT-00421,SAFETY,PASS,CONFORMING,,2026-05-28T01:00:00Z,2026-05-29T19:00:00Z
QC-00422-IDENTITY,BAT-00422,IDENTITY,OOT,BORDERLINE,,2026-05-29T03:00:00Z,2026-05-30T10:00:00Z
QC-00422-POTENCY,BAT-00422,POTENCY,PASS,114.6,AU,2026-05-28T15:00:00Z,2026-05-29T06:00:00Z
QC-00422-STERILITY,BAT-00422,STERILITY,PASS,NO_GROWTH,,2026-05-29T00:00:00Z,2026-05-30T01:00:00Z
QC-00422-VIABILITY,BAT-00422,VIABILITY,PASS,79.0,%,2026-05-28T15:00:00Z,2026-05-31T04:00:00Z
QC-00422-PURITY,BAT-00422,PURITY,OOT,BORDERLINE,,2026-05-28T17:00:00Z,2026-05-30T00:00:00Z
QC-00422-SAFETY,BAT-00422,SAFETY,PASS,CONFORMING,,2026-05-29T03:00:00Z,2026-05-29T09:00:00Z
QC-00423-IDENTITY,BAT-00423,IDENTITY,PASS,CONFORMING,,2026-05-26T04:00:00Z,2026-05-27T18:00:00Z
QC-00423-POTENCY,BAT-00423,POTENCY,PASS,102.2,AU,2026-05-25T21:00:00Z,2026-05-27T07:00:00Z
QC-00423-STERILITY,BAT-00423,STERILITY,PASS,NO_GROWTH,,2026-05-26T04:00:00Z,2026-05-26T17:00:00Z
QC-00423-VIABILITY,BAT-00423,VIABILITY,PASS,84.4,%,2026-05-25T19:00:00Z,2026-05-27T07:00:00Z
QC-00423-PURITY,BAT-00423,PURITY,PASS,CONFORMING,,2026-05-25T20:00:00Z,2026-05-28T04:00:00Z
QC-00423-SAFETY,BAT-00423,SAFETY,PASS,CONFORMING,,2026-05-26T02:00:00Z,2026-05-27T09:00:00Z
QC-00424-IDENTITY,BAT-00424,IDENTITY,PASS,CONFORMING,,2026-05-26T03:00:00Z,2026-05-27T01:00:00Z
QC-00424-POTENCY,BAT-00424,POTENCY,OOS,46.6,AU,2026-05-25T14:00:00Z,2026-05-27T21:00:00Z
QC-00424-STERILITY,BAT-00424,STERILITY,PENDING,PENDING,,2026-05-26T10:00:00Z,2026-05-26T17:00:00Z
QC-00424-VIABILITY,BAT-00424,VIABILITY,PASS,91.2,%,2026-05-26T02:00:00Z,2026-05-27T04:00:00Z
QC-00424-PURITY,BAT-00424,PURITY,PASS,CONFORMING,,2026-05-25T16:00:00Z,2026-05-27T14:00:00Z
QC-00424-SAFETY,BAT-00424,SAFETY,PASS,CONFORMING,,2026-05-25T22:00:00Z,2026-05-28T08:00:00Z
QC-00425-IDENTITY,BAT-00425,IDENTITY,PASS,CONFORMING,,2026-05-30T03:00:00Z,2026-06-01T21:00:00Z
QC-00425-POTENCY,BAT-00425,POTENCY,PASS,90.6,AU,2026-05-30T06:00:00Z,2026-06-01T04:00:00Z
QC-00425-STERILITY,BAT-00425,STERILITY,PASS,NO_GROWTH,,2026-05-29T23:00:00Z,2026-06-01T13:00:00Z
QC-00425-VIABILITY,BAT-00425,VIABILITY,PASS,95.0,%,2026-05-30T08:00:00Z,2026-05-31T21:00:00Z
QC-00425-PURITY,BAT-00425,PURITY,OOT,BORDERLINE,,2026-05-30T00:00:00Z,2026-06-01T09:00:00Z
QC-00425-SAFETY,BAT-00425,SAFETY,PASS,CONFORMING,,2026-05-30T18:00:00Z,2026-06-01T06:00:00Z
QC-00426-IDENTITY,BAT-00426,IDENTITY,PASS,CONFORMING,,2026-06-02T16:00:00Z,2026-06-04T01:00:00Z
QC-00426-POTENCY,BAT-00426,POTENCY,PASS,63.7,AU,2026-06-02T21:00:00Z,2026-06-03T22:00:00Z
QC-00426-STERILITY,BAT-00426,STERILITY,PASS,NO_GROWTH,,2026-06-02T07:00:00Z,2026-06-03T12:00:00Z
QC-00426-VIABILITY,BAT-00426,VIABILITY,PASS,71.0,%,2026-06-02T23:00:00Z,2026-06-04T18:00:00Z
QC-00426-PURITY,BAT-00426,PURITY,PASS,CONFORMING,,2026-06-03T03:00:00Z,2026-06-03T13:00:00Z
QC-00426-SAFETY,BAT-00426,SAFETY,PASS,CONFORMING,,2026-06-03T05:00:00Z,2026-06-03T10:00:00Z
QC-00427-IDENTITY,BAT-00427,IDENTITY,OOT,BORDERLINE,,2026-06-05T10:00:00Z,2026-06-07T09:00:00Z
QC-00427-POTENCY,BAT-00427,POTENCY,PASS,109.7,AU,2026-06-05T11:00:00Z,2026-06-06T17:00:00Z
QC-00427-STERILITY,BAT-00427,STERILITY,PENDING,PENDING,,2026-06-05T15:00:00Z,2026-06-07T09:00:00Z
QC-00427-VIABILITY,BAT-00427,VIABILITY,PASS,91.7,%,2026-06-05T16:00:00Z,2026-06-07T09:00:00Z
QC-00427-PURITY,BAT-00427,PURITY,PASS,CONFORMING,,2026-06-05T12:00:00Z,2026-06-05T23:00:00Z
QC-00427-SAFETY,BAT-00427,SAFETY,PASS,CONFORMING,,2026-06-04T19:00:00Z,2026-06-07T19:00:00Z
QC-00428-IDENTITY,BAT-00428,IDENTITY,PASS,CONFORMING,,2026-05-29T02:00:00Z,2026-05-30T06:00:00Z
QC-00428-POTENCY,BAT-00428,POTENCY,PASS,113.1,AU,2026-05-28T16:00:00Z,2026-05-31T01:00:00Z
QC-00428-STERILITY,BAT-00428,STERILITY,PASS,NO_GROWTH,,2026-05-29T00:00:00Z,2026-05-29T16:00:00Z
QC-00428-VIABILITY,BAT-00428,VIABILITY,OOS,67.5,%,2026-05-28T14:00:00Z,2026-05-29T16:00:00Z
QC-00428-PURITY,BAT-00428,PURITY,PASS,CONFORMING,,2026-05-28T10:00:00Z,2026-05-30T08:00:00Z
QC-00428-SAFETY,BAT-00428,SAFETY,PASS,CONFORMING,,2026-05-28T16:00:00Z,2026-05-30T06:00:00Z
QC-00429-IDENTITY,BAT-00429,IDENTITY,PASS,CONFORMING,,2026-06-02T04:00:00Z,2026-06-03T19:00:00Z
QC-00429-POTENCY,BAT-00429,POTENCY,PASS,99.7,AU,2026-06-01T10:00:00Z,2026-06-03T23:00:00Z
QC-00429-STERILITY,BAT-00429,STERILITY,PENDING,PENDING,,2026-06-01T11:00:00Z,2026-06-03T10:00:00Z
QC-00429-VIABILITY,BAT-00429,VIABILITY,PASS,93.5,%,2026-06-01T11:00:00Z,2026-06-02T23:00:00Z
QC-00429-PURITY,BAT-00429,PURITY,PASS,CONFORMING,,2026-06-01T18:00:00Z,2026-06-02T09:00:00Z
QC-00429-SAFETY,BAT-00429,SAFETY,OOT,BORDERLINE,,2026-06-01T22:00:00Z,2026-06-03T13:00:00Z
QC-00430-IDENTITY,BAT-00430,IDENTITY,PASS,CONFORMING,,2026-05-29T02:00:00Z,2026-05-30T03:00:00Z
QC-00430-POTENCY,BAT-00430,POTENCY,OOS,48.6,AU,2026-05-29T19:00:00Z,2026-05-31T02:00:00Z
QC-00430-STERILITY,BAT-00430,STERILITY,PENDING,PENDING,,2026-05-29T11:00:00Z,2026-05-30T16:00:00Z
QC-00430-VIABILITY,BAT-00430,VIABILITY,PASS,84.0,%,2026-05-29T17:00:00Z,2026-05-30T16:00:00Z
QC-00430-PURITY,BAT-00430,PURITY,OOT,BORDERLINE,,2026-05-29T08:00:00Z,2026-05-31T01:00:00Z
QC-00430-SAFETY,BAT-00430,SAFETY,PASS,CONFORMING,,2026-05-29T15:00:00Z,2026-05-30T14:00:00Z
QC-00431-IDENTITY,BAT-00431,IDENTITY,OOT,BORDERLINE,,2026-05-30T20:00:00Z,2026-06-02T15:00:00Z
QC-00431-POTENCY,BAT-00431,POTENCY,PASS,69.5,AU,2026-05-31T09:00:00Z,2026-05-31T22:00:00Z
QC-00431-STERILITY,BAT-00431,STERILITY,PASS,NO_GROWTH,,2026-05-31T10:00:00Z,2026-06-02T00:00:00Z
QC-00431-VIABILITY,BAT-00431,VIABILITY,PASS,81.9,%,2026-05-30T23:00:00Z,2026-06-01T03:00:00Z
QC-00431-PURITY,BAT-00431,PURITY,PASS,CONFORMING,,2026-05-31T13:00:00Z,2026-06-01T20:00:00Z
QC-00431-SAFETY,BAT-00431,SAFETY,PASS,CONFORMING,,2026-05-31T07:00:00Z,2026-06-01T16:00:00Z
QC-00432-IDENTITY,BAT-00432,IDENTITY,PASS,CONFORMING,,2026-06-06T08:00:00Z,2026-06-07T03:00:00Z
QC-00432-POTENCY,BAT-00432,POTENCY,PASS,107.8,AU,2026-06-05T09:00:00Z,2026-06-07T13:00:00Z
QC-00432-STERILITY,BAT-00432,STERILITY,PASS,NO_GROWTH,,2026-06-05T19:00:00Z,2026-06-07T04:00:00Z
QC-00432-VIABILITY,BAT-00432,VIABILITY,PASS,90.8,%,2026-06-05T19:00:00Z,2026-06-07T07:00:00Z
QC-00432-PURITY,BAT-00432,PURITY,PASS,CONFORMING,,2026-06-06T03:00:00Z,2026-06-06T17:00:00Z
QC-00432-SAFETY,BAT-00432,SAFETY,PASS,CONFORMING,,2026-06-05T14:00:00Z,2026-06-07T12:00:00Z
QC-00433-IDENTITY,BAT-00433,IDENTITY,PASS,CONFORMING,,2026-06-04T16:00:00Z,2026-06-06T16:00:00Z
QC-00433-POTENCY,BAT-00433,POTENCY,PASS,52.0,AU,2026-06-04T03:00:00Z,2026-06-06T21:00:00Z
QC-00433-STERILITY,BAT-00433,STERILITY,PASS,NO_GROWTH,,2026-06-04T14:00:00Z,2026-06-05T13:00:00Z
QC-00433-VIABILITY,BAT-00433,VIABILITY,PASS,77.6,%,2026-06-04T08:00:00Z,2026-06-06T23:00:00Z
QC-00433-PURITY,BAT-00433,PURITY,PASS,CONFORMING,,2026-06-04T15:00:00Z,2026-06-06T06:00:00Z
QC-00433-SAFETY,BAT-00433,SAFETY,OOT,BORDERLINE,,2026-06-04T16:00:00Z,2026-06-05T14:00:00Z
QC-00434-IDENTITY,BAT-00434,IDENTITY,PASS,CONFORMING,,2026-05-28T13:00:00Z,2026-05-31T06:00:00Z
QC-00434-POTENCY,BAT-00434,POTENCY,PASS,105.3,AU,2026-05-29T06:00:00Z,2026-05-29T21:00:00Z
QC-00434-STERILITY,BAT-00434,STERILITY,PASS,NO_GROWTH,,2026-05-28T18:00:00Z,2026-05-31T05:00:00Z
QC-00434-VIABILITY,BAT-00434,VIABILITY,PASS,92.2,%,2026-05-29T00:00:00Z,2026-05-30T10:00:00Z
QC-00434-PURITY,BAT-00434,PURITY,PASS,CONFORMING,,2026-05-29T02:00:00Z,2026-05-29T21:00:00Z
QC-00434-SAFETY,BAT-00434,SAFETY,OOT,BORDERLINE,,2026-05-28T23:00:00Z,2026-05-29T15:00:00Z
QC-00435-IDENTITY,BAT-00435,IDENTITY,PASS,CONFORMING,,2026-05-31T15:00:00Z,2026-06-01T03:00:00Z
QC-00435-POTENCY,BAT-00435,POTENCY,PASS,73.9,AU,2026-05-31T05:00:00Z,2026-06-01T09:00:00Z
QC-00435-STERILITY,BAT-00435,STERILITY,PENDING,PENDING,,2026-05-30T21:00:00Z,2026-06-01T12:00:00Z
QC-00435-VIABILITY,BAT-00435,VIABILITY,PASS,88.8,%,2026-05-31T05:00:00Z,2026-06-01T16:00:00Z
QC-00435-PURITY,BAT-00435,PURITY,PASS,CONFORMING,,2026-05-31T11:00:00Z,2026-06-01T18:00:00Z
QC-00435-SAFETY,BAT-00435,SAFETY,PASS,CONFORMING,,2026-05-30T23:00:00Z,2026-06-02T08:00:00Z
QC-00436-IDENTITY,BAT-00436,IDENTITY,PASS,CONFORMING,,2026-06-01T16:00:00Z,2026-06-03T16:00:00Z
QC-00436-POTENCY,BAT-00436,POTENCY,PASS,74.6,AU,2026-06-01T15:00:00Z,2026-06-02T21:00:00Z
QC-00436-STERILITY,BAT-00436,STERILITY,PASS,NO_GROWTH,,2026-06-01T20:00:00Z,2026-06-02T14:00:00Z
QC-00436-VIABILITY,BAT-00436,VIABILITY,PASS,82.4,%,2026-06-01T11:00:00Z,2026-06-02T23:00:00Z
QC-00436-PURITY,BAT-00436,PURITY,PASS,CONFORMING,,2026-06-01T18:00:00Z,2026-06-03T17:00:00Z
QC-00436-SAFETY,BAT-00436,SAFETY,PASS,CONFORMING,,2026-06-01T21:00:00Z,2026-06-03T20:00:00Z
QC-00437-IDENTITY,BAT-00437,IDENTITY,PASS,CONFORMING,,2026-06-06T02:00:00Z,2026-06-07T21:00:00Z
QC-00437-POTENCY,BAT-00437,POTENCY,PASS,112.1,AU,2026-06-05T22:00:00Z,2026-06-07T15:00:00Z
QC-00437-STERILITY,BAT-00437,STERILITY,PASS,NO_GROWTH,,2026-06-05T16:00:00Z,2026-06-07T08:00:00Z
QC-00437-VIABILITY,BAT-00437,VIABILITY,PASS,75.7,%,2026-06-05T23:00:00Z,2026-06-06T07:00:00Z
QC-00437-PURITY,BAT-00437,PURITY,OOT,BORDERLINE,,2026-06-05T10:00:00Z,2026-06-07T11:00:00Z
QC-00437-SAFETY,BAT-00437,SAFETY,PASS,CONFORMING,,2026-06-05T11:00:00Z,2026-06-06T21:00:00Z
QC-00438-IDENTITY,BAT-00438,IDENTITY,PASS,CONFORMING,,2026-06-01T23:00:00Z,2026-06-04T17:00:00Z
QC-00438-POTENCY,BAT-00438,POTENCY,PASS,109.9,AU,2026-06-01T19:00:00Z,2026-06-02T19:00:00Z
QC-00438-STERILITY,BAT-00438,STERILITY,PASS,NO_GROWTH,,2026-06-02T09:00:00Z,2026-06-02T20:00:00Z
QC-00438-VIABILITY,BAT-00438,VIABILITY,OOS,66.5,%,2026-06-02T08:00:00Z,2026-06-03T06:00:00Z
QC-00438-PURITY,BAT-00438,PURITY,OOT,BORDERLINE,,2026-06-02T06:00:00Z,2026-06-02T20:00:00Z
QC-00438-SAFETY,BAT-00438,SAFETY,OOT,BORDERLINE,,2026-06-02T05:00:00Z,2026-06-04T00:00:00Z
QC-00439-IDENTITY,BAT-00439,IDENTITY,PASS,CONFORMING,,2026-06-08T21:00:00Z,2026-06-09T21:00:00Z
QC-00439-POTENCY,BAT-00439,POTENCY,PASS,51.2,AU,2026-06-09T07:00:00Z,2026-06-10T23:00:00Z
QC-00439-STERILITY,BAT-00439,STERILITY,PASS,NO_GROWTH,,2026-06-08T10:00:00Z,2026-06-09T22:00:00Z
QC-00439-VIABILITY,BAT-00439,VIABILITY,PASS,95.8,%,2026-06-09T08:00:00Z,2026-06-09T12:00:00Z
QC-00439-PURITY,BAT-00439,PURITY,PASS,CONFORMING,,2026-06-09T02:00:00Z,2026-06-10T08:00:00Z
QC-00439-SAFETY,BAT-00439,SAFETY,PASS,CONFORMING,,2026-06-08T16:00:00Z,2026-06-10T06:00:00Z
QC-00440-IDENTITY,BAT-00440,IDENTITY,PASS,CONFORMING,,2026-05-31T16:00:00Z,2026-06-01T22:00:00Z
QC-00440-POTENCY,BAT-00440,POTENCY,PASS,50.8,AU,2026-05-31T13:00:00Z,2026-06-01T20:00:00Z
QC-00440-STERILITY,BAT-00440,STERILITY,PASS,NO_GROWTH,,2026-06-01T04:00:00Z,2026-06-01T21:00:00Z
QC-00440-VIABILITY,BAT-00440,VIABILITY,PASS,71.3,%,2026-05-31T14:00:00Z,2026-06-03T02:00:00Z
QC-00440-PURITY,BAT-00440,PURITY,PASS,CONFORMING,,2026-05-31T13:00:00Z,2026-06-02T21:00:00Z
QC-00440-SAFETY,BAT-00440,SAFETY,OOT,BORDERLINE,,2026-05-31T08:00:00Z,2026-06-03T02:00:00Z
QC-00441-IDENTITY,BAT-00441,IDENTITY,OOT,BORDERLINE,,2026-06-07T11:00:00Z,2026-06-08T21:00:00Z
QC-00441-POTENCY,BAT-00441,POTENCY,PASS,93.1,AU,2026-06-07T04:00:00Z,2026-06-08T15:00:00Z
QC-00441-STERILITY,BAT-00441,STERILITY,PASS,NO_GROWTH,,2026-06-06T15:00:00Z,2026-06-07T23:00:00Z
QC-00441-VIABILITY,BAT-00441,VIABILITY,PASS,71.5,%,2026-06-07T08:00:00Z,2026-06-08T06:00:00Z
QC-00441-PURITY,BAT-00441,PURITY,PASS,CONFORMING,,2026-06-06T16:00:00Z,2026-06-08T03:00:00Z
QC-00441-SAFETY,BAT-00441,SAFETY,PASS,CONFORMING,,2026-06-06T17:00:00Z,2026-06-08T21:00:00Z
QC-00442-IDENTITY,BAT-00442,IDENTITY,OOT,BORDERLINE,,2026-06-03T15:00:00Z,2026-06-04T10:00:00Z
QC-00442-POTENCY,BAT-00442,POTENCY,PASS,66.7,AU,2026-06-03T08:00:00Z,2026-06-04T14:00:00Z
QC-00442-STERILITY,BAT-00442,STERILITY,PASS,NO_GROWTH,,2026-06-03T11:00:00Z,2026-06-05T12:00:00Z
QC-00442-VIABILITY,BAT-00442,VIABILITY,PASS,75.0,%,2026-06-03T17:00:00Z,2026-06-04T07:00:00Z
QC-00442-PURITY,BAT-00442,PURITY,PASS,CONFORMING,,2026-06-02T23:00:00Z,2026-06-05T16:00:00Z
QC-00442-SAFETY,BAT-00442,SAFETY,PASS,CONFORMING,,2026-06-03T19:00:00Z,2026-06-05T18:00:00Z
QC-00443-IDENTITY,BAT-00443,IDENTITY,PASS,CONFORMING,,2026-06-04T01:00:00Z,2026-06-05T01:00:00Z
QC-00443-POTENCY,BAT-00443,POTENCY,PASS,97.0,AU,2026-06-04T02:00:00Z,2026-06-04T15:00:00Z
QC-00443-STERILITY,BAT-00443,STERILITY,PENDING,PENDING,,2026-06-03T21:00:00Z,2026-06-05T12:00:00Z
QC-00443-VIABILITY,BAT-00443,VIABILITY,PASS,79.2,%,2026-06-03T21:00:00Z,2026-06-04T22:00:00Z
QC-00443-PURITY,BAT-00443,PURITY,PASS,CONFORMING,,2026-06-03T22:00:00Z,2026-06-05T18:00:00Z
QC-00443-SAFETY,BAT-00443,SAFETY,PASS,CONFORMING,,2026-06-03T22:00:00Z,2026-06-05T05:00:00Z
QC-00444-IDENTITY,BAT-00444,IDENTITY,PASS,CONFORMING,,2026-06-09T03:00:00Z,2026-06-09T19:00:00Z
QC-00444-POTENCY,BAT-00444,POTENCY,PASS,110.6,AU,2026-06-08T18:00:00Z,2026-06-10T21:00:00Z
QC-00444-STERILITY,BAT-00444,STERILITY,PASS,NO_GROWTH,,2026-06-09T07:00:00Z,2026-06-10T19:00:00Z
QC-00444-VIABILITY,BAT-00444,VIABILITY,PASS,73.3,%,2026-06-08T23:00:00Z,2026-06-10T12:00:00Z
QC-00444-PURITY,BAT-00444,PURITY,OOT,BORDERLINE,,2026-06-08T17:00:00Z,2026-06-11T04:00:00Z
QC-00444-SAFETY,BAT-00444,SAFETY,PASS,CONFORMING,,2026-06-08T16:00:00Z,2026-06-10T16:00:00Z
QC-00445-IDENTITY,BAT-00445,IDENTITY,OOT,BORDERLINE,,2026-06-02T13:00:00Z,2026-06-03T12:00:00Z
QC-00445-POTENCY,BAT-00445,POTENCY,PASS,91.6,AU,2026-06-02T03:00:00Z,2026-06-04T12:00:00Z
QC-00445-STERILITY,BAT-00445,STERILITY,PASS,NO_GROWTH,,2026-06-02T00:00:00Z,2026-06-02T21:00:00Z
QC-00445-VIABILITY,BAT-00445,VIABILITY,PASS,78.9,%,2026-06-01T23:00:00Z,2026-06-04T09:00:00Z
QC-00445-PURITY,BAT-00445,PURITY,PASS,CONFORMING,,2026-06-01T23:00:00Z,2026-06-02T19:00:00Z
QC-00445-SAFETY,BAT-00445,SAFETY,PASS,CONFORMING,,2026-06-01T22:00:00Z,2026-06-03T19:00:00Z
QC-00446-IDENTITY,BAT-00446,IDENTITY,OOT,BORDERLINE,,2026-06-06T06:00:00Z,2026-06-07T02:00:00Z
QC-00446-POTENCY,BAT-00446,POTENCY,PASS,58.3,AU,2026-06-06T17:00:00Z,2026-06-08T10:00:00Z
QC-00446-STERILITY,BAT-00446,STERILITY,PASS,NO_GROWTH,,2026-06-06T03:00:00Z,2026-06-07T16:00:00Z
QC-00446-VIABILITY,BAT-00446,VIABILITY,OOS,68.0,%,2026-06-06T01:00:00Z,2026-06-07T17:00:00Z
QC-00446-PURITY,BAT-00446,PURITY,PASS,CONFORMING,,2026-06-06T09:00:00Z,2026-06-06T21:00:00Z
QC-00446-SAFETY,BAT-00446,SAFETY,PASS,CONFORMING,,2026-06-06T07:00:00Z,2026-06-07T19:00:00Z
QC-00447-IDENTITY,BAT-00447,IDENTITY,PASS,CONFORMING,,2026-06-04T21:00:00Z,2026-06-07T11:00:00Z
QC-00447-POTENCY,BAT-00447,POTENCY,PASS,74.0,AU,2026-06-05T14:00:00Z,2026-06-06T08:00:00Z
QC-00447-STERILITY,BAT-00447,STERILITY,PASS,NO_GROWTH,,2026-06-05T07:00:00Z,2026-06-05T20:00:00Z
QC-00447-VIABILITY,BAT-00447,VIABILITY,PASS,71.0,%,2026-06-05T01:00:00Z,2026-06-06T19:00:00Z
QC-00447-PURITY,BAT-00447,PURITY,PASS,CONFORMING,,2026-06-05T15:00:00Z,2026-06-06T17:00:00Z
QC-00447-SAFETY,BAT-00447,SAFETY,PASS,CONFORMING,,2026-06-04T22:00:00Z,2026-06-06T09:00:00Z
QC-00448-IDENTITY,BAT-00448,IDENTITY,PASS,CONFORMING,,2026-06-12T09:00:00Z,2026-06-13T06:00:00Z
QC-00448-POTENCY,BAT-00448,POTENCY,PASS,115.9,AU,2026-06-12T05:00:00Z,2026-06-14T15:00:00Z
QC-00448-STERILITY,BAT-00448,STERILITY,PASS,NO_GROWTH,,2026-06-12T12:00:00Z,2026-06-14T14:00:00Z
QC-00448-VIABILITY,BAT-00448,VIABILITY,PASS,96.8,%,2026-06-12T19:00:00Z,2026-06-13T21:00:00Z
QC-00448-PURITY,BAT-00448,PURITY,OOT,BORDERLINE,,2026-06-12T23:00:00Z,2026-06-14T16:00:00Z
QC-00448-SAFETY,BAT-00448,SAFETY,PASS,CONFORMING,,2026-06-12T03:00:00Z,2026-06-14T21:00:00Z
QC-00449-IDENTITY,BAT-00449,IDENTITY,PASS,CONFORMING,,2026-06-05T15:00:00Z,2026-06-07T14:00:00Z
QC-00449-POTENCY,BAT-00449,POTENCY,PASS,70.7,AU,2026-06-05T01:00:00Z,2026-06-06T23:00:00Z
QC-00449-STERILITY,BAT-00449,STERILITY,PASS,NO_GROWTH,,2026-06-05T15:00:00Z,2026-06-07T11:00:00Z
QC-00449-VIABILITY,BAT-00449,VIABILITY,PASS,71.4,%,2026-06-05T17:00:00Z,2026-06-06T21:00:00Z
QC-00449-PURITY,BAT-00449,PURITY,PASS,CONFORMING,,2026-06-06T00:00:00Z,2026-06-06T13:00:00Z
QC-00449-SAFETY,BAT-00449,SAFETY,PASS,CONFORMING,,2026-06-05T21:00:00Z,2026-06-07T22:00:00Z
QC-00450-IDENTITY,BAT-00450,IDENTITY,PASS,CONFORMING,,2026-06-09T12:00:00Z,2026-06-11T10:00:00Z
QC-00450-POTENCY,BAT-00450,POTENCY,PASS,101.9,AU,2026-06-10T03:00:00Z,2026-06-11T08:00:00Z
QC-00450-STERILITY,BAT-00450,STERILITY,PENDING,PENDING,,2026-06-09T17:00:00Z,2026-06-10T16:00:00Z
QC-00450-VIABILITY,BAT-00450,VIABILITY,OOS,67.7,%,2026-06-10T06:00:00Z,2026-06-11T19:00:00Z
QC-00450-PURITY,BAT-00450,PURITY,PASS,CONFORMING,,2026-06-10T06:00:00Z,2026-06-10T17:00:00Z
QC-00450-SAFETY,BAT-00450,SAFETY,PASS,CONFORMING,,2026-06-10T06:00:00Z,2026-06-11T22:00:00Z
QC-00451-IDENTITY,BAT-00451,IDENTITY,OOT,BORDERLINE,,2026-06-04T21:00:00Z,2026-06-07T05:00:00Z
QC-00451-POTENCY,BAT-00451,POTENCY,PASS,109.0,AU,2026-06-04T12:00:00Z,2026-06-06T06:00:00Z
QC-00451-STERILITY,BAT-00451,STERILITY,PASS,NO_GROWTH,,2026-06-05T02:00:00Z,2026-06-06T07:00:00Z
QC-00451-VIABILITY,BAT-00451,VIABILITY,PASS,78.4,%,2026-06-04T17:00:00Z,2026-06-06T05:00:00Z
QC-00451-PURITY,BAT-00451,PURITY,PASS,CONFORMING,,2026-06-04T20:00:00Z,2026-06-05T13:00:00Z
QC-00451-SAFETY,BAT-00451,SAFETY,PASS,CONFORMING,,2026-06-04T21:00:00Z,2026-06-05T19:00:00Z
QC-00452-IDENTITY,BAT-00452,IDENTITY,PASS,CONFORMING,,2026-06-04T00:00:00Z,2026-06-06T00:00:00Z
QC-00452-POTENCY,BAT-00452,POTENCY,PASS,51.8,AU,2026-06-04T01:00:00Z,2026-06-06T08:00:00Z
QC-00452-STERILITY,BAT-00452,STERILITY,PASS,NO_GROWTH,,2026-06-04T19:00:00Z,2026-06-06T10:00:00Z
QC-00452-VIABILITY,BAT-00452,VIABILITY,PASS,94.2,%,2026-06-04T16:00:00Z,2026-06-06T19:00:00Z
QC-00452-PURITY,BAT-00452,PURITY,PASS,CONFORMING,,2026-06-04T10:00:00Z,2026-06-05T12:00:00Z
QC-00452-SAFETY,BAT-00452,SAFETY,PASS,CONFORMING,,2026-06-04T18:00:00Z,2026-06-06T23:00:00Z
QC-00453-IDENTITY,BAT-00453,IDENTITY,PASS,CONFORMING,,2026-06-05T20:00:00Z,2026-06-07T08:00:00Z
QC-00453-POTENCY,BAT-00453,POTENCY,PASS,81.4,AU,2026-06-06T18:00:00Z,2026-06-07T19:00:00Z
QC-00453-STERILITY,BAT-00453,STERILITY,PASS,NO_GROWTH,,2026-06-05T22:00:00Z,2026-06-07T15:00:00Z
QC-00453-VIABILITY,BAT-00453,VIABILITY,PASS,77.1,%,2026-06-06T05:00:00Z,2026-06-07T14:00:00Z
QC-00453-PURITY,BAT-00453,PURITY,PASS,CONFORMING,,2026-06-06T17:00:00Z,2026-06-07T14:00:00Z
QC-00453-SAFETY,BAT-00453,SAFETY,PASS,CONFORMING,,2026-06-05T23:00:00Z,2026-06-07T05:00:00Z
QC-00454-IDENTITY,BAT-00454,IDENTITY,PASS,CONFORMING,,2026-06-10T06:00:00Z,2026-06-11T02:00:00Z
QC-00454-POTENCY,BAT-00454,POTENCY,PASS,112.6,AU,2026-06-10T05:00:00Z,2026-06-12T00:00:00Z
QC-00454-STERILITY,BAT-00454,STERILITY,PENDING,PENDING,,2026-06-09T18:00:00Z,2026-06-11T22:00:00Z
QC-00454-VIABILITY,BAT-00454,VIABILITY,PASS,73.0,%,2026-06-10T02:00:00Z,2026-06-10T18:00:00Z
QC-00454-PURITY,BAT-00454,PURITY,PASS,CONFORMING,,2026-06-09T19:00:00Z,2026-06-11T10:00:00Z
QC-00454-SAFETY,BAT-00454,SAFETY,PASS,CONFORMING,,2026-06-10T01:00:00Z,2026-06-10T21:00:00Z
QC-00455-IDENTITY,BAT-00455,IDENTITY,PASS,CONFORMING,,2026-06-09T17:00:00Z,2026-06-12T16:00:00Z
QC-00455-POTENCY,BAT-00455,POTENCY,OOS,42.6,AU,2026-06-10T06:00:00Z,2026-06-10T21:00:00Z
QC-00455-STERILITY,BAT-00455,STERILITY,PASS,NO_GROWTH,,2026-06-10T08:00:00Z,2026-06-11T05:00:00Z
QC-00455-VIABILITY,BAT-00455,VIABILITY,PASS,73.9,%,2026-06-09T22:00:00Z,2026-06-11T01:00:00Z
QC-00455-PURITY,BAT-00455,PURITY,PASS,CONFORMING,,2026-06-09T22:00:00Z,2026-06-11T21:00:00Z
QC-00455-SAFETY,BAT-00455,SAFETY,PASS,CONFORMING,,2026-06-10T11:00:00Z,2026-06-11T13:00:00Z
QC-00456-IDENTITY,BAT-00456,IDENTITY,PASS,CONFORMING,,2026-06-13T08:00:00Z,2026-06-14T16:00:00Z
QC-00456-POTENCY,BAT-00456,POTENCY,PASS,112.6,AU,2026-06-12T13:00:00Z,2026-06-14T11:00:00Z
QC-00456-STERILITY,BAT-00456,STERILITY,PASS,NO_GROWTH,,2026-06-13T06:00:00Z,2026-06-15T08:00:00Z
QC-00456-VIABILITY,BAT-00456,VIABILITY,OOS,68.6,%,2026-06-13T09:00:00Z,2026-06-13T20:00:00Z
QC-00456-PURITY,BAT-00456,PURITY,OOT,BORDERLINE,,2026-06-13T04:00:00Z,2026-06-14T13:00:00Z
QC-00456-SAFETY,BAT-00456,SAFETY,PASS,CONFORMING,,2026-06-13T02:00:00Z,2026-06-15T06:00:00Z
QC-00457-IDENTITY,BAT-00457,IDENTITY,PASS,CONFORMING,,2026-06-03T23:00:00Z,2026-06-05T14:00:00Z
QC-00457-POTENCY,BAT-00457,POTENCY,PASS,50.1,AU,2026-06-03T05:00:00Z,2026-06-05T22:00:00Z
QC-00457-STERILITY,BAT-00457,STERILITY,PASS,NO_GROWTH,,2026-06-03T11:00:00Z,2026-06-04T14:00:00Z
QC-00457-VIABILITY,BAT-00457,VIABILITY,PASS,87.5,%,2026-06-03T20:00:00Z,2026-06-04T07:00:00Z
QC-00457-PURITY,BAT-00457,PURITY,OOT,BORDERLINE,,2026-06-03T18:00:00Z,2026-06-05T11:00:00Z
QC-00457-SAFETY,BAT-00457,SAFETY,PASS,CONFORMING,,2026-06-03T04:00:00Z,2026-06-04T11:00:00Z
QC-00458-IDENTITY,BAT-00458,IDENTITY,PASS,CONFORMING,,2026-06-11T21:00:00Z,2026-06-13T20:00:00Z
QC-00458-POTENCY,BAT-00458,POTENCY,PASS,98.5,AU,2026-06-11T14:00:00Z,2026-06-12T09:00:00Z
QC-00458-STERILITY,BAT-00458,STERILITY,PASS,NO_GROWTH,,2026-06-11T15:00:00Z,2026-06-13T16:00:00Z
QC-00458-VIABILITY,BAT-00458,VIABILITY,PASS,83.1,%,2026-06-11T08:00:00Z,2026-06-12T19:00:00Z
QC-00458-PURITY,BAT-00458,PURITY,PASS,CONFORMING,,2026-06-11T09:00:00Z,2026-06-14T01:00:00Z
QC-00458-SAFETY,BAT-00458,SAFETY,PASS,CONFORMING,,2026-06-11T15:00:00Z,2026-06-13T03:00:00Z
QC-00459-IDENTITY,BAT-00459,IDENTITY,PASS,CONFORMING,,2026-06-11T01:00:00Z,2026-06-11T20:00:00Z
QC-00459-POTENCY,BAT-00459,POTENCY,PASS,104.5,AU,2026-06-11T06:00:00Z,2026-06-13T00:00:00Z
QC-00459-STERILITY,BAT-00459,STERILITY,PASS,NO_GROWTH,,2026-06-10T20:00:00Z,2026-06-12T03:00:00Z
QC-00459-VIABILITY,BAT-00459,VIABILITY,PASS,90.0,%,2026-06-11T09:00:00Z,2026-06-13T12:00:00Z
QC-00459-PURITY,BAT-00459,PURITY,PASS,CONFORMING,,2026-06-10T17:00:00Z,2026-06-13T07:00:00Z
QC-00459-SAFETY,BAT-00459,SAFETY,PASS,CONFORMING,,2026-06-10T17:00:00Z,2026-06-13T06:00:00Z
QC-00460-IDENTITY,BAT-00460,IDENTITY,OOT,BORDERLINE,,2026-06-07T16:00:00Z,2026-06-09T00:00:00Z
QC-00460-POTENCY,BAT-00460,POTENCY,PASS,69.1,AU,2026-06-07T02:00:00Z,2026-06-08T19:00:00Z
QC-00460-STERILITY,BAT-00460,STERILITY,PASS,NO_GROWTH,,2026-06-07T01:00:00Z,2026-06-09T04:00:00Z
QC-00460-VIABILITY,BAT-00460,VIABILITY,PASS,76.9,%,2026-06-07T13:00:00Z,2026-06-08T11:00:00Z
QC-00460-PURITY,BAT-00460,PURITY,PASS,CONFORMING,,2026-06-07T18:00:00Z,2026-06-09T19:00:00Z
QC-00460-SAFETY,BAT-00460,SAFETY,PASS,CONFORMING,,2026-06-07T19:00:00Z,2026-06-09T09:00:00Z
QC-00461-IDENTITY,BAT-00461,IDENTITY,PASS,CONFORMING,,2026-06-08T05:00:00Z,2026-06-09T20:00:00Z
QC-00461-POTENCY,BAT-00461,POTENCY,PASS,50.3,AU,2026-06-07T22:00:00Z,2026-06-09T00:00:00Z
QC-00461-STERILITY,BAT-00461,STERILITY,PASS,NO_GROWTH,,2026-06-07T23:00:00Z,2026-06-09T12:00:00Z
QC-00461-VIABILITY,BAT-00461,VIABILITY,PASS,82.3,%,2026-06-08T09:00:00Z,2026-06-09T22:00:00Z
QC-00461-PURITY,BAT-00461,PURITY,PASS,CONFORMING,,2026-06-08T10:00:00Z,2026-06-09T05:00:00Z
QC-00461-SAFETY,BAT-00461,SAFETY,OOT,BORDERLINE,,2026-06-07T21:00:00Z,2026-06-10T04:00:00Z
QC-00462-IDENTITY,BAT-00462,IDENTITY,OOT,BORDERLINE,,2026-06-07T14:00:00Z,2026-06-08T17:00:00Z
QC-00462-POTENCY,BAT-00462,POTENCY,PASS,114.1,AU,2026-06-07T01:00:00Z,2026-06-09T06:00:00Z
QC-00462-STERILITY,BAT-00462,STERILITY,PENDING,PENDING,,2026-06-07T19:00:00Z,2026-06-09T22:00:00Z
QC-00462-VIABILITY,BAT-00462,VIABILITY,OOS,68.3,%,2026-06-07T11:00:00Z,2026-06-09T17:00:00Z
QC-00462-PURITY,BAT-00462,PURITY,OOT,BORDERLINE,,2026-06-07T00:00:00Z,2026-06-08T10:00:00Z
QC-00462-SAFETY,BAT-00462,SAFETY,PASS,CONFORMING,,2026-06-07T13:00:00Z,2026-06-08T20:00:00Z
QC-00463-IDENTITY,BAT-00463,IDENTITY,OOT,BORDERLINE,,2026-06-11T02:00:00Z,2026-06-13T10:00:00Z
QC-00463-POTENCY,BAT-00463,POTENCY,PASS,64.1,AU,2026-06-10T23:00:00Z,2026-06-11T16:00:00Z
QC-00463-STERILITY,BAT-00463,STERILITY,PASS,NO_GROWTH,,2026-06-10T14:00:00Z,2026-06-11T16:00:00Z
QC-00463-VIABILITY,BAT-00463,VIABILITY,PASS,91.7,%,2026-06-11T08:00:00Z,2026-06-11T20:00:00Z
QC-00463-PURITY,BAT-00463,PURITY,PASS,CONFORMING,,2026-06-11T07:00:00Z,2026-06-11T18:00:00Z
QC-00463-SAFETY,BAT-00463,SAFETY,PASS,CONFORMING,,2026-06-11T00:00:00Z,2026-06-12T15:00:00Z
QC-00464-IDENTITY,BAT-00464,IDENTITY,PASS,CONFORMING,,2026-06-09T11:00:00Z,2026-06-10T22:00:00Z
QC-00464-POTENCY,BAT-00464,POTENCY,PASS,98.5,AU,2026-06-09T12:00:00Z,2026-06-10T20:00:00Z
QC-00464-STERILITY,BAT-00464,STERILITY,PASS,NO_GROWTH,,2026-06-09T20:00:00Z,2026-06-11T06:00:00Z
QC-00464-VIABILITY,BAT-00464,VIABILITY,OOS,65.3,%,2026-06-09T23:00:00Z,2026-06-12T01:00:00Z
QC-00464-PURITY,BAT-00464,PURITY,PASS,CONFORMING,,2026-06-09T09:00:00Z,2026-06-11T13:00:00Z
QC-00464-SAFETY,BAT-00464,SAFETY,OOT,BORDERLINE,,2026-06-10T04:00:00Z,2026-06-11T17:00:00Z
QC-00465-IDENTITY,BAT-00465,IDENTITY,PASS,CONFORMING,,2026-06-07T18:00:00Z,2026-06-08T03:00:00Z
QC-00465-POTENCY,BAT-00465,POTENCY,PASS,93.4,AU,2026-06-07T16:00:00Z,2026-06-08T03:00:00Z
QC-00465-STERILITY,BAT-00465,STERILITY,PASS,NO_GROWTH,,2026-06-07T17:00:00Z,2026-06-09T15:00:00Z
QC-00465-VIABILITY,BAT-00465,VIABILITY,PASS,95.4,%,2026-06-07T14:00:00Z,2026-06-08T15:00:00Z
QC-00465-PURITY,BAT-00465,PURITY,PASS,CONFORMING,,2026-06-07T23:00:00Z,2026-06-09T04:00:00Z
QC-00465-SAFETY,BAT-00465,SAFETY,PASS,CONFORMING,,2026-06-07T14:00:00Z,2026-06-08T22:00:00Z
QC-00466-IDENTITY,BAT-00466,IDENTITY,PASS,CONFORMING,,2026-06-15T00:00:00Z,2026-06-16T14:00:00Z
QC-00466-POTENCY,BAT-00466,POTENCY,PASS,97.7,AU,2026-06-14T17:00:00Z,2026-06-15T23:00:00Z
QC-00466-STERILITY,BAT-00466,STERILITY,PASS,NO_GROWTH,,2026-06-14T18:00:00Z,2026-06-16T19:00:00Z
QC-00466-VIABILITY,BAT-00466,VIABILITY,PASS,85.9,%,2026-06-14T16:00:00Z,2026-06-15T12:00:00Z
QC-00466-PURITY,BAT-00466,PURITY,PASS,CONFORMING,,2026-06-15T01:00:00Z,2026-06-16T02:00:00Z
QC-00466-SAFETY,BAT-00466,SAFETY,PASS,CONFORMING,,2026-06-15T01:00:00Z,2026-06-16T18:00:00Z
QC-00467-IDENTITY,BAT-00467,IDENTITY,PASS,CONFORMING,,2026-06-16T16:00:00Z,2026-06-17T13:00:00Z
QC-00467-POTENCY,BAT-00467,POTENCY,PASS,103.0,AU,2026-06-16T15:00:00Z,2026-06-18T20:00:00Z
QC-00467-STERILITY,BAT-00467,STERILITY,PENDING,PENDING,,2026-06-16T19:00:00Z,2026-06-18T12:00:00Z
QC-00467-VIABILITY,BAT-00467,VIABILITY,PASS,94.8,%,2026-06-15T22:00:00Z,2026-06-17T05:00:00Z
QC-00467-PURITY,BAT-00467,PURITY,PASS,CONFORMING,,2026-06-16T01:00:00Z,2026-06-17T01:00:00Z
QC-00467-SAFETY,BAT-00467,SAFETY,PASS,CONFORMING,,2026-06-16T10:00:00Z,2026-06-18T09:00:00Z
QC-00468-IDENTITY,BAT-00468,IDENTITY,PASS,CONFORMING,,2026-06-13T05:00:00Z,2026-06-15T20:00:00Z
QC-00468-POTENCY,BAT-00468,POTENCY,PASS,73.9,AU,2026-06-12T20:00:00Z,2026-06-14T07:00:00Z
QC-00468-STERILITY,BAT-00468,STERILITY,PASS,NO_GROWTH,,2026-06-13T08:00:00Z,2026-06-15T04:00:00Z
QC-00468-VIABILITY,BAT-00468,VIABILITY,PASS,91.8,%,2026-06-13T02:00:00Z,2026-06-15T10:00:00Z
QC-00468-PURITY,BAT-00468,PURITY,PASS,CONFORMING,,2026-06-13T04:00:00Z,2026-06-14T00:00:00Z
QC-00468-SAFETY,BAT-00468,SAFETY,OOT,BORDERLINE,,2026-06-13T10:00:00Z,2026-06-15T00:00:00Z
QC-00469-IDENTITY,BAT-00469,IDENTITY,PASS,CONFORMING,,2026-06-12T17:00:00Z,2026-06-15T04:00:00Z
QC-00469-POTENCY,BAT-00469,POTENCY,OOS,45.1,AU,2026-06-12T21:00:00Z,2026-06-14T03:00:00Z
QC-00469-STERILITY,BAT-00469,STERILITY,PENDING,PENDING,,2026-06-12T09:00:00Z,2026-06-14T10:00:00Z
QC-00469-VIABILITY,BAT-00469,VIABILITY,PASS,84.9,%,2026-06-12T17:00:00Z,2026-06-15T03:00:00Z
QC-00469-PURITY,BAT-00469,PURITY,PASS,CONFORMING,,2026-06-13T03:00:00Z,2026-06-14T06:00:00Z
QC-00469-SAFETY,BAT-00469,SAFETY,OOT,BORDERLINE,,2026-06-12T10:00:00Z,2026-06-14T04:00:00Z
QC-00470-IDENTITY,BAT-00470,IDENTITY,PASS,CONFORMING,,2026-06-16T17:00:00Z,2026-06-17T07:00:00Z
QC-00470-POTENCY,BAT-00470,POTENCY,PASS,81.3,AU,2026-06-16T09:00:00Z,2026-06-18T03:00:00Z
QC-00470-STERILITY,BAT-00470,STERILITY,PASS,NO_GROWTH,,2026-06-16T09:00:00Z,2026-06-18T00:00:00Z
QC-00470-VIABILITY,BAT-00470,VIABILITY,PASS,86.2,%,2026-06-16T12:00:00Z,2026-06-17T19:00:00Z
QC-00470-PURITY,BAT-00470,PURITY,PASS,CONFORMING,,2026-06-17T01:00:00Z,2026-06-18T18:00:00Z
QC-00470-SAFETY,BAT-00470,SAFETY,PASS,CONFORMING,,2026-06-16T09:00:00Z,2026-06-18T12:00:00Z
QC-00471-IDENTITY,BAT-00471,IDENTITY,OOT,BORDERLINE,,2026-06-16T07:00:00Z,2026-06-18T07:00:00Z
QC-00471-POTENCY,BAT-00471,POTENCY,PASS,83.7,AU,2026-06-16T14:00:00Z,2026-06-18T07:00:00Z
QC-00471-STERILITY,BAT-00471,STERILITY,PASS,NO_GROWTH,,2026-06-16T13:00:00Z,2026-06-17T22:00:00Z
QC-00471-VIABILITY,BAT-00471,VIABILITY,PASS,88.8,%,2026-06-16T18:00:00Z,2026-06-17T08:00:00Z
QC-00471-PURITY,BAT-00471,PURITY,PASS,CONFORMING,,2026-06-16T08:00:00Z,2026-06-18T00:00:00Z
QC-00471-SAFETY,BAT-00471,SAFETY,PASS,CONFORMING,,2026-06-16T10:00:00Z,2026-06-17T23:00:00Z
QC-00472-IDENTITY,BAT-00472,IDENTITY,PASS,CONFORMING,,2026-06-06T19:00:00Z,2026-06-09T00:00:00Z
QC-00472-POTENCY,BAT-00472,POTENCY,PASS,95.8,AU,2026-06-07T02:00:00Z,2026-06-08T08:00:00Z
QC-00472-STERILITY,BAT-00472,STERILITY,PENDING,PENDING,,2026-06-07T03:00:00Z,2026-06-09T07:00:00Z
QC-00472-VIABILITY,BAT-00472,VIABILITY,PASS,91.6,%,2026-06-07T06:00:00Z,2026-06-07T17:00:00Z
QC-00472-PURITY,BAT-00472,PURITY,PASS,CONFORMING,,2026-06-07T07:00:00Z,2026-06-08T16:00:00Z
QC-00472-SAFETY,BAT-00472,SAFETY,PASS,CONFORMING,,2026-06-07T00:00:00Z,2026-06-09T04:00:00Z
QC-00473-IDENTITY,BAT-00473,IDENTITY,PASS,CONFORMING,,2026-06-19T00:00:00Z,2026-06-20T10:00:00Z
QC-00473-POTENCY,BAT-00473,POTENCY,PASS,116.0,AU,2026-06-18T19:00:00Z,2026-06-20T18:00:00Z
QC-00473-STERILITY,BAT-00473,STERILITY,PASS,NO_GROWTH,,2026-06-19T06:00:00Z,2026-06-20T10:00:00Z
QC-00473-VIABILITY,BAT-00473,VIABILITY,PASS,92.6,%,2026-06-18T17:00:00Z,2026-06-20T19:00:00Z
QC-00473-PURITY,BAT-00473,PURITY,PASS,CONFORMING,,2026-06-18T22:00:00Z,2026-06-19T22:00:00Z
QC-00473-SAFETY,BAT-00473,SAFETY,OOT,BORDERLINE,,2026-06-19T02:00:00Z,2026-06-19T11:00:00Z
QC-00474-IDENTITY,BAT-00474,IDENTITY,PASS,CONFORMING,,2026-06-14T17:00:00Z,2026-06-17T03:00:00Z
QC-00474-POTENCY,BAT-00474,POTENCY,PASS,99.1,AU,2026-06-15T14:00:00Z,2026-06-17T05:00:00Z
QC-00474-STERILITY,BAT-00474,STERILITY,PASS,NO_GROWTH,,2026-06-15T07:00:00Z,2026-06-16T21:00:00Z
QC-00474-VIABILITY,BAT-00474,VIABILITY,OOS,67.3,%,2026-06-14T19:00:00Z,2026-06-17T17:00:00Z
QC-00474-PURITY,BAT-00474,PURITY,OOT,BORDERLINE,,2026-06-15T04:00:00Z,2026-06-17T12:00:00Z
QC-00474-SAFETY,BAT-00474,SAFETY,PASS,CONFORMING,,2026-06-14T22:00:00Z,2026-06-16T15:00:00Z
QC-00475-IDENTITY,BAT-00475,IDENTITY,PASS,CONFORMING,,2026-06-14T10:00:00Z,2026-06-15T02:00:00Z
QC-00475-POTENCY,BAT-00475,POTENCY,PASS,83.7,AU,2026-06-14T10:00:00Z,2026-06-15T00:00:00Z
QC-00475-STERILITY,BAT-00475,STERILITY,PASS,NO_GROWTH,,2026-06-14T12:00:00Z,2026-06-16T08:00:00Z
QC-00475-VIABILITY,BAT-00475,VIABILITY,PASS,72.8,%,2026-06-14T06:00:00Z,2026-06-15T06:00:00Z
QC-00475-PURITY,BAT-00475,PURITY,PASS,CONFORMING,,2026-06-14T04:00:00Z,2026-06-16T16:00:00Z
QC-00475-SAFETY,BAT-00475,SAFETY,OOT,BORDERLINE,,2026-06-14T01:00:00Z,2026-06-15T22:00:00Z
QC-00476-IDENTITY,BAT-00476,IDENTITY,OOT,BORDERLINE,,2026-06-14T17:00:00Z,2026-06-15T07:00:00Z
QC-00476-POTENCY,BAT-00476,POTENCY,PASS,55.3,AU,2026-06-14T21:00:00Z,2026-06-16T02:00:00Z
QC-00476-STERILITY,BAT-00476,STERILITY,PASS,NO_GROWTH,,2026-06-15T00:00:00Z,2026-06-16T17:00:00Z
QC-00476-VIABILITY,BAT-00476,VIABILITY,PASS,96.6,%,2026-06-14T05:00:00Z,2026-06-16T15:00:00Z
QC-00476-PURITY,BAT-00476,PURITY,PASS,CONFORMING,,2026-06-14T06:00:00Z,2026-06-15T07:00:00Z
QC-00476-SAFETY,BAT-00476,SAFETY,PASS,CONFORMING,,2026-06-14T13:00:00Z,2026-06-16T12:00:00Z
QC-00477-IDENTITY,BAT-00477,IDENTITY,PASS,CONFORMING,,2026-06-13T16:00:00Z,2026-06-15T12:00:00Z
QC-00477-POTENCY,BAT-00477,POTENCY,OOS,49.5,AU,2026-06-13T02:00:00Z,2026-06-15T06:00:00Z
QC-00477-STERILITY,BAT-00477,STERILITY,PENDING,PENDING,,2026-06-13T13:00:00Z,2026-06-14T09:00:00Z
QC-00477-VIABILITY,BAT-00477,VIABILITY,PASS,87.1,%,2026-06-13T04:00:00Z,2026-06-14T17:00:00Z
QC-00477-PURITY,BAT-00477,PURITY,PASS,CONFORMING,,2026-06-13T11:00:00Z,2026-06-14T00:00:00Z
QC-00477-SAFETY,BAT-00477,SAFETY,PASS,CONFORMING,,2026-06-13T02:00:00Z,2026-06-14T19:00:00Z
QC-00478-IDENTITY,BAT-00478,IDENTITY,PASS,CONFORMING,,2026-06-17T13:00:00Z,2026-06-19T23:00:00Z
QC-00478-POTENCY,BAT-00478,POTENCY,PASS,79.0,AU,2026-06-17T22:00:00Z,2026-06-18T18:00:00Z
QC-00478-STERILITY,BAT-00478,STERILITY,PASS,NO_GROWTH,,2026-06-18T11:00:00Z,2026-06-19T04:00:00Z
QC-00478-VIABILITY,BAT-00478,VIABILITY,PASS,71.2,%,2026-06-17T14:00:00Z,2026-06-19T19:00:00Z
QC-00478-PURITY,BAT-00478,PURITY,PASS,CONFORMING,,2026-06-17T22:00:00Z,2026-06-19T22:00:00Z
QC-00478-SAFETY,BAT-00478,SAFETY,PASS,CONFORMING,,2026-06-18T00:00:00Z,2026-06-19T18:00:00Z
QC-00479-IDENTITY,BAT-00479,IDENTITY,PASS,CONFORMING,,2026-06-12T20:00:00Z,2026-06-13T16:00:00Z
QC-00479-POTENCY,BAT-00479,POTENCY,OOS,42.1,AU,2026-06-12T13:00:00Z,2026-06-13T22:00:00Z
QC-00479-STERILITY,BAT-00479,STERILITY,PASS,NO_GROWTH,,2026-06-13T04:00:00Z,2026-06-13T15:00:00Z
QC-00479-VIABILITY,BAT-00479,VIABILITY,PASS,71.2,%,2026-06-13T00:00:00Z,2026-06-14T22:00:00Z
QC-00479-PURITY,BAT-00479,PURITY,PASS,CONFORMING,,2026-06-13T03:00:00Z,2026-06-15T07:00:00Z
QC-00479-SAFETY,BAT-00479,SAFETY,OOT,BORDERLINE,,2026-06-12T23:00:00Z,2026-06-14T00:00:00Z
QC-00480-IDENTITY,BAT-00480,IDENTITY,OOT,BORDERLINE,,2026-06-12T15:00:00Z,2026-06-15T06:00:00Z
QC-00480-POTENCY,BAT-00480,POTENCY,OOS,43.3,AU,2026-06-12T18:00:00Z,2026-06-14T09:00:00Z
QC-00480-STERILITY,BAT-00480,STERILITY,PENDING,PENDING,,2026-06-12T21:00:00Z,2026-06-15T07:00:00Z
QC-00480-VIABILITY,BAT-00480,VIABILITY,PASS,96.1,%,2026-06-13T06:00:00Z,2026-06-14T17:00:00Z
QC-00480-PURITY,BAT-00480,PURITY,PASS,CONFORMING,,2026-06-13T03:00:00Z,2026-06-14T00:00:00Z
QC-00480-SAFETY,BAT-00480,SAFETY,PASS,CONFORMING,,2026-06-13T06:00:00Z,2026-06-15T01:00:00Z
QC-00481-IDENTITY,BAT-00481,IDENTITY,PASS,CONFORMING,,2026-06-18T08:00:00Z,2026-06-19T23:00:00Z
QC-00481-POTENCY,BAT-00481,POTENCY,PASS,117.8,AU,2026-06-18T09:00:00Z,2026-06-20T03:00:00Z
QC-00481-STERILITY,BAT-00481,STERILITY,PENDING,PENDING,,2026-06-18T21:00:00Z,2026-06-19T14:00:00Z
QC-00481-VIABILITY,BAT-00481,VIABILITY,OOS,65.0,%,2026-06-19T05:00:00Z,2026-06-20T20:00:00Z
QC-00481-PURITY,BAT-00481,PURITY,OOT,BORDERLINE,,2026-06-18T13:00:00Z,2026-06-20T21:00:00Z
QC-00481-SAFETY,BAT-00481,SAFETY,OOT,BORDERLINE,,2026-06-18T21:00:00Z,2026-06-20T20:00:00Z
QC-00482-IDENTITY,BAT-00482,IDENTITY,PASS,CONFORMING,,2026-06-16T14:00:00Z,2026-06-17T23:00:00Z
QC-00482-POTENCY,BAT-00482,POTENCY,PASS,59.0,AU,2026-06-16T09:00:00Z,2026-06-17T02:00:00Z
QC-00482-STERILITY,BAT-00482,STERILITY,PASS,NO_GROWTH,,2026-06-16T14:00:00Z,2026-06-17T18:00:00Z
QC-00482-VIABILITY,BAT-00482,VIABILITY,PASS,80.9,%,2026-06-16T10:00:00Z,2026-06-18T03:00:00Z
QC-00482-PURITY,BAT-00482,PURITY,PASS,CONFORMING,,2026-06-16T04:00:00Z,2026-06-17T09:00:00Z
QC-00482-SAFETY,BAT-00482,SAFETY,PASS,CONFORMING,,2026-06-16T01:00:00Z,2026-06-17T07:00:00Z
QC-00483-IDENTITY,BAT-00483,IDENTITY,OOT,BORDERLINE,,2026-06-13T05:00:00Z,2026-06-14T07:00:00Z
QC-00483-POTENCY,BAT-00483,POTENCY,OOS,41.5,AU,2026-06-13T11:00:00Z,2026-06-13T19:00:00Z
QC-00483-STERILITY,BAT-00483,STERILITY,PASS,NO_GROWTH,,2026-06-12T20:00:00Z,2026-06-15T08:00:00Z
QC-00483-VIABILITY,BAT-00483,VIABILITY,PASS,94.7,%,2026-06-13T10:00:00Z,2026-06-14T17:00:00Z
QC-00483-PURITY,BAT-00483,PURITY,PASS,CONFORMING,,2026-06-13T00:00:00Z,2026-06-14T23:00:00Z
QC-00483-SAFETY,BAT-00483,SAFETY,PASS,CONFORMING,,2026-06-13T12:00:00Z,2026-06-14T13:00:00Z
QC-00484-IDENTITY,BAT-00484,IDENTITY,PASS,CONFORMING,,2026-06-15T22:00:00Z,2026-06-16T21:00:00Z
QC-00484-POTENCY,BAT-00484,POTENCY,PASS,70.6,AU,2026-06-16T02:00:00Z,2026-06-17T12:00:00Z
QC-00484-STERILITY,BAT-00484,STERILITY,PASS,NO_GROWTH,,2026-06-15T07:00:00Z,2026-06-17T01:00:00Z
QC-00484-VIABILITY,BAT-00484,VIABILITY,PASS,87.6,%,2026-06-15T11:00:00Z,2026-06-18T05:00:00Z
QC-00484-PURITY,BAT-00484,PURITY,PASS,CONFORMING,,2026-06-15T07:00:00Z,2026-06-16T21:00:00Z
QC-00484-SAFETY,BAT-00484,SAFETY,PASS,CONFORMING,,2026-06-15T15:00:00Z,2026-06-16T09:00:00Z
QC-00485-IDENTITY,BAT-00485,IDENTITY,PASS,CONFORMING,,2026-06-17T23:00:00Z,2026-06-19T18:00:00Z
QC-00485-POTENCY,BAT-00485,POTENCY,PASS,66.3,AU,2026-06-17T10:00:00Z,2026-06-18T08:00:00Z
QC-00485-STERILITY,BAT-00485,STERILITY,PASS,NO_GROWTH,,2026-06-17T18:00:00Z,2026-06-19T16:00:00Z
QC-00485-VIABILITY,BAT-00485,VIABILITY,OOS,66.3,%,2026-06-17T08:00:00Z,2026-06-18T22:00:00Z
QC-00485-PURITY,BAT-00485,PURITY,PASS,CONFORMING,,2026-06-17T06:00:00Z,2026-06-19T04:00:00Z
QC-00485-SAFETY,BAT-00485,SAFETY,PASS,CONFORMING,,2026-06-17T14:00:00Z,2026-06-18T15:00:00Z
QC-00486-IDENTITY,BAT-00486,IDENTITY,OOT,BORDERLINE,,2026-06-20T01:00:00Z,2026-06-21T13:00:00Z
QC-00486-POTENCY,BAT-00486,POTENCY,PASS,62.6,AU,2026-06-20T18:00:00Z,2026-06-21T08:00:00Z
QC-00486-STERILITY,BAT-00486,STERILITY,PASS,NO_GROWTH,,2026-06-19T23:00:00Z,2026-06-21T13:00:00Z
QC-00486-VIABILITY,BAT-00486,VIABILITY,PASS,82.3,%,2026-06-20T08:00:00Z,2026-06-21T09:00:00Z
QC-00486-PURITY,BAT-00486,PURITY,OOT,BORDERLINE,,2026-06-20T11:00:00Z,2026-06-21T12:00:00Z
QC-00486-SAFETY,BAT-00486,SAFETY,OOT,BORDERLINE,,2026-06-20T09:00:00Z,2026-06-21T02:00:00Z
QC-00487-IDENTITY,BAT-00487,IDENTITY,OOT,BORDERLINE,,2026-06-21T06:00:00Z,2026-06-23T18:00:00Z
QC-00487-POTENCY,BAT-00487,POTENCY,PASS,72.6,AU,2026-06-21T06:00:00Z,2026-06-22T13:00:00Z
QC-00487-STERILITY,BAT-00487,STERILITY,PASS,NO_GROWTH,,2026-06-21T10:00:00Z,2026-06-22T02:00:00Z
QC-00487-VIABILITY,BAT-00487,VIABILITY,PASS,80.8,%,2026-06-21T03:00:00Z,2026-06-22T09:00:00Z
QC-00487-PURITY,BAT-00487,PURITY,PASS,CONFORMING,,2026-06-21T11:00:00Z,2026-06-23T04:00:00Z
QC-00487-SAFETY,BAT-00487,SAFETY,OOT,BORDERLINE,,2026-06-21T11:00:00Z,2026-06-23T13:00:00Z
QC-00488-IDENTITY,BAT-00488,IDENTITY,OOT,BORDERLINE,,2026-06-14T07:00:00Z,2026-06-16T02:00:00Z
QC-00488-POTENCY,BAT-00488,POTENCY,PASS,70.0,AU,2026-06-13T21:00:00Z,2026-06-14T19:00:00Z
QC-00488-STERILITY,BAT-00488,STERILITY,PASS,NO_GROWTH,,2026-06-13T12:00:00Z,2026-06-15T09:00:00Z
QC-00488-VIABILITY,BAT-00488,VIABILITY,OOS,67.4,%,2026-06-13T11:00:00Z,2026-06-15T20:00:00Z
QC-00488-PURITY,BAT-00488,PURITY,OOT,BORDERLINE,,2026-06-13T21:00:00Z,2026-06-15T21:00:00Z
QC-00488-SAFETY,BAT-00488,SAFETY,PASS,CONFORMING,,2026-06-13T20:00:00Z,2026-06-14T17:00:00Z
QC-00489-IDENTITY,BAT-00489,IDENTITY,PASS,CONFORMING,,2026-06-14T16:00:00Z,2026-06-16T11:00:00Z
QC-00489-POTENCY,BAT-00489,POTENCY,PASS,51.9,AU,2026-06-14T13:00:00Z,2026-06-16T09:00:00Z
QC-00489-STERILITY,BAT-00489,STERILITY,PASS,NO_GROWTH,,2026-06-15T03:00:00Z,2026-06-16T12:00:00Z
QC-00489-VIABILITY,BAT-00489,VIABILITY,PASS,73.8,%,2026-06-15T03:00:00Z,2026-06-16T08:00:00Z
QC-00489-PURITY,BAT-00489,PURITY,PASS,CONFORMING,,2026-06-14T16:00:00Z,2026-06-16T08:00:00Z
QC-00489-SAFETY,BAT-00489,SAFETY,OOT,BORDERLINE,,2026-06-14T13:00:00Z,2026-06-16T05:00:00Z
QC-00490-IDENTITY,BAT-00490,IDENTITY,PASS,CONFORMING,,2026-06-12T14:00:00Z,2026-06-14T01:00:00Z
QC-00490-POTENCY,BAT-00490,POTENCY,PASS,93.2,AU,2026-06-12T22:00:00Z,2026-06-14T10:00:00Z
QC-00490-STERILITY,BAT-00490,STERILITY,PASS,NO_GROWTH,,2026-06-12T17:00:00Z,2026-06-13T23:00:00Z
QC-00490-VIABILITY,BAT-00490,VIABILITY,PASS,72.0,%,2026-06-12T22:00:00Z,2026-06-14T23:00:00Z
QC-00490-PURITY,BAT-00490,PURITY,OOT,BORDERLINE,,2026-06-13T03:00:00Z,2026-06-13T20:00:00Z
QC-00490-SAFETY,BAT-00490,SAFETY,PASS,CONFORMING,,2026-06-12T15:00:00Z,2026-06-14T11:00:00Z
QC-00491-IDENTITY,BAT-00491,IDENTITY,OOT,BORDERLINE,,2026-06-20T16:00:00Z,2026-06-22T05:00:00Z
QC-00491-POTENCY,BAT-00491,POTENCY,OOS,41.7,AU,2026-06-20T18:00:00Z,2026-06-22T00:00:00Z
QC-00491-STERILITY,BAT-00491,STERILITY,PASS,NO_GROWTH,,2026-06-20T17:00:00Z,2026-06-21T06:00:00Z
QC-00491-VIABILITY,BAT-00491,VIABILITY,OOS,67.5,%,2026-06-20T17:00:00Z,2026-06-22T16:00:00Z
QC-00491-PURITY,BAT-00491,PURITY,PASS,CONFORMING,,2026-06-21T03:00:00Z,2026-06-22T07:00:00Z
QC-00491-SAFETY,BAT-00491,SAFETY,PASS,CONFORMING,,2026-06-21T00:00:00Z,2026-06-22T23:00:00Z
QC-00492-IDENTITY,BAT-00492,IDENTITY,PASS,CONFORMING,,2026-06-15T09:00:00Z,2026-06-17T07:00:00Z
QC-00492-POTENCY,BAT-00492,POTENCY,PASS,111.3,AU,2026-06-15T13:00:00Z,2026-06-17T23:00:00Z
QC-00492-STERILITY,BAT-00492,STERILITY,PASS,NO_GROWTH,,2026-06-15T22:00:00Z,2026-06-16T09:00:00Z
QC-00492-VIABILITY,BAT-00492,VIABILITY,PASS,88.9,%,2026-06-15T02:00:00Z,2026-06-16T15:00:00Z
QC-00492-PURITY,BAT-00492,PURITY,PASS,CONFORMING,,2026-06-15T22:00:00Z,2026-06-17T06:00:00Z
QC-00492-SAFETY,BAT-00492,SAFETY,PASS,CONFORMING,,2026-06-15T18:00:00Z,2026-06-17T17:00:00Z
QC-00493-IDENTITY,BAT-00493,IDENTITY,PASS,CONFORMING,,2026-06-19T04:00:00Z,2026-06-21T07:00:00Z
QC-00493-POTENCY,BAT-00493,POTENCY,PASS,52.3,AU,2026-06-19T04:00:00Z,2026-06-21T06:00:00Z
QC-00493-STERILITY,BAT-00493,STERILITY,PASS,NO_GROWTH,,2026-06-18T12:00:00Z,2026-06-20T18:00:00Z
QC-00493-VIABILITY,BAT-00493,VIABILITY,PASS,73.6,%,2026-06-19T10:00:00Z,2026-06-21T07:00:00Z
QC-00493-PURITY,BAT-00493,PURITY,OOT,BORDERLINE,,2026-06-19T04:00:00Z,2026-06-20T16:00:00Z
QC-00493-SAFETY,BAT-00493,SAFETY,PASS,CONFORMING,,2026-06-18T19:00:00Z,2026-06-21T01:00:00Z
QC-00494-IDENTITY,BAT-00494,IDENTITY,PASS,CONFORMING,,2026-06-19T05:00:00Z,2026-06-20T01:00:00Z
QC-00494-POTENCY,BAT-00494,POTENCY,PASS,111.5,AU,2026-06-19T01:00:00Z,2026-06-21T08:00:00Z
QC-00494-STERILITY,BAT-00494,STERILITY,PASS,NO_GROWTH,,2026-06-19T09:00:00Z,2026-06-21T14:00:00Z
QC-00494-VIABILITY,BAT-00494,VIABILITY,PASS,81.1,%,2026-06-19T12:00:00Z,2026-06-21T13:00:00Z
QC-00494-PURITY,BAT-00494,PURITY,PASS,CONFORMING,,2026-06-18T22:00:00Z,2026-06-21T00:00:00Z
QC-00494-SAFETY,BAT-00494,SAFETY,PASS,CONFORMING,,2026-06-19T10:00:00Z,2026-06-20T08:00:00Z
QC-00495-IDENTITY,BAT-00495,IDENTITY,PASS,CONFORMING,,2026-06-16T10:00:00Z,2026-06-17T17:00:00Z
QC-00495-POTENCY,BAT-00495,POTENCY,PASS,85.4,AU,2026-06-16T14:00:00Z,2026-06-17T05:00:00Z
QC-00495-STERILITY,BAT-00495,STERILITY,PASS,NO_GROWTH,,2026-06-16T03:00:00Z,2026-06-17T08:00:00Z
QC-00495-VIABILITY,BAT-00495,VIABILITY,PASS,80.4,%,2026-06-16T05:00:00Z,2026-06-17T16:00:00Z
QC-00495-PURITY,BAT-00495,PURITY,PASS,CONFORMING,,2026-06-16T02:00:00Z,2026-06-18T16:00:00Z
QC-00495-SAFETY,BAT-00495,SAFETY,PASS,CONFORMING,,2026-06-16T21:00:00Z,2026-06-18T23:00:00Z
QC-00496-IDENTITY,BAT-00496,IDENTITY,PASS,CONFORMING,,2026-06-16T06:00:00Z,2026-06-18T04:00:00Z
QC-00496-POTENCY,BAT-00496,POTENCY,OOS,48.5,AU,2026-06-16T00:00:00Z,2026-06-18T11:00:00Z
QC-00496-STERILITY,BAT-00496,STERILITY,PASS,NO_GROWTH,,2026-06-16T17:00:00Z,2026-06-17T23:00:00Z
QC-00496-VIABILITY,BAT-00496,VIABILITY,PASS,88.2,%,2026-06-16T15:00:00Z,2026-06-17T13:00:00Z
QC-00496-PURITY,BAT-00496,PURITY,PASS,CONFORMING,,2026-06-16T15:00:00Z,2026-06-18T20:00:00Z
QC-00496-SAFETY,BAT-00496,SAFETY,PASS,CONFORMING,,2026-06-16T19:00:00Z,2026-06-17T04:00:00Z
QC-00497-IDENTITY,BAT-00497,IDENTITY,PASS,CONFORMING,,2026-06-24T11:00:00Z,2026-06-26T09:00:00Z
QC-00497-POTENCY,BAT-00497,POTENCY,PASS,55.1,AU,2026-06-24T09:00:00Z,2026-06-25T11:00:00Z
QC-00497-STERILITY,BAT-00497,STERILITY,PASS,NO_GROWTH,,2026-06-23T22:00:00Z,2026-06-26T13:00:00Z
QC-00497-VIABILITY,BAT-00497,VIABILITY,PASS,70.5,%,2026-06-24T12:00:00Z,2026-06-26T16:00:00Z
QC-00497-PURITY,BAT-00497,PURITY,PASS,CONFORMING,,2026-06-24T08:00:00Z,2026-06-26T13:00:00Z
QC-00497-SAFETY,BAT-00497,SAFETY,PASS,CONFORMING,,2026-06-24T12:00:00Z,2026-06-25T06:00:00Z
QC-00498-IDENTITY,BAT-00498,IDENTITY,PASS,CONFORMING,,2026-06-18T11:00:00Z,2026-06-20T11:00:00Z
QC-00498-POTENCY,BAT-00498,POTENCY,PASS,110.9,AU,2026-06-18T13:00:00Z,2026-06-21T03:00:00Z
QC-00498-STERILITY,BAT-00498,STERILITY,PENDING,PENDING,,2026-06-19T06:00:00Z,2026-06-20T21:00:00Z
QC-00498-VIABILITY,BAT-00498,VIABILITY,PASS,73.2,%,2026-06-18T09:00:00Z,2026-06-20T20:00:00Z
QC-00498-PURITY,BAT-00498,PURITY,PASS,CONFORMING,,2026-06-19T01:00:00Z,2026-06-21T02:00:00Z
QC-00498-SAFETY,BAT-00498,SAFETY,PASS,CONFORMING,,2026-06-19T00:00:00Z,2026-06-20T10:00:00Z
QC-00499-IDENTITY,BAT-00499,IDENTITY,PASS,CONFORMING,,2026-06-24T10:00:00Z,2026-06-25T01:00:00Z
QC-00499-POTENCY,BAT-00499,POTENCY,PASS,61.0,AU,2026-06-24T06:00:00Z,2026-06-25T15:00:00Z
QC-00499-STERILITY,BAT-00499,STERILITY,PENDING,PENDING,,2026-06-24T03:00:00Z,2026-06-25T22:00:00Z
QC-00499-VIABILITY,BAT-00499,VIABILITY,PASS,92.8,%,2026-06-23T20:00:00Z,2026-06-24T19:00:00Z
QC-00499-PURITY,BAT-00499,PURITY,PASS,CONFORMING,,2026-06-23T15:00:00Z,2026-06-25T16:00:00Z
QC-00499-SAFETY,BAT-00499,SAFETY,OOT,BORDERLINE,,2026-06-24T02:00:00Z,2026-06-26T07:00:00Z
QC-00500-IDENTITY,BAT-00500,IDENTITY,PASS,CONFORMING,,2026-06-17T09:00:00Z,2026-06-19T15:00:00Z
QC-00500-POTENCY,BAT-00500,POTENCY,PASS,99.4,AU,2026-06-17T17:00:00Z,2026-06-18T18:00:00Z
QC-00500-STERILITY,BAT-00500,STERILITY,PENDING,PENDING,,2026-06-17T18:00:00Z,2026-06-19T04:00:00Z
QC-00500-VIABILITY,BAT-00500,VIABILITY,PASS,77.8,%,2026-06-17T21:00:00Z,2026-06-18T16:00:00Z
QC-00500-PURITY,BAT-00500,PURITY,OOT,BORDERLINE,,2026-06-17T17:00:00Z,2026-06-18T23:00:00Z
QC-00500-SAFETY,BAT-00500,SAFETY,OOT,BORDERLINE,,2026-06-17T14:00:00Z,2026-06-19T06:00:00Z
QC-00501-IDENTITY,BAT-00501,IDENTITY,PASS,CONFORMING,,2026-06-20T04:00:00Z,2026-06-22T03:00:00Z
QC-00501-POTENCY,BAT-00501,POTENCY,PASS,102.2,AU,2026-06-21T01:00:00Z,2026-06-22T03:00:00Z
QC-00501-STERILITY,BAT-00501,STERILITY,PENDING,PENDING,,2026-06-20T23:00:00Z,2026-06-23T00:00:00Z
QC-00501-VIABILITY,BAT-00501,VIABILITY,OOS,69.6,%,2026-06-20T12:00:00Z,2026-06-23T01:00:00Z
QC-00501-PURITY,BAT-00501,PURITY,PASS,CONFORMING,,2026-06-20T20:00:00Z,2026-06-21T08:00:00Z
QC-00501-SAFETY,BAT-00501,SAFETY,PASS,CONFORMING,,2026-06-20T13:00:00Z,2026-06-21T19:00:00Z
QC-00502-IDENTITY,BAT-00502,IDENTITY,PASS,CONFORMING,,2026-06-21T08:00:00Z,2026-06-23T02:00:00Z
QC-00502-POTENCY,BAT-00502,POTENCY,PASS,51.2,AU,2026-06-21T12:00:00Z,2026-06-22T13:00:00Z
QC-00502-STERILITY,BAT-00502,STERILITY,PASS,NO_GROWTH,,2026-06-21T10:00:00Z,2026-06-23T09:00:00Z
QC-00502-VIABILITY,BAT-00502,VIABILITY,PASS,75.5,%,2026-06-20T19:00:00Z,2026-06-22T14:00:00Z
QC-00502-PURITY,BAT-00502,PURITY,PASS,CONFORMING,,2026-06-21T14:00:00Z,2026-06-22T14:00:00Z
QC-00502-SAFETY,BAT-00502,SAFETY,PASS,CONFORMING,,2026-06-21T09:00:00Z,2026-06-22T21:00:00Z
QC-00503-IDENTITY,BAT-00503,IDENTITY,PASS,CONFORMING,,2026-06-21T07:00:00Z,2026-06-22T21:00:00Z
QC-00503-POTENCY,BAT-00503,POTENCY,PASS,52.7,AU,2026-06-20T23:00:00Z,2026-06-23T07:00:00Z
QC-00503-STERILITY,BAT-00503,STERILITY,PASS,NO_GROWTH,,2026-06-21T13:00:00Z,2026-06-23T19:00:00Z
QC-00503-VIABILITY,BAT-00503,VIABILITY,PASS,71.0,%,2026-06-21T16:00:00Z,2026-06-23T18:00:00Z
QC-00503-PURITY,BAT-00503,PURITY,PASS,CONFORMING,,2026-06-21T22:00:00Z,2026-06-22T20:00:00Z
QC-00503-SAFETY,BAT-00503,SAFETY,PASS,CONFORMING,,2026-06-21T18:00:00Z,2026-06-22T16:00:00Z
QC-00504-IDENTITY,BAT-00504,IDENTITY,PASS,CONFORMING,,2026-06-18T17:00:00Z,2026-06-20T11:00:00Z
QC-00504-POTENCY,BAT-00504,POTENCY,OOS,49.2,AU,2026-06-18T14:00:00Z,2026-06-19T14:00:00Z
QC-00504-STERILITY,BAT-00504,STERILITY,PENDING,PENDING,,2026-06-18T06:00:00Z,2026-06-19T10:00:00Z
QC-00504-VIABILITY,BAT-00504,VIABILITY,PASS,70.5,%,2026-06-18T09:00:00Z,2026-06-21T00:00:00Z
QC-00504-PURITY,BAT-00504,PURITY,PASS,CONFORMING,,2026-06-18T02:00:00Z,2026-06-19T14:00:00Z
QC-00504-SAFETY,BAT-00504,SAFETY,PASS,CONFORMING,,2026-06-19T00:00:00Z,2026-06-20T19:00:00Z
QC-00505-IDENTITY,BAT-00505,IDENTITY,OOT,BORDERLINE,,2026-06-21T09:00:00Z,2026-06-22T04:00:00Z
QC-00505-POTENCY,BAT-00505,POTENCY,PASS,89.6,AU,2026-06-21T18:00:00Z,2026-06-23T09:00:00Z
QC-00505-STERILITY,BAT-00505,STERILITY,PASS,NO_GROWTH,,2026-06-21T20:00:00Z,2026-06-22T17:00:00Z
QC-00505-VIABILITY,BAT-00505,VIABILITY,PASS,92.9,%,2026-06-21T14:00:00Z,2026-06-23T02:00:00Z
QC-00505-PURITY,BAT-00505,PURITY,PASS,CONFORMING,,2026-06-21T21:00:00Z,2026-06-22T08:00:00Z
QC-00505-SAFETY,BAT-00505,SAFETY,PASS,CONFORMING,,2026-06-21T16:00:00Z,2026-06-22T03:00:00Z
QC-00506-IDENTITY,BAT-00506,IDENTITY,PASS,CONFORMING,,2026-06-25T03:00:00Z,2026-06-25T16:00:00Z
QC-00506-POTENCY,BAT-00506,POTENCY,PASS,109.4,AU,2026-06-25T02:00:00Z,2026-06-26T03:00:00Z
QC-00506-STERILITY,BAT-00506,STERILITY,PENDING,PENDING,,2026-06-24T18:00:00Z,2026-06-26T12:00:00Z
QC-00506-VIABILITY,BAT-00506,VIABILITY,PASS,74.9,%,2026-06-25T07:00:00Z,2026-06-26T01:00:00Z
QC-00506-PURITY,BAT-00506,PURITY,PASS,CONFORMING,,2026-06-24T18:00:00Z,2026-06-25T17:00:00Z
QC-00506-SAFETY,BAT-00506,SAFETY,PASS,CONFORMING,,2026-06-25T04:00:00Z,2026-06-27T06:00:00Z
QC-00507-IDENTITY,BAT-00507,IDENTITY,PASS,CONFORMING,,2026-06-22T00:00:00Z,2026-06-23T07:00:00Z
QC-00507-POTENCY,BAT-00507,POTENCY,PASS,94.6,AU,2026-06-21T22:00:00Z,2026-06-23T02:00:00Z
QC-00507-STERILITY,BAT-00507,STERILITY,PASS,NO_GROWTH,,2026-06-21T23:00:00Z,2026-06-23T23:00:00Z
QC-00507-VIABILITY,BAT-00507,VIABILITY,PASS,95.1,%,2026-06-22T09:00:00Z,2026-06-24T13:00:00Z
QC-00507-PURITY,BAT-00507,PURITY,PASS,CONFORMING,,2026-06-22T10:00:00Z,2026-06-23T13:00:00Z
QC-00507-SAFETY,BAT-00507,SAFETY,PASS,CONFORMING,,2026-06-22T06:00:00Z,2026-06-24T04:00:00Z
QC-00508-IDENTITY,BAT-00508,IDENTITY,PASS,CONFORMING,,2026-06-23T06:00:00Z,2026-06-24T13:00:00Z
QC-00508-POTENCY,BAT-00508,POTENCY,PASS,90.1,AU,2026-06-22T19:00:00Z,2026-06-25T17:00:00Z
QC-00508-STERILITY,BAT-00508,STERILITY,PENDING,PENDING,,2026-06-23T03:00:00Z,2026-06-24T04:00:00Z
QC-00508-VIABILITY,BAT-00508,VIABILITY,PASS,79.5,%,2026-06-23T10:00:00Z,2026-06-25T12:00:00Z
QC-00508-PURITY,BAT-00508,PURITY,PASS,CONFORMING,,2026-06-23T09:00:00Z,2026-06-24T09:00:00Z
QC-00508-SAFETY,BAT-00508,SAFETY,PASS,CONFORMING,,2026-06-23T00:00:00Z,2026-06-25T03:00:00Z
QC-00509-IDENTITY,BAT-00509,IDENTITY,PASS,CONFORMING,,2026-06-18T00:00:00Z,2026-06-19T02:00:00Z
QC-00509-POTENCY,BAT-00509,POTENCY,PASS,61.1,AU,2026-06-18T04:00:00Z,2026-06-20T02:00:00Z
QC-00509-STERILITY,BAT-00509,STERILITY,PASS,NO_GROWTH,,2026-06-18T20:00:00Z,2026-06-19T09:00:00Z
QC-00509-VIABILITY,BAT-00509,VIABILITY,PASS,74.0,%,2026-06-18T03:00:00Z,2026-06-19T05:00:00Z
QC-00509-PURITY,BAT-00509,PURITY,OOT,BORDERLINE,,2026-06-18T14:00:00Z,2026-06-20T04:00:00Z
QC-00509-SAFETY,BAT-00509,SAFETY,OOT,BORDERLINE,,2026-06-18T05:00:00Z,2026-06-19T09:00:00Z
QC-00510-IDENTITY,BAT-00510,IDENTITY,PASS,CONFORMING,,2026-06-29T15:00:00Z,2026-07-02T01:00:00Z
QC-00510-POTENCY,BAT-00510,POTENCY,PASS,57.4,AU,2026-06-29T22:00:00Z,2026-06-30T13:00:00Z
QC-00510-STERILITY,BAT-00510,STERILITY,PASS,NO_GROWTH,,2026-06-29T20:00:00Z,2026-06-30T05:00:00Z
QC-00510-VIABILITY,BAT-00510,VIABILITY,PASS,81.1,%,2026-06-29T04:00:00Z,2026-07-02T02:00:00Z
QC-00510-PURITY,BAT-00510,PURITY,PASS,CONFORMING,,2026-06-29T19:00:00Z,2026-07-01T13:00:00Z
QC-00510-SAFETY,BAT-00510,SAFETY,OOT,BORDERLINE,,2026-06-29T21:00:00Z,2026-06-30T12:00:00Z
QC-00511-IDENTITY,BAT-00511,IDENTITY,PASS,CONFORMING,,2026-06-23T18:00:00Z,2026-06-25T17:00:00Z
QC-00511-POTENCY,BAT-00511,POTENCY,PASS,85.9,AU,2026-06-23T18:00:00Z,2026-06-25T16:00:00Z
QC-00511-STERILITY,BAT-00511,STERILITY,PASS,NO_GROWTH,,2026-06-23T13:00:00Z,2026-06-26T11:00:00Z
QC-00511-VIABILITY,BAT-00511,VIABILITY,PASS,96.6,%,2026-06-23T17:00:00Z,2026-06-24T16:00:00Z
QC-00511-PURITY,BAT-00511,PURITY,PASS,CONFORMING,,2026-06-23T22:00:00Z,2026-06-26T02:00:00Z
QC-00511-SAFETY,BAT-00511,SAFETY,OOT,BORDERLINE,,2026-06-24T05:00:00Z,2026-06-25T05:00:00Z
QC-00512-IDENTITY,BAT-00512,IDENTITY,PASS,CONFORMING,,2026-06-24T20:00:00Z,2026-06-26T09:00:00Z
QC-00512-POTENCY,BAT-00512,POTENCY,PASS,55.0,AU,2026-06-25T03:00:00Z,2026-06-25T23:00:00Z
QC-00512-STERILITY,BAT-00512,STERILITY,PENDING,PENDING,,2026-06-25T07:00:00Z,2026-06-26T11:00:00Z
QC-00512-VIABILITY,BAT-00512,VIABILITY,PASS,84.5,%,2026-06-25T06:00:00Z,2026-06-26T08:00:00Z
QC-00512-PURITY,BAT-00512,PURITY,PASS,CONFORMING,,2026-06-24T16:00:00Z,2026-06-26T20:00:00Z
QC-00512-SAFETY,BAT-00512,SAFETY,OOT,BORDERLINE,,2026-06-25T03:00:00Z,2026-06-26T04:00:00Z
QC-00513-IDENTITY,BAT-00513,IDENTITY,OOT,BORDERLINE,,2026-06-28T18:00:00Z,2026-06-29T18:00:00Z
QC-00513-POTENCY,BAT-00513,POTENCY,PASS,54.1,AU,2026-06-29T01:00:00Z,2026-06-30T15:00:00Z
QC-00513-STERILITY,BAT-00513,STERILITY,PENDING,PENDING,,2026-06-29T02:00:00Z,2026-07-01T13:00:00Z
QC-00513-VIABILITY,BAT-00513,VIABILITY,PASS,79.4,%,2026-06-28T17:00:00Z,2026-06-30T10:00:00Z
QC-00513-PURITY,BAT-00513,PURITY,PASS,CONFORMING,,2026-06-28T15:00:00Z,2026-06-30T07:00:00Z
QC-00513-SAFETY,BAT-00513,SAFETY,OOT,BORDERLINE,,2026-06-29T13:00:00Z,2026-07-01T08:00:00Z
QC-00514-IDENTITY,BAT-00514,IDENTITY,PASS,CONFORMING,,2026-06-26T08:00:00Z,2026-06-29T01:00:00Z
QC-00514-POTENCY,BAT-00514,POTENCY,PASS,101.6,AU,2026-06-26T05:00:00Z,2026-06-29T01:00:00Z
QC-00514-STERILITY,BAT-00514,STERILITY,PASS,NO_GROWTH,,2026-06-26T18:00:00Z,2026-06-28T00:00:00Z
QC-00514-VIABILITY,BAT-00514,VIABILITY,PASS,77.5,%,2026-06-26T12:00:00Z,2026-06-27T09:00:00Z
QC-00514-PURITY,BAT-00514,PURITY,OOT,BORDERLINE,,2026-06-26T19:00:00Z,2026-06-27T11:00:00Z
QC-00514-SAFETY,BAT-00514,SAFETY,OOT,BORDERLINE,,2026-06-26T07:00:00Z,2026-06-29T01:00:00Z
QC-00515-IDENTITY,BAT-00515,IDENTITY,PASS,CONFORMING,,2026-07-01T05:00:00Z,2026-07-03T03:00:00Z
QC-00515-POTENCY,BAT-00515,POTENCY,PASS,89.4,AU,2026-07-01T02:00:00Z,2026-07-02T09:00:00Z
QC-00515-STERILITY,BAT-00515,STERILITY,PASS,NO_GROWTH,,2026-07-01T14:00:00Z,2026-07-02T22:00:00Z
QC-00515-VIABILITY,BAT-00515,VIABILITY,PASS,85.7,%,2026-06-30T23:00:00Z,2026-07-02T03:00:00Z
QC-00515-PURITY,BAT-00515,PURITY,PASS,CONFORMING,,2026-06-30T21:00:00Z,2026-07-03T03:00:00Z
QC-00515-SAFETY,BAT-00515,SAFETY,PASS,CONFORMING,,2026-06-30T20:00:00Z,2026-07-03T01:00:00Z
QC-00516-IDENTITY,BAT-00516,IDENTITY,OOT,BORDERLINE,,2026-06-28T19:00:00Z,2026-06-29T12:00:00Z
QC-00516-POTENCY,BAT-00516,POTENCY,PASS,96.6,AU,2026-06-28T22:00:00Z,2026-06-29T07:00:00Z
QC-00516-STERILITY,BAT-00516,STERILITY,PASS,NO_GROWTH,,2026-06-28T23:00:00Z,2026-06-30T23:00:00Z
QC-00516-VIABILITY,BAT-00516,VIABILITY,OOS,69.0,%,2026-06-28T08:00:00Z,2026-06-30T04:00:00Z
QC-00516-PURITY,BAT-00516,PURITY,OOT,BORDERLINE,,2026-06-28T17:00:00Z,2026-06-30T14:00:00Z
QC-00516-SAFETY,BAT-00516,SAFETY,PASS,CONFORMING,,2026-06-29T02:00:00Z,2026-07-01T03:00:00Z
QC-00517-IDENTITY,BAT-00517,IDENTITY,PASS,CONFORMING,,2026-06-27T12:00:00Z,2026-06-27T17:00:00Z
QC-00517-POTENCY,BAT-00517,POTENCY,PASS,109.9,AU,2026-06-27T02:00:00Z,2026-06-27T16:00:00Z
QC-00517-STERILITY,BAT-00517,STERILITY,PASS,NO_GROWTH,,2026-06-27T11:00:00Z,2026-06-28T17:00:00Z
QC-00517-VIABILITY,BAT-00517,VIABILITY,PASS,91.2,%,2026-06-27T13:00:00Z,2026-06-29T10:00:00Z
QC-00517-PURITY,BAT-00517,PURITY,OOT,BORDERLINE,,2026-06-27T09:00:00Z,2026-06-28T07:00:00Z
QC-00517-SAFETY,BAT-00517,SAFETY,PASS,CONFORMING,,2026-06-26T19:00:00Z,2026-06-28T07:00:00Z
QC-00518-IDENTITY,BAT-00518,IDENTITY,OOT,BORDERLINE,,2026-06-29T01:00:00Z,2026-06-29T12:00:00Z
QC-00518-POTENCY,BAT-00518,POTENCY,OOS,42.7,AU,2026-06-29T00:00:00Z,2026-06-29T18:00:00Z
QC-00518-STERILITY,BAT-00518,STERILITY,PENDING,PENDING,,2026-06-29T01:00:00Z,2026-06-30T20:00:00Z
QC-00518-VIABILITY,BAT-00518,VIABILITY,PASS,89.8,%,2026-06-29T00:00:00Z,2026-06-29T09:00:00Z
QC-00518-PURITY,BAT-00518,PURITY,PASS,CONFORMING,,2026-06-28T11:00:00Z,2026-06-29T17:00:00Z
QC-00518-SAFETY,BAT-00518,SAFETY,PASS,CONFORMING,,2026-06-28T09:00:00Z,2026-06-29T07:00:00Z
QC-00519-IDENTITY,BAT-00519,IDENTITY,PASS,CONFORMING,,2026-06-22T12:00:00Z,2026-06-24T14:00:00Z
QC-00519-POTENCY,BAT-00519,POTENCY,PASS,53.0,AU,2026-06-22T21:00:00Z,2026-06-23T19:00:00Z
QC-00519-STERILITY,BAT-00519,STERILITY,PASS,NO_GROWTH,,2026-06-21T23:00:00Z,2026-06-23T00:00:00Z
QC-00519-VIABILITY,BAT-00519,VIABILITY,PASS,85.8,%,2026-06-22T17:00:00Z,2026-06-23T11:00:00Z
QC-00519-PURITY,BAT-00519,PURITY,OOT,BORDERLINE,,2026-06-22T06:00:00Z,2026-06-24T21:00:00Z
QC-00519-SAFETY,BAT-00519,SAFETY,OOT,BORDERLINE,,2026-06-22T07:00:00Z,2026-06-23T09:00:00Z
QC-00520-IDENTITY,BAT-00520,IDENTITY,PASS,CONFORMING,,2026-06-24T11:00:00Z,2026-06-25T13:00:00Z
QC-00520-POTENCY,BAT-00520,POTENCY,PASS,50.3,AU,2026-06-23T22:00:00Z,2026-06-25T09:00:00Z
QC-00520-STERILITY,BAT-00520,STERILITY,PASS,NO_GROWTH,,2026-06-23T13:00:00Z,2026-06-25T14:00:00Z
QC-00520-VIABILITY,BAT-00520,VIABILITY,PASS,84.6,%,2026-06-23T19:00:00Z,2026-06-25T22:00:00Z
QC-00520-PURITY,BAT-00520,PURITY,PASS,CONFORMING,,2026-06-23T18:00:00Z,2026-06-25T08:00:00Z
QC-00520-SAFETY,BAT-00520,SAFETY,PASS,CONFORMING,,2026-06-24T08:00:00Z,2026-06-24T16:00:00Z
QC-00521-IDENTITY,BAT-00521,IDENTITY,PASS,CONFORMING,,2026-06-28T03:00:00Z,2026-06-29T22:00:00Z
QC-00521-POTENCY,BAT-00521,POTENCY,PASS,93.2,AU,2026-06-29T01:00:00Z,2026-06-30T17:00:00Z
QC-00521-STERILITY,BAT-00521,STERILITY,PENDING,PENDING,,2026-06-29T00:00:00Z,2026-06-30T08:00:00Z
QC-00521-VIABILITY,BAT-00521,VIABILITY,PASS,77.8,%,2026-06-28T06:00:00Z,2026-06-30T17:00:00Z
QC-00521-PURITY,BAT-00521,PURITY,PASS,CONFORMING,,2026-06-28T05:00:00Z,2026-06-29T12:00:00Z
QC-00521-SAFETY,BAT-00521,SAFETY,PASS,CONFORMING,,2026-06-28T20:00:00Z,2026-07-01T01:00:00Z
QC-00522-IDENTITY,BAT-00522,IDENTITY,PASS,CONFORMING,,2026-07-02T13:00:00Z,2026-07-04T17:00:00Z
QC-00522-POTENCY,BAT-00522,POTENCY,PASS,64.2,AU,2026-07-02T17:00:00Z,2026-07-04T19:00:00Z
QC-00522-STERILITY,BAT-00522,STERILITY,PENDING,PENDING,,2026-07-02T10:00:00Z,2026-07-04T05:00:00Z
QC-00522-VIABILITY,BAT-00522,VIABILITY,PASS,92.7,%,2026-07-02T18:00:00Z,2026-07-04T01:00:00Z
QC-00522-PURITY,BAT-00522,PURITY,PASS,CONFORMING,,2026-07-02T20:00:00Z,2026-07-04T15:00:00Z
QC-00522-SAFETY,BAT-00522,SAFETY,OOT,BORDERLINE,,2026-07-02T04:00:00Z,2026-07-04T16:00:00Z
QC-00523-IDENTITY,BAT-00523,IDENTITY,PASS,CONFORMING,,2026-06-24T15:00:00Z,2026-06-25T20:00:00Z
QC-00523-POTENCY,BAT-00523,POTENCY,PASS,87.8,AU,2026-06-24T00:00:00Z,2026-06-25T19:00:00Z
QC-00523-STERILITY,BAT-00523,STERILITY,PASS,NO_GROWTH,,2026-06-24T06:00:00Z,2026-06-26T11:00:00Z
QC-00523-VIABILITY,BAT-00523,VIABILITY,OOS,69.1,%,2026-06-24T12:00:00Z,2026-06-26T11:00:00Z
QC-00523-PURITY,BAT-00523,PURITY,PASS,CONFORMING,,2026-06-24T22:00:00Z,2026-06-26T14:00:00Z
QC-00523-SAFETY,BAT-00523,SAFETY,PASS,CONFORMING,,2026-06-24T02:00:00Z,2026-06-25T11:00:00Z
QC-00524-IDENTITY,BAT-00524,IDENTITY,OOT,BORDERLINE,,2026-06-25T08:00:00Z,2026-06-26T08:00:00Z
QC-00524-POTENCY,BAT-00524,POTENCY,PASS,118.1,AU,2026-06-25T10:00:00Z,2026-06-26T14:00:00Z
QC-00524-STERILITY,BAT-00524,STERILITY,PENDING,PENDING,,2026-06-25T05:00:00Z,2026-06-25T23:00:00Z
QC-00524-VIABILITY,BAT-00524,VIABILITY,PASS,70.0,%,2026-06-25T09:00:00Z,2026-06-25T19:00:00Z
QC-00524-PURITY,BAT-00524,PURITY,PASS,CONFORMING,,2026-06-24T13:00:00Z,2026-06-27T01:00:00Z
QC-00524-SAFETY,BAT-00524,SAFETY,OOT,BORDERLINE,,2026-06-24T17:00:00Z,2026-06-26T08:00:00Z
QC-00525-IDENTITY,BAT-00525,IDENTITY,PASS,CONFORMING,,2026-06-27T11:00:00Z,2026-06-29T02:00:00Z
QC-00525-POTENCY,BAT-00525,POTENCY,PASS,101.1,AU,2026-06-26T14:00:00Z,2026-06-29T11:00:00Z
QC-00525-STERILITY,BAT-00525,STERILITY,PASS,NO_GROWTH,,2026-06-26T15:00:00Z,2026-06-28T21:00:00Z
QC-00525-VIABILITY,BAT-00525,VIABILITY,PASS,70.8,%,2026-06-27T04:00:00Z,2026-06-28T13:00:00Z
QC-00525-PURITY,BAT-00525,PURITY,PASS,CONFORMING,,2026-06-27T01:00:00Z,2026-06-28T15:00:00Z
QC-00525-SAFETY,BAT-00525,SAFETY,PASS,CONFORMING,,2026-06-27T00:00:00Z,2026-06-29T06:00:00Z
QC-00526-IDENTITY,BAT-00526,IDENTITY,PASS,CONFORMING,,2026-06-29T16:00:00Z,2026-06-30T22:00:00Z
QC-00526-POTENCY,BAT-00526,POTENCY,PASS,117.9,AU,2026-06-29T06:00:00Z,2026-07-01T00:00:00Z
QC-00526-STERILITY,BAT-00526,STERILITY,PASS,NO_GROWTH,,2026-06-29T09:00:00Z,2026-07-01T16:00:00Z
QC-00526-VIABILITY,BAT-00526,VIABILITY,PASS,87.1,%,2026-06-29T21:00:00Z,2026-06-30T22:00:00Z
QC-00526-PURITY,BAT-00526,PURITY,PASS,CONFORMING,,2026-06-29T06:00:00Z,2026-07-01T15:00:00Z
QC-00526-SAFETY,BAT-00526,SAFETY,PASS,CONFORMING,,2026-06-29T16:00:00Z,2026-06-30T14:00:00Z
QC-00527-IDENTITY,BAT-00527,IDENTITY,PASS,CONFORMING,,2026-06-27T17:00:00Z,2026-06-28T20:00:00Z
QC-00527-POTENCY,BAT-00527,POTENCY,OOS,45.5,AU,2026-06-27T03:00:00Z,2026-06-29T04:00:00Z
QC-00527-STERILITY,BAT-00527,STERILITY,PASS,NO_GROWTH,,2026-06-27T10:00:00Z,2026-06-28T10:00:00Z
QC-00527-VIABILITY,BAT-00527,VIABILITY,PASS,95.1,%,2026-06-27T00:00:00Z,2026-06-29T03:00:00Z
QC-00527-PURITY,BAT-00527,PURITY,PASS,CONFORMING,,2026-06-26T20:00:00Z,2026-06-28T00:00:00Z
QC-00527-SAFETY,BAT-00527,SAFETY,PASS,CONFORMING,,2026-06-27T16:00:00Z,2026-06-29T16:00:00Z
QC-00528-IDENTITY,BAT-00528,IDENTITY,PASS,CONFORMING,,2026-06-25T14:00:00Z,2026-06-26T18:00:00Z
QC-00528-POTENCY,BAT-00528,POTENCY,PASS,60.5,AU,2026-06-26T02:00:00Z,2026-06-26T14:00:00Z
QC-00528-STERILITY,BAT-00528,STERILITY,PASS,NO_GROWTH,,2026-06-25T09:00:00Z,2026-06-27T09:00:00Z
QC-00528-VIABILITY,BAT-00528,VIABILITY,OOS,65.2,%,2026-06-26T02:00:00Z,2026-06-26T21:00:00Z
QC-00528-PURITY,BAT-00528,PURITY,OOT,BORDERLINE,,2026-06-25T03:00:00Z,2026-06-28T00:00:00Z
QC-00528-SAFETY,BAT-00528,SAFETY,PASS,CONFORMING,,2026-06-25T10:00:00Z,2026-06-28T02:00:00Z
QC-00529-IDENTITY,BAT-00529,IDENTITY,OOT,BORDERLINE,,2026-07-01T08:00:00Z,2026-07-02T00:00:00Z
QC-00529-POTENCY,BAT-00529,POTENCY,OOS,49.6,AU,2026-07-01T15:00:00Z,2026-07-02T03:00:00Z
QC-00529-STERILITY,BAT-00529,STERILITY,PASS,NO_GROWTH,,2026-07-01T04:00:00Z,2026-07-03T20:00:00Z
QC-00529-VIABILITY,BAT-00529,VIABILITY,PASS,71.3,%,2026-07-01T13:00:00Z,2026-07-02T07:00:00Z
QC-00529-PURITY,BAT-00529,PURITY,OOT,BORDERLINE,,2026-07-01T02:00:00Z,2026-07-02T01:00:00Z
QC-00529-SAFETY,BAT-00529,SAFETY,PASS,CONFORMING,,2026-07-01T02:00:00Z,2026-07-03T02:00:00Z
QC-00530-IDENTITY,BAT-00530,IDENTITY,PASS,CONFORMING,,2026-06-29T20:00:00Z,2026-07-02T01:00:00Z
QC-00530-POTENCY,BAT-00530,POTENCY,PASS,73.6,AU,2026-06-29T07:00:00Z,2026-06-30T16:00:00Z
QC-00530-STERILITY,BAT-00530,STERILITY,PASS,NO_GROWTH,,2026-06-29T16:00:00Z,2026-07-01T04:00:00Z
QC-00530-VIABILITY,BAT-00530,VIABILITY,PASS,82.5,%,2026-06-29T18:00:00Z,2026-07-02T03:00:00Z
QC-00530-PURITY,BAT-00530,PURITY,PASS,CONFORMING,,2026-06-29T04:00:00Z,2026-06-30T23:00:00Z
QC-00530-SAFETY,BAT-00530,SAFETY,PASS,CONFORMING,,2026-06-29T22:00:00Z,2026-07-01T20:00:00Z
QC-00531-IDENTITY,BAT-00531,IDENTITY,PASS,CONFORMING,,2026-06-30T16:00:00Z,2026-07-02T00:00:00Z
QC-00531-POTENCY,BAT-00531,POTENCY,PASS,69.5,AU,2026-06-30T15:00:00Z,2026-07-01T15:00:00Z
QC-00531-STERILITY,BAT-00531,STERILITY,PENDING,PENDING,,2026-07-01T07:00:00Z,2026-07-02T15:00:00Z
QC-00531-VIABILITY,BAT-00531,VIABILITY,PASS,76.2,%,2026-07-01T08:00:00Z,2026-07-03T05:00:00Z
QC-00531-PURITY,BAT-00531,PURITY,OOT,BORDERLINE,,2026-06-30T15:00:00Z,2026-07-01T23:00:00Z
QC-00531-SAFETY,BAT-00531,SAFETY,OOT,BORDERLINE,,2026-06-30T10:00:00Z,2026-07-02T05:00:00Z
QC-00532-IDENTITY,BAT-00532,IDENTITY,PASS,CONFORMING,,2026-06-25T16:00:00Z,2026-06-28T03:00:00Z
QC-00532-POTENCY,BAT-00532,POTENCY,PASS,117.1,AU,2026-06-26T02:00:00Z,2026-06-27T04:00:00Z
QC-00532-STERILITY,BAT-00532,STERILITY,PASS,NO_GROWTH,,2026-06-25T23:00:00Z,2026-06-27T09:00:00Z
QC-00532-VIABILITY,BAT-00532,VIABILITY,PASS,80.1,%,2026-06-25T23:00:00Z,2026-06-27T22:00:00Z
QC-00532-PURITY,BAT-00532,PURITY,PASS,CONFORMING,,2026-06-26T07:00:00Z,2026-06-26T14:00:00Z
QC-00532-SAFETY,BAT-00532,SAFETY,PASS,CONFORMING,,2026-06-26T07:00:00Z,2026-06-27T04:00:00Z
QC-00533-IDENTITY,BAT-00533,IDENTITY,PASS,CONFORMING,,2026-06-29T16:00:00Z,2026-06-30T17:00:00Z
QC-00533-POTENCY,BAT-00533,POTENCY,PASS,53.8,AU,2026-06-29T20:00:00Z,2026-07-01T17:00:00Z
QC-00533-STERILITY,BAT-00533,STERILITY,PASS,NO_GROWTH,,2026-06-30T02:00:00Z,2026-07-01T09:00:00Z
QC-00533-VIABILITY,BAT-00533,VIABILITY,PASS,91.6,%,2026-06-29T23:00:00Z,2026-07-01T08:00:00Z
QC-00533-PURITY,BAT-00533,PURITY,PASS,CONFORMING,,2026-06-29T05:00:00Z,2026-06-30T21:00:00Z
QC-00533-SAFETY,BAT-00533,SAFETY,PASS,CONFORMING,,2026-06-30T00:00:00Z,2026-06-30T05:00:00Z
QC-00534-IDENTITY,BAT-00534,IDENTITY,PASS,CONFORMING,,2026-06-24T17:00:00Z,2026-06-25T13:00:00Z
QC-00534-POTENCY,BAT-00534,POTENCY,PASS,93.5,AU,2026-06-25T05:00:00Z,2026-06-26T10:00:00Z
QC-00534-STERILITY,BAT-00534,STERILITY,PASS,NO_GROWTH,,2026-06-24T14:00:00Z,2026-06-26T19:00:00Z
QC-00534-VIABILITY,BAT-00534,VIABILITY,PASS,80.4,%,2026-06-24T21:00:00Z,2026-06-26T13:00:00Z
QC-00534-PURITY,BAT-00534,PURITY,OOT,BORDERLINE,,2026-06-24T09:00:00Z,2026-06-26T22:00:00Z
QC-00534-SAFETY,BAT-00534,SAFETY,PASS,CONFORMING,,2026-06-24T19:00:00Z,2026-06-26T13:00:00Z
QC-00535-IDENTITY,BAT-00535,IDENTITY,PASS,CONFORMING,,2026-06-28T22:00:00Z,2026-06-30T16:00:00Z
QC-00535-POTENCY,BAT-00535,POTENCY,OOS,47.7,AU,2026-06-29T13:00:00Z,2026-06-30T05:00:00Z
QC-00535-STERILITY,BAT-00535,STERILITY,PASS,NO_GROWTH,,2026-06-29T08:00:00Z,2026-07-01T08:00:00Z
QC-00535-VIABILITY,BAT-00535,VIABILITY,PASS,93.9,%,2026-06-28T21:00:00Z,2026-07-01T17:00:00Z
QC-00535-PURITY,BAT-00535,PURITY,PASS,CONFORMING,,2026-06-29T13:00:00Z,2026-06-30T12:00:00Z
QC-00535-SAFETY,BAT-00535,SAFETY,PASS,CONFORMING,,2026-06-29T13:00:00Z,2026-06-30T17:00:00Z
QC-00536-IDENTITY,BAT-00536,IDENTITY,PASS,CONFORMING,,2026-07-08T03:00:00Z,2026-07-09T06:00:00Z
QC-00536-POTENCY,BAT-00536,POTENCY,PASS,72.9,AU,2026-07-08T00:00:00Z,2026-07-09T03:00:00Z
QC-00536-STERILITY,BAT-00536,STERILITY,PENDING,PENDING,,2026-07-07T14:00:00Z,2026-07-09T09:00:00Z
QC-00536-VIABILITY,BAT-00536,VIABILITY,OOS,66.6,%,2026-07-08T06:00:00Z,2026-07-08T16:00:00Z
QC-00536-PURITY,BAT-00536,PURITY,PASS,CONFORMING,,2026-07-07T21:00:00Z,2026-07-08T16:00:00Z
QC-00536-SAFETY,BAT-00536,SAFETY,PASS,CONFORMING,,2026-07-07T18:00:00Z,2026-07-08T18:00:00Z
QC-00537-IDENTITY,BAT-00537,IDENTITY,PASS,CONFORMING,,2026-07-05T23:00:00Z,2026-07-07T05:00:00Z
QC-00537-POTENCY,BAT-00537,POTENCY,PASS,60.4,AU,2026-07-05T22:00:00Z,2026-07-08T15:00:00Z
QC-00537-STERILITY,BAT-00537,STERILITY,PENDING,PENDING,,2026-07-06T00:00:00Z,2026-07-07T11:00:00Z
QC-00537-VIABILITY,BAT-00537,VIABILITY,PASS,92.8,%,2026-07-06T01:00:00Z,2026-07-07T19:00:00Z
QC-00537-PURITY,BAT-00537,PURITY,OOT,BORDERLINE,,2026-07-06T10:00:00Z,2026-07-07T04:00:00Z
QC-00537-SAFETY,BAT-00537,SAFETY,PASS,CONFORMING,,2026-07-06T15:00:00Z,2026-07-08T18:00:00Z
QC-00538-IDENTITY,BAT-00538,IDENTITY,OOT,BORDERLINE,,2026-07-02T13:00:00Z,2026-07-03T14:00:00Z
QC-00538-POTENCY,BAT-00538,POTENCY,PASS,119.0,AU,2026-07-02T08:00:00Z,2026-07-04T01:00:00Z
QC-00538-STERILITY,BAT-00538,STERILITY,PENDING,PENDING,,2026-07-02T03:00:00Z,2026-07-03T12:00:00Z
QC-00538-VIABILITY,BAT-00538,VIABILITY,PASS,80.6,%,2026-07-02T23:00:00Z,2026-07-04T15:00:00Z
QC-00538-PURITY,BAT-00538,PURITY,PASS,CONFORMING,,2026-07-02T19:00:00Z,2026-07-04T16:00:00Z
QC-00538-SAFETY,BAT-00538,SAFETY,PASS,CONFORMING,,2026-07-02T21:00:00Z,2026-07-04T10:00:00Z
QC-00539-IDENTITY,BAT-00539,IDENTITY,PASS,CONFORMING,,2026-07-01T04:00:00Z,2026-07-03T22:00:00Z
QC-00539-POTENCY,BAT-00539,POTENCY,PASS,55.0,AU,2026-07-01T17:00:00Z,2026-07-03T17:00:00Z
QC-00539-STERILITY,BAT-00539,STERILITY,PASS,NO_GROWTH,,2026-07-01T12:00:00Z,2026-07-03T14:00:00Z
QC-00539-VIABILITY,BAT-00539,VIABILITY,PASS,90.4,%,2026-07-01T20:00:00Z,2026-07-03T16:00:00Z
QC-00539-PURITY,BAT-00539,PURITY,PASS,CONFORMING,,2026-07-01T09:00:00Z,2026-07-03T00:00:00Z
QC-00539-SAFETY,BAT-00539,SAFETY,PASS,CONFORMING,,2026-07-01T07:00:00Z,2026-07-02T21:00:00Z
QC-00540-IDENTITY,BAT-00540,IDENTITY,PASS,CONFORMING,,2026-07-05T19:00:00Z,2026-07-06T11:00:00Z
QC-00540-POTENCY,BAT-00540,POTENCY,PASS,71.0,AU,2026-07-05T23:00:00Z,2026-07-06T23:00:00Z
QC-00540-STERILITY,BAT-00540,STERILITY,PASS,NO_GROWTH,,2026-07-05T11:00:00Z,2026-07-07T16:00:00Z
QC-00540-VIABILITY,BAT-00540,VIABILITY,PASS,76.0,%,2026-07-05T20:00:00Z,2026-07-07T22:00:00Z
QC-00540-PURITY,BAT-00540,PURITY,PASS,CONFORMING,,2026-07-05T18:00:00Z,2026-07-07T17:00:00Z
QC-00540-SAFETY,BAT-00540,SAFETY,PASS,CONFORMING,,2026-07-05T23:00:00Z,2026-07-06T14:00:00Z
QC-00541-IDENTITY,BAT-00541,IDENTITY,OOT,BORDERLINE,,2026-07-05T17:00:00Z,2026-07-06T06:00:00Z
QC-00541-POTENCY,BAT-00541,POTENCY,OOS,46.1,AU,2026-07-05T03:00:00Z,2026-07-07T13:00:00Z
QC-00541-STERILITY,BAT-00541,STERILITY,PASS,NO_GROWTH,,2026-07-05T01:00:00Z,2026-07-07T06:00:00Z
QC-00541-VIABILITY,BAT-00541,VIABILITY,PASS,90.0,%,2026-07-05T06:00:00Z,2026-07-07T11:00:00Z
QC-00541-PURITY,BAT-00541,PURITY,PASS,CONFORMING,,2026-07-05T13:00:00Z,2026-07-06T12:00:00Z
QC-00541-SAFETY,BAT-00541,SAFETY,PASS,CONFORMING,,2026-07-05T18:00:00Z,2026-07-06T19:00:00Z
QC-00542-IDENTITY,BAT-00542,IDENTITY,PASS,CONFORMING,,2026-07-01T20:00:00Z,2026-07-03T23:00:00Z
QC-00542-POTENCY,BAT-00542,POTENCY,PASS,91.7,AU,2026-07-02T10:00:00Z,2026-07-02T21:00:00Z
QC-00542-STERILITY,BAT-00542,STERILITY,PASS,NO_GROWTH,,2026-07-02T17:00:00Z,2026-07-02T20:00:00Z
QC-00542-VIABILITY,BAT-00542,VIABILITY,OOS,69.2,%,2026-07-01T18:00:00Z,2026-07-04T09:00:00Z
QC-00542-PURITY,BAT-00542,PURITY,PASS,CONFORMING,,2026-07-02T04:00:00Z,2026-07-04T07:00:00Z
QC-00542-SAFETY,BAT-00542,SAFETY,PASS,CONFORMING,,2026-07-01T22:00:00Z,2026-07-03T05:00:00Z
QC-00543-IDENTITY,BAT-00543,IDENTITY,PASS,CONFORMING,,2026-07-02T15:00:00Z,2026-07-05T00:00:00Z
QC-00543-POTENCY,BAT-00543,POTENCY,PASS,80.4,AU,2026-07-02T18:00:00Z,2026-07-04T13:00:00Z
QC-00543-STERILITY,BAT-00543,STERILITY,PASS,NO_GROWTH,,2026-07-02T13:00:00Z,2026-07-05T01:00:00Z
QC-00543-VIABILITY,BAT-00543,VIABILITY,OOS,66.3,%,2026-07-02T15:00:00Z,2026-07-04T22:00:00Z
QC-00543-PURITY,BAT-00543,PURITY,OOT,BORDERLINE,,2026-07-02T18:00:00Z,2026-07-04T08:00:00Z
QC-00543-SAFETY,BAT-00543,SAFETY,PASS,CONFORMING,,2026-07-02T13:00:00Z,2026-07-03T23:00:00Z
QC-00544-IDENTITY,BAT-00544,IDENTITY,PASS,CONFORMING,,2026-07-05T12:00:00Z,2026-07-07T08:00:00Z
QC-00544-POTENCY,BAT-00544,POTENCY,PASS,63.1,AU,2026-07-05T18:00:00Z,2026-07-06T08:00:00Z
QC-00544-STERILITY,BAT-00544,STERILITY,PASS,NO_GROWTH,,2026-07-05T16:00:00Z,2026-07-07T08:00:00Z
QC-00544-VIABILITY,BAT-00544,VIABILITY,PASS,83.4,%,2026-07-05T00:00:00Z,2026-07-06T14:00:00Z
QC-00544-PURITY,BAT-00544,PURITY,PASS,CONFORMING,,2026-07-04T20:00:00Z,2026-07-07T11:00:00Z
QC-00544-SAFETY,BAT-00544,SAFETY,PASS,CONFORMING,,2026-07-05T02:00:00Z,2026-07-07T01:00:00Z
QC-00545-IDENTITY,BAT-00545,IDENTITY,PASS,CONFORMING,,2026-07-02T03:00:00Z,2026-07-03T11:00:00Z
QC-00545-POTENCY,BAT-00545,POTENCY,PASS,70.9,AU,2026-07-03T02:00:00Z,2026-07-03T06:00:00Z
QC-00545-STERILITY,BAT-00545,STERILITY,PASS,NO_GROWTH,,2026-07-03T02:00:00Z,2026-07-04T08:00:00Z
QC-00545-VIABILITY,BAT-00545,VIABILITY,PASS,73.5,%,2026-07-03T02:00:00Z,2026-07-04T23:00:00Z
QC-00545-PURITY,BAT-00545,PURITY,OOT,BORDERLINE,,2026-07-02T04:00:00Z,2026-07-03T23:00:00Z
QC-00545-SAFETY,BAT-00545,SAFETY,OOT,BORDERLINE,,2026-07-02T18:00:00Z,2026-07-03T08:00:00Z
QC-00546-IDENTITY,BAT-00546,IDENTITY,PASS,CONFORMING,,2026-07-04T06:00:00Z,2026-07-05T04:00:00Z
QC-00546-POTENCY,BAT-00546,POTENCY,PASS,66.6,AU,2026-07-04T06:00:00Z,2026-07-06T21:00:00Z
QC-00546-STERILITY,BAT-00546,STERILITY,PENDING,PENDING,,2026-07-04T19:00:00Z,2026-07-05T16:00:00Z
QC-00546-VIABILITY,BAT-00546,VIABILITY,PASS,76.1,%,2026-07-04T02:00:00Z,2026-07-06T10:00:00Z
QC-00546-PURITY,BAT-00546,PURITY,OOT,BORDERLINE,,2026-07-04T12:00:00Z,2026-07-05T04:00:00Z
QC-00546-SAFETY,BAT-00546,SAFETY,PASS,CONFORMING,,2026-07-04T07:00:00Z,2026-07-05T15:00:00Z
QC-00547-IDENTITY,BAT-00547,IDENTITY,PASS,CONFORMING,,2026-07-03T16:00:00Z,2026-07-06T03:00:00Z
QC-00547-POTENCY,BAT-00547,POTENCY,PASS,65.9,AU,2026-07-03T17:00:00Z,2026-07-04T12:00:00Z
QC-00547-STERILITY,BAT-00547,STERILITY,PENDING,PENDING,,2026-07-04T04:00:00Z,2026-07-06T03:00:00Z
QC-00547-VIABILITY,BAT-00547,VIABILITY,PASS,87.7,%,2026-07-03T19:00:00Z,2026-07-04T17:00:00Z
QC-00547-PURITY,BAT-00547,PURITY,OOT,BORDERLINE,,2026-07-03T08:00:00Z,2026-07-06T00:00:00Z
QC-00547-SAFETY,BAT-00547,SAFETY,PASS,CONFORMING,,2026-07-03T12:00:00Z,2026-07-05T19:00:00Z
QC-00548-IDENTITY,BAT-00548,IDENTITY,PASS,CONFORMING,,2026-07-04T23:00:00Z,2026-07-06T21:00:00Z
QC-00548-POTENCY,BAT-00548,POTENCY,PASS,53.9,AU,2026-07-05T06:00:00Z,2026-07-05T16:00:00Z
QC-00548-STERILITY,BAT-00548,STERILITY,PASS,NO_GROWTH,,2026-07-04T13:00:00Z,2026-07-05T18:00:00Z
QC-00548-VIABILITY,BAT-00548,VIABILITY,PASS,83.2,%,2026-07-04T19:00:00Z,2026-07-06T15:00:00Z
QC-00548-PURITY,BAT-00548,PURITY,PASS,CONFORMING,,2026-07-05T07:00:00Z,2026-07-07T00:00:00Z
QC-00548-SAFETY,BAT-00548,SAFETY,PASS,CONFORMING,,2026-07-04T16:00:00Z,2026-07-05T12:00:00Z
QC-00549-IDENTITY,BAT-00549,IDENTITY,PASS,CONFORMING,,2026-06-26T11:00:00Z,2026-06-28T23:00:00Z
QC-00549-POTENCY,BAT-00549,POTENCY,OOS,44.4,AU,2026-06-26T09:00:00Z,2026-06-29T00:00:00Z
QC-00549-STERILITY,BAT-00549,STERILITY,PASS,NO_GROWTH,,2026-06-26T19:00:00Z,2026-06-28T21:00:00Z
QC-00549-VIABILITY,BAT-00549,VIABILITY,OOS,68.9,%,2026-06-27T05:00:00Z,2026-06-28T16:00:00Z
QC-00549-PURITY,BAT-00549,PURITY,PASS,CONFORMING,,2026-06-26T21:00:00Z,2026-06-27T18:00:00Z
QC-00549-SAFETY,BAT-00549,SAFETY,OOT,BORDERLINE,,2026-06-26T16:00:00Z,2026-06-27T16:00:00Z
QC-00550-IDENTITY,BAT-00550,IDENTITY,OOT,BORDERLINE,,2026-07-01T18:00:00Z,2026-07-02T07:00:00Z
QC-00550-POTENCY,BAT-00550,POTENCY,PASS,100.3,AU,2026-07-01T05:00:00Z,2026-07-02T17:00:00Z
QC-00550-STERILITY,BAT-00550,STERILITY,PASS,NO_GROWTH,,2026-07-01T11:00:00Z,2026-07-02T11:00:00Z
QC-00550-VIABILITY,BAT-00550,VIABILITY,PASS,89.5,%,2026-07-01T06:00:00Z,2026-07-03T09:00:00Z
QC-00550-PURITY,BAT-00550,PURITY,PASS,CONFORMING,,2026-07-01T03:00:00Z,2026-07-03T13:00:00Z
QC-00550-SAFETY,BAT-00550,SAFETY,OOT,BORDERLINE,,2026-07-01T06:00:00Z,2026-07-03T05:00:00Z
QC-00551-IDENTITY,BAT-00551,IDENTITY,PASS,CONFORMING,,2026-07-08T23:00:00Z,2026-07-10T06:00:00Z
QC-00551-POTENCY,BAT-00551,POTENCY,PASS,86.1,AU,2026-07-08T19:00:00Z,2026-07-10T15:00:00Z
QC-00551-STERILITY,BAT-00551,STERILITY,PENDING,PENDING,,2026-07-09T02:00:00Z,2026-07-09T20:00:00Z
QC-00551-VIABILITY,BAT-00551,VIABILITY,PASS,75.5,%,2026-07-08T19:00:00Z,2026-07-10T19:00:00Z
QC-00551-PURITY,BAT-00551,PURITY,OOT,BORDERLINE,,2026-07-09T02:00:00Z,2026-07-09T22:00:00Z
QC-00551-SAFETY,BAT-00551,SAFETY,PASS,CONFORMING,,2026-07-08T17:00:00Z,2026-07-10T06:00:00Z
QC-00552-IDENTITY,BAT-00552,IDENTITY,PASS,CONFORMING,,2026-07-09T14:00:00Z,2026-07-10T19:00:00Z
QC-00552-POTENCY,BAT-00552,POTENCY,PASS,55.5,AU,2026-07-09T21:00:00Z,2026-07-10T09:00:00Z
QC-00552-STERILITY,BAT-00552,STERILITY,PASS,NO_GROWTH,,2026-07-09T14:00:00Z,2026-07-11T09:00:00Z
QC-00552-VIABILITY,BAT-00552,VIABILITY,OOS,67.4,%,2026-07-09T10:00:00Z,2026-07-11T01:00:00Z
QC-00552-PURITY,BAT-00552,PURITY,PASS,CONFORMING,,2026-07-10T01:00:00Z,2026-07-11T06:00:00Z
QC-00552-SAFETY,BAT-00552,SAFETY,PASS,CONFORMING,,2026-07-09T18:00:00Z,2026-07-11T20:00:00Z
QC-00553-IDENTITY,BAT-00553,IDENTITY,PASS,CONFORMING,,2026-07-05T08:00:00Z,2026-07-07T05:00:00Z
QC-00553-POTENCY,BAT-00553,POTENCY,PASS,64.6,AU,2026-07-05T23:00:00Z,2026-07-06T18:00:00Z
QC-00553-STERILITY,BAT-00553,STERILITY,PENDING,PENDING,,2026-07-05T11:00:00Z,2026-07-08T04:00:00Z
QC-00553-VIABILITY,BAT-00553,VIABILITY,PASS,74.4,%,2026-07-05T15:00:00Z,2026-07-07T10:00:00Z
QC-00553-PURITY,BAT-00553,PURITY,OOT,BORDERLINE,,2026-07-05T09:00:00Z,2026-07-08T03:00:00Z
QC-00553-SAFETY,BAT-00553,SAFETY,OOT,BORDERLINE,,2026-07-05T05:00:00Z,2026-07-07T19:00:00Z
QC-00554-IDENTITY,BAT-00554,IDENTITY,OOT,BORDERLINE,,2026-07-11T21:00:00Z,2026-07-13T12:00:00Z
QC-00554-POTENCY,BAT-00554,POTENCY,OOS,46.5,AU,2026-07-11T23:00:00Z,2026-07-14T10:00:00Z
QC-00554-STERILITY,BAT-00554,STERILITY,PASS,NO_GROWTH,,2026-07-12T08:00:00Z,2026-07-13T12:00:00Z
QC-00554-VIABILITY,BAT-00554,VIABILITY,PASS,96.1,%,2026-07-12T12:00:00Z,2026-07-13T00:00:00Z
QC-00554-PURITY,BAT-00554,PURITY,OOT,BORDERLINE,,2026-07-12T17:00:00Z,2026-07-14T18:00:00Z
QC-00554-SAFETY,BAT-00554,SAFETY,PASS,CONFORMING,,2026-07-12T06:00:00Z,2026-07-14T02:00:00Z
QC-00555-IDENTITY,BAT-00555,IDENTITY,PASS,CONFORMING,,2026-07-03T16:00:00Z,2026-07-06T02:00:00Z
QC-00555-POTENCY,BAT-00555,POTENCY,PASS,85.4,AU,2026-07-03T08:00:00Z,2026-07-06T03:00:00Z
QC-00555-STERILITY,BAT-00555,STERILITY,PASS,NO_GROWTH,,2026-07-03T07:00:00Z,2026-07-05T23:00:00Z
QC-00555-VIABILITY,BAT-00555,VIABILITY,PASS,91.7,%,2026-07-03T22:00:00Z,2026-07-05T16:00:00Z
QC-00555-PURITY,BAT-00555,PURITY,PASS,CONFORMING,,2026-07-03T14:00:00Z,2026-07-04T17:00:00Z
QC-00555-SAFETY,BAT-00555,SAFETY,PASS,CONFORMING,,2026-07-03T09:00:00Z,2026-07-06T06:00:00Z
QC-00556-IDENTITY,BAT-00556,IDENTITY,PASS,CONFORMING,,2026-07-12T01:00:00Z,2026-07-13T09:00:00Z
QC-00556-POTENCY,BAT-00556,POTENCY,PASS,53.8,AU,2026-07-12T05:00:00Z,2026-07-14T03:00:00Z
QC-00556-STERILITY,BAT-00556,STERILITY,PASS,NO_GROWTH,,2026-07-12T09:00:00Z,2026-07-12T18:00:00Z
QC-00556-VIABILITY,BAT-00556,VIABILITY,PASS,89.7,%,2026-07-12T08:00:00Z,2026-07-13T02:00:00Z
QC-00556-PURITY,BAT-00556,PURITY,PASS,CONFORMING,,2026-07-12T04:00:00Z,2026-07-13T00:00:00Z
QC-00556-SAFETY,BAT-00556,SAFETY,OOT,BORDERLINE,,2026-07-11T21:00:00Z,2026-07-13T09:00:00Z
QC-00557-IDENTITY,BAT-00557,IDENTITY,OOT,BORDERLINE,,2026-07-07T00:00:00Z,2026-07-09T02:00:00Z
QC-00557-POTENCY,BAT-00557,POTENCY,OOS,42.8,AU,2026-07-07T08:00:00Z,2026-07-09T16:00:00Z
QC-00557-STERILITY,BAT-00557,STERILITY,PASS,NO_GROWTH,,2026-07-07T06:00:00Z,2026-07-09T15:00:00Z
QC-00557-VIABILITY,BAT-00557,VIABILITY,PASS,76.8,%,2026-07-06T23:00:00Z,2026-07-07T22:00:00Z
QC-00557-PURITY,BAT-00557,PURITY,OOT,BORDERLINE,,2026-07-07T18:00:00Z,2026-07-09T11:00:00Z
QC-00557-SAFETY,BAT-00557,SAFETY,OOT,BORDERLINE,,2026-07-07T10:00:00Z,2026-07-09T16:00:00Z
QC-00558-IDENTITY,BAT-00558,IDENTITY,PASS,CONFORMING,,2026-06-30T16:00:00Z,2026-07-02T20:00:00Z
QC-00558-POTENCY,BAT-00558,POTENCY,PASS,92.8,AU,2026-06-30T11:00:00Z,2026-07-01T16:00:00Z
QC-00558-STERILITY,BAT-00558,STERILITY,PASS,NO_GROWTH,,2026-07-01T00:00:00Z,2026-07-02T18:00:00Z
QC-00558-VIABILITY,BAT-00558,VIABILITY,PASS,82.3,%,2026-06-30T15:00:00Z,2026-07-02T04:00:00Z
QC-00558-PURITY,BAT-00558,PURITY,PASS,CONFORMING,,2026-06-30T13:00:00Z,2026-07-01T12:00:00Z
QC-00558-SAFETY,BAT-00558,SAFETY,OOT,BORDERLINE,,2026-06-30T09:00:00Z,2026-07-02T17:00:00Z
QC-00559-IDENTITY,BAT-00559,IDENTITY,OOT,BORDERLINE,,2026-07-09T02:00:00Z,2026-07-09T20:00:00Z
QC-00559-POTENCY,BAT-00559,POTENCY,PASS,117.7,AU,2026-07-09T04:00:00Z,2026-07-10T07:00:00Z
QC-00559-STERILITY,BAT-00559,STERILITY,PASS,NO_GROWTH,,2026-07-08T18:00:00Z,2026-07-11T06:00:00Z
QC-00559-VIABILITY,BAT-00559,VIABILITY,OOS,65.5,%,2026-07-08T18:00:00Z,2026-07-10T11:00:00Z
QC-00559-PURITY,BAT-00559,PURITY,OOT,BORDERLINE,,2026-07-09T02:00:00Z,2026-07-10T13:00:00Z
QC-00559-SAFETY,BAT-00559,SAFETY,OOT,BORDERLINE,,2026-07-08T18:00:00Z,2026-07-10T01:00:00Z
QC-00560-IDENTITY,BAT-00560,IDENTITY,OOT,BORDERLINE,,2026-07-13T16:00:00Z,2026-07-14T13:00:00Z
QC-00560-POTENCY,BAT-00560,POTENCY,PASS,99.1,AU,2026-07-13T18:00:00Z,2026-07-14T18:00:00Z
QC-00560-STERILITY,BAT-00560,STERILITY,PENDING,PENDING,,2026-07-13T07:00:00Z,2026-07-14T07:00:00Z
QC-00560-VIABILITY,BAT-00560,VIABILITY,OOS,69.4,%,2026-07-13T16:00:00Z,2026-07-16T05:00:00Z
QC-00560-PURITY,BAT-00560,PURITY,PASS,CONFORMING,,2026-07-13T14:00:00Z,2026-07-16T03:00:00Z
QC-00560-SAFETY,BAT-00560,SAFETY,PASS,CONFORMING,,2026-07-13T19:00:00Z,2026-07-14T17:00:00Z
QC-00561-IDENTITY,BAT-00561,IDENTITY,OOT,BORDERLINE,,2026-07-10T19:00:00Z,2026-07-12T17:00:00Z
QC-00561-POTENCY,BAT-00561,POTENCY,PASS,77.1,AU,2026-07-10T02:00:00Z,2026-07-11T23:00:00Z
QC-00561-STERILITY,BAT-00561,STERILITY,PASS,NO_GROWTH,,2026-07-10T02:00:00Z,2026-07-12T14:00:00Z
QC-00561-VIABILITY,BAT-00561,VIABILITY,PASS,74.0,%,2026-07-10T03:00:00Z,2026-07-11T04:00:00Z
QC-00561-PURITY,BAT-00561,PURITY,PASS,CONFORMING,,2026-07-10T20:00:00Z,2026-07-11T16:00:00Z
QC-00561-SAFETY,BAT-00561,SAFETY,PASS,CONFORMING,,2026-07-10T21:00:00Z,2026-07-12T05:00:00Z
QC-00562-IDENTITY,BAT-00562,IDENTITY,PASS,CONFORMING,,2026-07-12T06:00:00Z,2026-07-13T04:00:00Z
QC-00562-POTENCY,BAT-00562,POTENCY,PASS,63.6,AU,2026-07-12T15:00:00Z,2026-07-14T00:00:00Z
QC-00562-STERILITY,BAT-00562,STERILITY,PASS,NO_GROWTH,,2026-07-12T08:00:00Z,2026-07-14T09:00:00Z
QC-00562-VIABILITY,BAT-00562,VIABILITY,PASS,78.4,%,2026-07-12T12:00:00Z,2026-07-14T17:00:00Z
QC-00562-PURITY,BAT-00562,PURITY,OOT,BORDERLINE,,2026-07-12T05:00:00Z,2026-07-14T05:00:00Z
QC-00562-SAFETY,BAT-00562,SAFETY,OOT,BORDERLINE,,2026-07-12T05:00:00Z,2026-07-13T15:00:00Z
QC-00563-IDENTITY,BAT-00563,IDENTITY,PASS,CONFORMING,,2026-07-08T20:00:00Z,2026-07-11T04:00:00Z
QC-00563-POTENCY,BAT-00563,POTENCY,PASS,116.7,AU,2026-07-08T23:00:00Z,2026-07-11T05:00:00Z
QC-00563-STERILITY,BAT-00563,STERILITY,PENDING,PENDING,,2026-07-09T05:00:00Z,2026-07-10T01:00:00Z
QC-00563-VIABILITY,BAT-00563,VIABILITY,PASS,92.6,%,2026-07-08T18:00:00Z,2026-07-11T01:00:00Z
QC-00563-PURITY,BAT-00563,PURITY,PASS,CONFORMING,,2026-07-09T16:00:00Z,2026-07-11T16:00:00Z
QC-00563-SAFETY,BAT-00563,SAFETY,PASS,CONFORMING,,2026-07-09T02:00:00Z,2026-07-10T21:00:00Z
QC-00564-IDENTITY,BAT-00564,IDENTITY,PASS,CONFORMING,,2026-07-07T00:00:00Z,2026-07-09T16:00:00Z
QC-00564-POTENCY,BAT-00564,POTENCY,PASS,87.5,AU,2026-07-06T21:00:00Z,2026-07-08T04:00:00Z
QC-00564-STERILITY,BAT-00564,STERILITY,PENDING,PENDING,,2026-07-07T09:00:00Z,2026-07-09T06:00:00Z
QC-00564-VIABILITY,BAT-00564,VIABILITY,PASS,71.7,%,2026-07-07T16:00:00Z,2026-07-09T07:00:00Z
QC-00564-PURITY,BAT-00564,PURITY,PASS,CONFORMING,,2026-07-07T01:00:00Z,2026-07-08T02:00:00Z
QC-00564-SAFETY,BAT-00564,SAFETY,PASS,CONFORMING,,2026-07-07T11:00:00Z,2026-07-09T01:00:00Z
QC-00565-IDENTITY,BAT-00565,IDENTITY,OOT,BORDERLINE,,2026-07-09T10:00:00Z,2026-07-11T10:00:00Z
QC-00565-POTENCY,BAT-00565,POTENCY,PASS,69.9,AU,2026-07-09T07:00:00Z,2026-07-10T20:00:00Z
QC-00565-STERILITY,BAT-00565,STERILITY,PASS,NO_GROWTH,,2026-07-09T05:00:00Z,2026-07-11T05:00:00Z
QC-00565-VIABILITY,BAT-00565,VIABILITY,PASS,86.9,%,2026-07-09T13:00:00Z,2026-07-11T00:00:00Z
QC-00565-PURITY,BAT-00565,PURITY,PASS,CONFORMING,,2026-07-08T16:00:00Z,2026-07-11T02:00:00Z
QC-00565-SAFETY,BAT-00565,SAFETY,PASS,CONFORMING,,2026-07-08T22:00:00Z,2026-07-10T10:00:00Z
QC-00566-IDENTITY,BAT-00566,IDENTITY,OOT,BORDERLINE,,2026-07-08T16:00:00Z,2026-07-11T05:00:00Z
QC-00566-POTENCY,BAT-00566,POTENCY,PASS,71.0,AU,2026-07-08T14:00:00Z,2026-07-10T22:00:00Z
QC-00566-STERILITY,BAT-00566,STERILITY,PENDING,PENDING,,2026-07-09T00:00:00Z,2026-07-09T22:00:00Z
QC-00566-VIABILITY,BAT-00566,VIABILITY,PASS,88.2,%,2026-07-08T20:00:00Z,2026-07-10T10:00:00Z
QC-00566-PURITY,BAT-00566,PURITY,PASS,CONFORMING,,2026-07-08T14:00:00Z,2026-07-11T08:00:00Z
QC-00566-SAFETY,BAT-00566,SAFETY,OOT,BORDERLINE,,2026-07-08T23:00:00Z,2026-07-09T21:00:00Z
QC-00567-IDENTITY,BAT-00567,IDENTITY,PASS,CONFORMING,,2026-07-16T12:00:00Z,2026-07-17T04:00:00Z
QC-00567-POTENCY,BAT-00567,POTENCY,PASS,60.9,AU,2026-07-15T15:00:00Z,2026-07-18T13:00:00Z
QC-00567-STERILITY,BAT-00567,STERILITY,PASS,NO_GROWTH,,2026-07-16T05:00:00Z,2026-07-18T00:00:00Z
QC-00567-VIABILITY,BAT-00567,VIABILITY,PASS,82.3,%,2026-07-16T02:00:00Z,2026-07-18T04:00:00Z
QC-00567-PURITY,BAT-00567,PURITY,OOT,BORDERLINE,,2026-07-15T20:00:00Z,2026-07-17T10:00:00Z
QC-00567-SAFETY,BAT-00567,SAFETY,PASS,CONFORMING,,2026-07-16T01:00:00Z,2026-07-17T10:00:00Z
QC-00568-IDENTITY,BAT-00568,IDENTITY,PASS,CONFORMING,,2026-07-15T22:00:00Z,2026-07-18T15:00:00Z
QC-00568-POTENCY,BAT-00568,POTENCY,PASS,118.4,AU,2026-07-16T02:00:00Z,2026-07-17T01:00:00Z
QC-00568-STERILITY,BAT-00568,STERILITY,PENDING,PENDING,,2026-07-16T15:00:00Z,2026-07-18T20:00:00Z
QC-00568-VIABILITY,BAT-00568,VIABILITY,PASS,86.0,%,2026-07-16T08:00:00Z,2026-07-18T15:00:00Z
QC-00568-PURITY,BAT-00568,PURITY,OOT,BORDERLINE,,2026-07-16T18:00:00Z,2026-07-17T06:00:00Z
QC-00568-SAFETY,BAT-00568,SAFETY,PASS,CONFORMING,,2026-07-16T18:00:00Z,2026-07-18T16:00:00Z
QC-00569-IDENTITY,BAT-00569,IDENTITY,OOT,BORDERLINE,,2026-07-19T19:00:00Z,2026-07-20T16:00:00Z
QC-00569-POTENCY,BAT-00569,POTENCY,PASS,101.5,AU,2026-07-19T21:00:00Z,2026-07-21T18:00:00Z
QC-00569-STERILITY,BAT-00569,STERILITY,PASS,NO_GROWTH,,2026-07-19T22:00:00Z,2026-07-21T09:00:00Z
QC-00569-VIABILITY,BAT-00569,VIABILITY,PASS,93.2,%,2026-07-20T03:00:00Z,2026-07-21T08:00:00Z
QC-00569-PURITY,BAT-00569,PURITY,OOT,BORDERLINE,,2026-07-19T08:00:00Z,2026-07-21T00:00:00Z
QC-00569-SAFETY,BAT-00569,SAFETY,PASS,CONFORMING,,2026-07-19T19:00:00Z,2026-07-20T20:00:00Z
QC-00570-IDENTITY,BAT-00570,IDENTITY,PASS,CONFORMING,,2026-07-05T20:00:00Z,2026-07-08T19:00:00Z
QC-00570-POTENCY,BAT-00570,POTENCY,PASS,99.6,AU,2026-07-06T18:00:00Z,2026-07-07T10:00:00Z
QC-00570-STERILITY,BAT-00570,STERILITY,PENDING,PENDING,,2026-07-06T18:00:00Z,2026-07-08T01:00:00Z
QC-00570-VIABILITY,BAT-00570,VIABILITY,PASS,80.9,%,2026-07-06T08:00:00Z,2026-07-08T13:00:00Z
QC-00570-PURITY,BAT-00570,PURITY,PASS,CONFORMING,,2026-07-06T13:00:00Z,2026-07-07T22:00:00Z
QC-00570-SAFETY,BAT-00570,SAFETY,PASS,CONFORMING,,2026-07-05T22:00:00Z,2026-07-06T23:00:00Z
QC-00571-IDENTITY,BAT-00571,IDENTITY,PASS,CONFORMING,,2026-07-17T12:00:00Z,2026-07-20T03:00:00Z
QC-00571-POTENCY,BAT-00571,POTENCY,PASS,118.2,AU,2026-07-17T18:00:00Z,2026-07-19T17:00:00Z
QC-00571-STERILITY,BAT-00571,STERILITY,PASS,NO_GROWTH,,2026-07-17T06:00:00Z,2026-07-19T13:00:00Z
QC-00571-VIABILITY,BAT-00571,VIABILITY,OOS,68.2,%,2026-07-17T13:00:00Z,2026-07-19T16:00:00Z
QC-00571-PURITY,BAT-00571,PURITY,OOT,BORDERLINE,,2026-07-17T14:00:00Z,2026-07-18T19:00:00Z
QC-00571-SAFETY,BAT-00571,SAFETY,PASS,CONFORMING,,2026-07-17T18:00:00Z,2026-07-19T22:00:00Z
QC-00572-IDENTITY,BAT-00572,IDENTITY,PASS,CONFORMING,,2026-07-12T20:00:00Z,2026-07-14T06:00:00Z
QC-00572-POTENCY,BAT-00572,POTENCY,PASS,50.6,AU,2026-07-12T20:00:00Z,2026-07-14T15:00:00Z
QC-00572-STERILITY,BAT-00572,STERILITY,PENDING,PENDING,,2026-07-13T15:00:00Z,2026-07-14T22:00:00Z
QC-00572-VIABILITY,BAT-00572,VIABILITY,PASS,95.8,%,2026-07-13T04:00:00Z,2026-07-15T00:00:00Z
QC-00572-PURITY,BAT-00572,PURITY,PASS,CONFORMING,,2026-07-13T03:00:00Z,2026-07-15T00:00:00Z
QC-00572-SAFETY,BAT-00572,SAFETY,PASS,CONFORMING,,2026-07-13T13:00:00Z,2026-07-13T21:00:00Z
QC-00573-IDENTITY,BAT-00573,IDENTITY,PASS,CONFORMING,,2026-07-13T01:00:00Z,2026-07-14T23:00:00Z
QC-00573-POTENCY,BAT-00573,POTENCY,PASS,86.0,AU,2026-07-13T16:00:00Z,2026-07-15T15:00:00Z
QC-00573-STERILITY,BAT-00573,STERILITY,PASS,NO_GROWTH,,2026-07-13T20:00:00Z,2026-07-15T18:00:00Z
QC-00573-VIABILITY,BAT-00573,VIABILITY,OOS,69.2,%,2026-07-13T13:00:00Z,2026-07-14T11:00:00Z
QC-00573-PURITY,BAT-00573,PURITY,PASS,CONFORMING,,2026-07-13T16:00:00Z,2026-07-14T10:00:00Z
QC-00573-SAFETY,BAT-00573,SAFETY,PASS,CONFORMING,,2026-07-13T14:00:00Z,2026-07-14T09:00:00Z
QC-00574-IDENTITY,BAT-00574,IDENTITY,OOT,BORDERLINE,,2026-07-11T14:00:00Z,2026-07-14T04:00:00Z
QC-00574-POTENCY,BAT-00574,POTENCY,OOS,49.0,AU,2026-07-12T01:00:00Z,2026-07-13T07:00:00Z
QC-00574-STERILITY,BAT-00574,STERILITY,PASS,NO_GROWTH,,2026-07-12T06:00:00Z,2026-07-14T00:00:00Z
QC-00574-VIABILITY,BAT-00574,VIABILITY,PASS,92.2,%,2026-07-12T05:00:00Z,2026-07-13T00:00:00Z
QC-00574-PURITY,BAT-00574,PURITY,OOT,BORDERLINE,,2026-07-11T15:00:00Z,2026-07-13T21:00:00Z
QC-00574-SAFETY,BAT-00574,SAFETY,OOT,BORDERLINE,,2026-07-12T01:00:00Z,2026-07-13T09:00:00Z
QC-00575-IDENTITY,BAT-00575,IDENTITY,OOT,BORDERLINE,,2026-07-15T21:00:00Z,2026-07-17T09:00:00Z
QC-00575-POTENCY,BAT-00575,POTENCY,PASS,54.8,AU,2026-07-15T18:00:00Z,2026-07-17T18:00:00Z
QC-00575-STERILITY,BAT-00575,STERILITY,PASS,NO_GROWTH,,2026-07-15T11:00:00Z,2026-07-16T08:00:00Z
QC-00575-VIABILITY,BAT-00575,VIABILITY,PASS,76.4,%,2026-07-15T19:00:00Z,2026-07-16T23:00:00Z
QC-00575-PURITY,BAT-00575,PURITY,OOT,BORDERLINE,,2026-07-15T17:00:00Z,2026-07-16T07:00:00Z
QC-00575-SAFETY,BAT-00575,SAFETY,PASS,CONFORMING,,2026-07-15T06:00:00Z,2026-07-17T21:00:00Z
QC-00576-IDENTITY,BAT-00576,IDENTITY,PASS,CONFORMING,,2026-07-15T10:00:00Z,2026-07-16T20:00:00Z
QC-00576-POTENCY,BAT-00576,POTENCY,PASS,70.9,AU,2026-07-15T15:00:00Z,2026-07-16T00:00:00Z
QC-00576-STERILITY,BAT-00576,STERILITY,PASS,NO_GROWTH,,2026-07-14T21:00:00Z,2026-07-16T20:00:00Z
QC-00576-VIABILITY,BAT-00576,VIABILITY,PASS,75.4,%,2026-07-14T21:00:00Z,2026-07-16T19:00:00Z
QC-00576-PURITY,BAT-00576,PURITY,PASS,CONFORMING,,2026-07-15T06:00:00Z,2026-07-17T13:00:00Z
QC-00576-SAFETY,BAT-00576,SAFETY,PASS,CONFORMING,,2026-07-15T14:00:00Z,2026-07-16T18:00:00Z
QC-00577-IDENTITY,BAT-00577,IDENTITY,PASS,CONFORMING,,2026-07-13T12:00:00Z,2026-07-15T05:00:00Z
QC-00577-POTENCY,BAT-00577,POTENCY,PASS,105.3,AU,2026-07-12T21:00:00Z,2026-07-14T11:00:00Z
QC-00577-STERILITY,BAT-00577,STERILITY,PASS,NO_GROWTH,,2026-07-12T17:00:00Z,2026-07-14T00:00:00Z
QC-00577-VIABILITY,BAT-00577,VIABILITY,PASS,84.8,%,2026-07-12T18:00:00Z,2026-07-14T17:00:00Z
QC-00577-PURITY,BAT-00577,PURITY,PASS,CONFORMING,,2026-07-13T00:00:00Z,2026-07-14T02:00:00Z
QC-00577-SAFETY,BAT-00577,SAFETY,PASS,CONFORMING,,2026-07-13T00:00:00Z,2026-07-14T09:00:00Z
QC-00578-IDENTITY,BAT-00578,IDENTITY,OOT,BORDERLINE,,2026-07-11T09:00:00Z,2026-07-13T10:00:00Z
QC-00578-POTENCY,BAT-00578,POTENCY,PASS,118.4,AU,2026-07-11T16:00:00Z,2026-07-12T13:00:00Z
QC-00578-STERILITY,BAT-00578,STERILITY,PASS,NO_GROWTH,,2026-07-12T03:00:00Z,2026-07-13T09:00:00Z
QC-00578-VIABILITY,BAT-00578,VIABILITY,PASS,93.5,%,2026-07-11T19:00:00Z,2026-07-13T23:00:00Z
QC-00578-PURITY,BAT-00578,PURITY,PASS,CONFORMING,,2026-07-11T22:00:00Z,2026-07-13T00:00:00Z
QC-00578-SAFETY,BAT-00578,SAFETY,PASS,CONFORMING,,2026-07-11T08:00:00Z,2026-07-13T17:00:00Z
QC-00579-IDENTITY,BAT-00579,IDENTITY,OOT,BORDERLINE,,2026-07-14T03:00:00Z,2026-07-15T01:00:00Z
QC-00579-POTENCY,BAT-00579,POTENCY,PASS,83.7,AU,2026-07-13T23:00:00Z,2026-07-15T21:00:00Z
QC-00579-STERILITY,BAT-00579,STERILITY,PASS,NO_GROWTH,,2026-07-13T18:00:00Z,2026-07-15T00:00:00Z
QC-00579-VIABILITY,BAT-00579,VIABILITY,PASS,87.7,%,2026-07-14T00:00:00Z,2026-07-15T13:00:00Z
QC-00579-PURITY,BAT-00579,PURITY,PASS,CONFORMING,,2026-07-14T08:00:00Z,2026-07-15T01:00:00Z
QC-00579-SAFETY,BAT-00579,SAFETY,OOT,BORDERLINE,,2026-07-13T19:00:00Z,2026-07-15T22:00:00Z
QC-00580-IDENTITY,BAT-00580,IDENTITY,OOT,BORDERLINE,,2026-07-17T00:00:00Z,2026-07-18T05:00:00Z
QC-00580-POTENCY,BAT-00580,POTENCY,PASS,53.6,AU,2026-07-17T04:00:00Z,2026-07-19T08:00:00Z
QC-00580-STERILITY,BAT-00580,STERILITY,PASS,NO_GROWTH,,2026-07-16T21:00:00Z,2026-07-18T08:00:00Z
QC-00580-VIABILITY,BAT-00580,VIABILITY,PASS,93.9,%,2026-07-16T15:00:00Z,2026-07-18T19:00:00Z
QC-00580-PURITY,BAT-00580,PURITY,OOT,BORDERLINE,,2026-07-17T05:00:00Z,2026-07-18T11:00:00Z
QC-00580-SAFETY,BAT-00580,SAFETY,PASS,CONFORMING,,2026-07-16T23:00:00Z,2026-07-17T21:00:00Z
QC-00581-IDENTITY,BAT-00581,IDENTITY,PASS,CONFORMING,,2026-07-13T00:00:00Z,2026-07-14T10:00:00Z
QC-00581-POTENCY,BAT-00581,POTENCY,PASS,112.3,AU,2026-07-12T15:00:00Z,2026-07-15T06:00:00Z
QC-00581-STERILITY,BAT-00581,STERILITY,PASS,NO_GROWTH,,2026-07-13T10:00:00Z,2026-07-15T04:00:00Z
QC-00581-VIABILITY,BAT-00581,VIABILITY,PASS,73.6,%,2026-07-12T14:00:00Z,2026-07-14T06:00:00Z
QC-00581-PURITY,BAT-00581,PURITY,PASS,CONFORMING,,2026-07-13T01:00:00Z,2026-07-14T02:00:00Z
QC-00581-SAFETY,BAT-00581,SAFETY,PASS,CONFORMING,,2026-07-13T13:00:00Z,2026-07-15T04:00:00Z
QC-00582-IDENTITY,BAT-00582,IDENTITY,PASS,CONFORMING,,2026-07-12T05:00:00Z,2026-07-15T02:00:00Z
QC-00582-POTENCY,BAT-00582,POTENCY,PASS,97.1,AU,2026-07-12T06:00:00Z,2026-07-14T03:00:00Z
QC-00582-STERILITY,BAT-00582,STERILITY,PASS,NO_GROWTH,,2026-07-12T10:00:00Z,2026-07-14T16:00:00Z
QC-00582-VIABILITY,BAT-00582,VIABILITY,PASS,85.1,%,2026-07-12T14:00:00Z,2026-07-14T04:00:00Z
QC-00582-PURITY,BAT-00582,PURITY,OOT,BORDERLINE,,2026-07-12T23:00:00Z,2026-07-14T10:00:00Z
QC-00582-SAFETY,BAT-00582,SAFETY,PASS,CONFORMING,,2026-07-13T00:00:00Z,2026-07-14T14:00:00Z
QC-00583-IDENTITY,BAT-00583,IDENTITY,PASS,CONFORMING,,2026-07-16T22:00:00Z,2026-07-19T07:00:00Z
QC-00583-POTENCY,BAT-00583,POTENCY,PASS,77.5,AU,2026-07-16T23:00:00Z,2026-07-19T19:00:00Z
QC-00583-STERILITY,BAT-00583,STERILITY,PASS,NO_GROWTH,,2026-07-16T22:00:00Z,2026-07-19T07:00:00Z
QC-00583-VIABILITY,BAT-00583,VIABILITY,PASS,89.6,%,2026-07-17T12:00:00Z,2026-07-18T18:00:00Z
QC-00583-PURITY,BAT-00583,PURITY,PASS,CONFORMING,,2026-07-16T21:00:00Z,2026-07-19T06:00:00Z
QC-00583-SAFETY,BAT-00583,SAFETY,OOT,BORDERLINE,,2026-07-16T21:00:00Z,2026-07-19T05:00:00Z
QC-00584-IDENTITY,BAT-00584,IDENTITY,OOT,BORDERLINE,,2026-07-17T00:00:00Z,2026-07-18T14:00:00Z
QC-00584-POTENCY,BAT-00584,POTENCY,PASS,115.6,AU,2026-07-17T12:00:00Z,2026-07-19T01:00:00Z
QC-00584-STERILITY,BAT-00584,STERILITY,PASS,NO_GROWTH,,2026-07-17T13:00:00Z,2026-07-19T09:00:00Z
QC-00584-VIABILITY,BAT-00584,VIABILITY,OOS,69.4,%,2026-07-17T00:00:00Z,2026-07-19T11:00:00Z
QC-00584-PURITY,BAT-00584,PURITY,PASS,CONFORMING,,2026-07-17T08:00:00Z,2026-07-19T01:00:00Z
QC-00584-SAFETY,BAT-00584,SAFETY,OOT,BORDERLINE,,2026-07-17T07:00:00Z,2026-07-19T01:00:00Z
QC-00585-IDENTITY,BAT-00585,IDENTITY,OOT,BORDERLINE,,2026-07-16T00:00:00Z,2026-07-17T10:00:00Z
QC-00585-POTENCY,BAT-00585,POTENCY,PASS,92.9,AU,2026-07-15T23:00:00Z,2026-07-17T23:00:00Z
QC-00585-STERILITY,BAT-00585,STERILITY,PASS,NO_GROWTH,,2026-07-16T03:00:00Z,2026-07-16T07:00:00Z
QC-00585-VIABILITY,BAT-00585,VIABILITY,OOS,67.1,%,2026-07-15T10:00:00Z,2026-07-17T18:00:00Z
QC-00585-PURITY,BAT-00585,PURITY,PASS,CONFORMING,,2026-07-15T04:00:00Z,2026-07-18T04:00:00Z
QC-00585-SAFETY,BAT-00585,SAFETY,PASS,CONFORMING,,2026-07-15T15:00:00Z,2026-07-17T09:00:00Z
QC-00586-IDENTITY,BAT-00586,IDENTITY,OOT,BORDERLINE,,2026-07-16T10:00:00Z,2026-07-17T16:00:00Z
QC-00586-POTENCY,BAT-00586,POTENCY,OOS,40.6,AU,2026-07-16T11:00:00Z,2026-07-18T20:00:00Z
QC-00586-STERILITY,BAT-00586,STERILITY,PASS,NO_GROWTH,,2026-07-17T01:00:00Z,2026-07-17T17:00:00Z
QC-00586-VIABILITY,BAT-00586,VIABILITY,PASS,70.1,%,2026-07-16T10:00:00Z,2026-07-18T20:00:00Z
QC-00586-PURITY,BAT-00586,PURITY,OOT,BORDERLINE,,2026-07-17T00:00:00Z,2026-07-18T07:00:00Z
QC-00586-SAFETY,BAT-00586,SAFETY,PASS,CONFORMING,,2026-07-17T01:00:00Z,2026-07-19T01:00:00Z
QC-00587-IDENTITY,BAT-00587,IDENTITY,PASS,CONFORMING,,2026-07-09T11:00:00Z,2026-07-10T02:00:00Z
QC-00587-POTENCY,BAT-00587,POTENCY,PASS,51.5,AU,2026-07-08T23:00:00Z,2026-07-10T16:00:00Z
QC-00587-STERILITY,BAT-00587,STERILITY,PASS,NO_GROWTH,,2026-07-09T01:00:00Z,2026-07-10T02:00:00Z
QC-00587-VIABILITY,BAT-00587,VIABILITY,PASS,72.9,%,2026-07-09T12:00:00Z,2026-07-09T15:00:00Z
QC-00587-PURITY,BAT-00587,PURITY,PASS,CONFORMING,,2026-07-09T07:00:00Z,2026-07-10T00:00:00Z
QC-00587-SAFETY,BAT-00587,SAFETY,OOT,BORDERLINE,,2026-07-09T08:00:00Z,2026-07-11T10:00:00Z
QC-00588-IDENTITY,BAT-00588,IDENTITY,PASS,CONFORMING,,2026-07-17T09:00:00Z,2026-07-18T10:00:00Z
QC-00588-POTENCY,BAT-00588,POTENCY,PASS,67.1,AU,2026-07-16T19:00:00Z,2026-07-17T21:00:00Z
QC-00588-STERILITY,BAT-00588,STERILITY,PASS,NO_GROWTH,,2026-07-16T16:00:00Z,2026-07-17T23:00:00Z
QC-00588-VIABILITY,BAT-00588,VIABILITY,OOS,68.3,%,2026-07-16T15:00:00Z,2026-07-17T12:00:00Z
QC-00588-PURITY,BAT-00588,PURITY,OOT,BORDERLINE,,2026-07-16T13:00:00Z,2026-07-17T16:00:00Z
QC-00588-SAFETY,BAT-00588,SAFETY,PASS,CONFORMING,,2026-07-16T11:00:00Z,2026-07-17T17:00:00Z
QC-00589-IDENTITY,BAT-00589,IDENTITY,PASS,CONFORMING,,2026-07-18T19:00:00Z,2026-07-19T14:00:00Z
QC-00589-POTENCY,BAT-00589,POTENCY,OOS,47.9,AU,2026-07-18T17:00:00Z,2026-07-19T20:00:00Z
QC-00589-STERILITY,BAT-00589,STERILITY,PASS,NO_GROWTH,,2026-07-18T12:00:00Z,2026-07-20T12:00:00Z
QC-00589-VIABILITY,BAT-00589,VIABILITY,PASS,80.6,%,2026-07-19T00:00:00Z,2026-07-20T06:00:00Z
QC-00589-PURITY,BAT-00589,PURITY,PASS,CONFORMING,,2026-07-18T02:00:00Z,2026-07-20T05:00:00Z
QC-00589-SAFETY,BAT-00589,SAFETY,PASS,CONFORMING,,2026-07-18T18:00:00Z,2026-07-20T03:00:00Z
QC-00590-IDENTITY,BAT-00590,IDENTITY,PASS,CONFORMING,,2026-07-14T04:00:00Z,2026-07-15T10:00:00Z
QC-00590-POTENCY,BAT-00590,POTENCY,OOS,49.8,AU,2026-07-14T13:00:00Z,2026-07-15T20:00:00Z
QC-00590-STERILITY,BAT-00590,STERILITY,PENDING,PENDING,,2026-07-14T07:00:00Z,2026-07-15T01:00:00Z
QC-00590-VIABILITY,BAT-00590,VIABILITY,PASS,72.7,%,2026-07-14T12:00:00Z,2026-07-14T17:00:00Z
QC-00590-PURITY,BAT-00590,PURITY,PASS,CONFORMING,,2026-07-13T21:00:00Z,2026-07-15T07:00:00Z
QC-00590-SAFETY,BAT-00590,SAFETY,PASS,CONFORMING,,2026-07-14T05:00:00Z,2026-07-15T11:00:00Z
QC-00591-IDENTITY,BAT-00591,IDENTITY,PASS,CONFORMING,,2026-07-22T04:00:00Z,2026-07-23T07:00:00Z
QC-00591-POTENCY,BAT-00591,POTENCY,OOS,46.4,AU,2026-07-22T14:00:00Z,2026-07-24T13:00:00Z
QC-00591-STERILITY,BAT-00591,STERILITY,PENDING,PENDING,,2026-07-22T05:00:00Z,2026-07-24T05:00:00Z
QC-00591-VIABILITY,BAT-00591,VIABILITY,PASS,75.8,%,2026-07-22T03:00:00Z,2026-07-23T06:00:00Z
QC-00591-PURITY,BAT-00591,PURITY,PASS,CONFORMING,,2026-07-22T05:00:00Z,2026-07-23T12:00:00Z
QC-00591-SAFETY,BAT-00591,SAFETY,OOT,BORDERLINE,,2026-07-22T04:00:00Z,2026-07-22T22:00:00Z
QC-00592-IDENTITY,BAT-00592,IDENTITY,PASS,CONFORMING,,2026-07-14T12:00:00Z,2026-07-16T13:00:00Z
QC-00592-POTENCY,BAT-00592,POTENCY,PASS,65.3,AU,2026-07-15T04:00:00Z,2026-07-16T10:00:00Z
QC-00592-STERILITY,BAT-00592,STERILITY,PENDING,PENDING,,2026-07-14T20:00:00Z,2026-07-16T18:00:00Z
QC-00592-VIABILITY,BAT-00592,VIABILITY,PASS,82.9,%,2026-07-14T13:00:00Z,2026-07-16T14:00:00Z
QC-00592-PURITY,BAT-00592,PURITY,PASS,CONFORMING,,2026-07-14T09:00:00Z,2026-07-17T07:00:00Z
QC-00592-SAFETY,BAT-00592,SAFETY,PASS,CONFORMING,,2026-07-15T06:00:00Z,2026-07-16T08:00:00Z
QC-00593-IDENTITY,BAT-00593,IDENTITY,PASS,CONFORMING,,2026-07-12T17:00:00Z,2026-07-13T09:00:00Z
QC-00593-POTENCY,BAT-00593,POTENCY,PASS,90.1,AU,2026-07-12T12:00:00Z,2026-07-14T22:00:00Z
QC-00593-STERILITY,BAT-00593,STERILITY,PENDING,PENDING,,2026-07-12T09:00:00Z,2026-07-14T10:00:00Z
QC-00593-VIABILITY,BAT-00593,VIABILITY,PASS,80.7,%,2026-07-12T23:00:00Z,2026-07-14T22:00:00Z
QC-00593-PURITY,BAT-00593,PURITY,PASS,CONFORMING,,2026-07-12T19:00:00Z,2026-07-14T00:00:00Z
QC-00593-SAFETY,BAT-00593,SAFETY,PASS,CONFORMING,,2026-07-12T11:00:00Z,2026-07-13T19:00:00Z
QC-00594-IDENTITY,BAT-00594,IDENTITY,OOT,BORDERLINE,,2026-07-16T12:00:00Z,2026-07-18T00:00:00Z
QC-00594-POTENCY,BAT-00594,POTENCY,PASS,55.2,AU,2026-07-16T09:00:00Z,2026-07-17T11:00:00Z
QC-00594-STERILITY,BAT-00594,STERILITY,PASS,NO_GROWTH,,2026-07-16T00:00:00Z,2026-07-18T16:00:00Z
QC-00594-VIABILITY,BAT-00594,VIABILITY,PASS,74.5,%,2026-07-16T19:00:00Z,2026-07-16T22:00:00Z
QC-00594-PURITY,BAT-00594,PURITY,PASS,CONFORMING,,2026-07-16T15:00:00Z,2026-07-17T05:00:00Z
QC-00594-SAFETY,BAT-00594,SAFETY,PASS,CONFORMING,,2026-07-16T15:00:00Z,2026-07-18T01:00:00Z
QC-00595-IDENTITY,BAT-00595,IDENTITY,PASS,CONFORMING,,2026-07-21T11:00:00Z,2026-07-23T08:00:00Z
QC-00595-POTENCY,BAT-00595,POTENCY,PASS,67.6,AU,2026-07-21T18:00:00Z,2026-07-23T22:00:00Z
QC-00595-STERILITY,BAT-00595,STERILITY,PASS,NO_GROWTH,,2026-07-21T10:00:00Z,2026-07-23T18:00:00Z
QC-00595-VIABILITY,BAT-00595,VIABILITY,PASS,93.2,%,2026-07-22T03:00:00Z,2026-07-23T10:00:00Z
QC-00595-PURITY,BAT-00595,PURITY,PASS,CONFORMING,,2026-07-21T13:00:00Z,2026-07-23T06:00:00Z
QC-00595-SAFETY,BAT-00595,SAFETY,OOT,BORDERLINE,,2026-07-21T17:00:00Z,2026-07-22T17:00:00Z
QC-00596-IDENTITY,BAT-00596,IDENTITY,OOT,BORDERLINE,,2026-07-21T03:00:00Z,2026-07-23T09:00:00Z
QC-00596-POTENCY,BAT-00596,POTENCY,OOS,48.7,AU,2026-07-20T20:00:00Z,2026-07-22T21:00:00Z
QC-00596-STERILITY,BAT-00596,STERILITY,PASS,NO_GROWTH,,2026-07-20T10:00:00Z,2026-07-22T19:00:00Z
QC-00596-VIABILITY,BAT-00596,VIABILITY,PASS,82.2,%,2026-07-21T03:00:00Z,2026-07-21T18:00:00Z
QC-00596-PURITY,BAT-00596,PURITY,OOT,BORDERLINE,,2026-07-20T14:00:00Z,2026-07-21T21:00:00Z
QC-00596-SAFETY,BAT-00596,SAFETY,OOT,BORDERLINE,,2026-07-20T11:00:00Z,2026-07-22T19:00:00Z
QC-00597-IDENTITY,BAT-00597,IDENTITY,PASS,CONFORMING,,2026-07-18T03:00:00Z,2026-07-18T16:00:00Z
QC-00597-POTENCY,BAT-00597,POTENCY,PASS,83.8,AU,2026-07-18T01:00:00Z,2026-07-18T19:00:00Z
QC-00597-STERILITY,BAT-00597,STERILITY,PASS,NO_GROWTH,,2026-07-17T14:00:00Z,2026-07-18T14:00:00Z
QC-00597-VIABILITY,BAT-00597,VIABILITY,OOS,65.9,%,2026-07-17T16:00:00Z,2026-07-19T21:00:00Z
QC-00597-PURITY,BAT-00597,PURITY,PASS,CONFORMING,,2026-07-17T23:00:00Z,2026-07-20T00:00:00Z
QC-00597-SAFETY,BAT-00597,SAFETY,OOT,BORDERLINE,,2026-07-17T22:00:00Z,2026-07-19T17:00:00Z
QC-00598-IDENTITY,BAT-00598,IDENTITY,PASS,CONFORMING,,2026-07-14T23:00:00Z,2026-07-15T22:00:00Z
QC-00598-POTENCY,BAT-00598,POTENCY,PASS,119.1,AU,2026-07-14T21:00:00Z,2026-07-16T23:00:00Z
QC-00598-STERILITY,BAT-00598,STERILITY,PASS,NO_GROWTH,,2026-07-14T11:00:00Z,2026-07-15T18:00:00Z
QC-00598-VIABILITY,BAT-00598,VIABILITY,PASS,91.0,%,2026-07-14T13:00:00Z,2026-07-16T17:00:00Z
QC-00598-PURITY,BAT-00598,PURITY,PASS,CONFORMING,,2026-07-14T05:00:00Z,2026-07-15T02:00:00Z
QC-00598-SAFETY,BAT-00598,SAFETY,PASS,CONFORMING,,2026-07-14T09:00:00Z,2026-07-16T12:00:00Z
QC-00599-IDENTITY,BAT-00599,IDENTITY,PASS,CONFORMING,,2026-07-16T16:00:00Z,2026-07-19T03:00:00Z
QC-00599-POTENCY,BAT-00599,POTENCY,OOS,41.6,AU,2026-07-16T18:00:00Z,2026-07-19T05:00:00Z
QC-00599-STERILITY,BAT-00599,STERILITY,PENDING,PENDING,,2026-07-17T02:00:00Z,2026-07-19T05:00:00Z
QC-00599-VIABILITY,BAT-00599,VIABILITY,PASS,75.7,%,2026-07-17T01:00:00Z,2026-07-19T15:00:00Z
QC-00599-PURITY,BAT-00599,PURITY,OOT,BORDERLINE,,2026-07-17T10:00:00Z,2026-07-18T04:00:00Z
QC-00599-SAFETY,BAT-00599,SAFETY,PASS,CONFORMING,,2026-07-17T02:00:00Z,2026-07-18T23:00:00Z
QC-00600-IDENTITY,BAT-00600,IDENTITY,PASS,CONFORMING,,2026-07-15T15:00:00Z,2026-07-17T10:00:00Z
QC-00600-POTENCY,BAT-00600,POTENCY,OOS,48.0,AU,2026-07-16T06:00:00Z,2026-07-17T12:00:00Z
QC-00600-STERILITY,BAT-00600,STERILITY,PENDING,PENDING,,2026-07-15T13:00:00Z,2026-07-17T23:00:00Z
QC-00600-VIABILITY,BAT-00600,VIABILITY,PASS,81.5,%,2026-07-15T19:00:00Z,2026-07-18T06:00:00Z
QC-00600-PURITY,BAT-00600,PURITY,PASS,CONFORMING,,2026-07-15T19:00:00Z,2026-07-16T22:00:00Z
QC-00600-SAFETY,BAT-00600,SAFETY,OOT,BORDERLINE,,2026-07-16T00:00:00Z,2026-07-18T06:00:00Z
QC-00601-IDENTITY,BAT-00601,IDENTITY,PASS,CONFORMING,,2026-07-17T22:00:00Z,2026-07-18T07:00:00Z
QC-00601-POTENCY,BAT-00601,POTENCY,PASS,104.1,AU,2026-07-18T03:00:00Z,2026-07-19T08:00:00Z
QC-00601-STERILITY,BAT-00601,STERILITY,PASS,NO_GROWTH,,2026-07-17T23:00:00Z,2026-07-19T23:00:00Z
QC-00601-VIABILITY,BAT-00601,VIABILITY,PASS,71.0,%,2026-07-17T23:00:00Z,2026-07-18T21:00:00Z
QC-00601-PURITY,BAT-00601,PURITY,PASS,CONFORMING,,2026-07-17T14:00:00Z,2026-07-18T08:00:00Z
QC-00601-SAFETY,BAT-00601,SAFETY,PASS,CONFORMING,,2026-07-17T23:00:00Z,2026-07-19T14:00:00Z
QC-00602-IDENTITY,BAT-00602,IDENTITY,PASS,CONFORMING,,2026-07-20T14:00:00Z,2026-07-23T00:00:00Z
QC-00602-POTENCY,BAT-00602,POTENCY,PASS,66.1,AU,2026-07-20T17:00:00Z,2026-07-22T06:00:00Z
QC-00602-STERILITY,BAT-00602,STERILITY,PASS,NO_GROWTH,,2026-07-21T07:00:00Z,2026-07-22T20:00:00Z
QC-00602-VIABILITY,BAT-00602,VIABILITY,PASS,92.3,%,2026-07-21T03:00:00Z,2026-07-23T12:00:00Z
QC-00602-PURITY,BAT-00602,PURITY,PASS,CONFORMING,,2026-07-21T07:00:00Z,2026-07-23T09:00:00Z
QC-00602-SAFETY,BAT-00602,SAFETY,PASS,CONFORMING,,2026-07-20T19:00:00Z,2026-07-21T14:00:00Z
QC-00603-IDENTITY,BAT-00603,IDENTITY,PASS,CONFORMING,,2026-07-25T07:00:00Z,2026-07-26T08:00:00Z
QC-00603-POTENCY,BAT-00603,POTENCY,PASS,76.0,AU,2026-07-25T22:00:00Z,2026-07-27T21:00:00Z
QC-00603-STERILITY,BAT-00603,STERILITY,PENDING,PENDING,,2026-07-25T03:00:00Z,2026-07-26T23:00:00Z
QC-00603-VIABILITY,BAT-00603,VIABILITY,PASS,95.7,%,2026-07-25T15:00:00Z,2026-07-26T21:00:00Z
QC-00603-PURITY,BAT-00603,PURITY,OOT,BORDERLINE,,2026-07-25T16:00:00Z,2026-07-27T04:00:00Z
QC-00603-SAFETY,BAT-00603,SAFETY,PASS,CONFORMING,,2026-07-25T22:00:00Z,2026-07-27T09:00:00Z
QC-00604-IDENTITY,BAT-00604,IDENTITY,PASS,CONFORMING,,2026-07-17T03:00:00Z,2026-07-19T22:00:00Z
QC-00604-POTENCY,BAT-00604,POTENCY,PASS,92.8,AU,2026-07-17T15:00:00Z,2026-07-18T21:00:00Z
QC-00604-STERILITY,BAT-00604,STERILITY,PASS,NO_GROWTH,,2026-07-17T00:00:00Z,2026-07-19T10:00:00Z
QC-00604-VIABILITY,BAT-00604,VIABILITY,PASS,78.0,%,2026-07-17T15:00:00Z,2026-07-19T05:00:00Z
QC-00604-PURITY,BAT-00604,PURITY,OOT,BORDERLINE,,2026-07-17T17:00:00Z,2026-07-19T14:00:00Z
QC-00604-SAFETY,BAT-00604,SAFETY,PASS,CONFORMING,,2026-07-17T19:00:00Z,2026-07-19T15:00:00Z
QC-00605-IDENTITY,BAT-00605,IDENTITY,OOT,BORDERLINE,,2026-07-23T23:00:00Z,2026-07-24T10:00:00Z
QC-00605-POTENCY,BAT-00605,POTENCY,PASS,70.7,AU,2026-07-23T16:00:00Z,2026-07-24T12:00:00Z
QC-00605-STERILITY,BAT-00605,STERILITY,PASS,NO_GROWTH,,2026-07-24T00:00:00Z,2026-07-24T04:00:00Z
QC-00605-VIABILITY,BAT-00605,VIABILITY,PASS,86.4,%,2026-07-23T03:00:00Z,2026-07-25T04:00:00Z
QC-00605-PURITY,BAT-00605,PURITY,PASS,CONFORMING,,2026-07-23T08:00:00Z,2026-07-24T07:00:00Z
QC-00605-SAFETY,BAT-00605,SAFETY,PASS,CONFORMING,,2026-07-23T08:00:00Z,2026-07-25T11:00:00Z
QC-00606-IDENTITY,BAT-00606,IDENTITY,OOT,BORDERLINE,,2026-07-21T20:00:00Z,2026-07-22T14:00:00Z
QC-00606-POTENCY,BAT-00606,POTENCY,OOS,48.4,AU,2026-07-22T09:00:00Z,2026-07-24T08:00:00Z
QC-00606-STERILITY,BAT-00606,STERILITY,PENDING,PENDING,,2026-07-21T22:00:00Z,2026-07-22T17:00:00Z
QC-00606-VIABILITY,BAT-00606,VIABILITY,PASS,74.6,%,2026-07-21T15:00:00Z,2026-07-24T01:00:00Z
QC-00606-PURITY,BAT-00606,PURITY,OOT,BORDERLINE,,2026-07-21T19:00:00Z,2026-07-22T23:00:00Z
QC-00606-SAFETY,BAT-00606,SAFETY,PASS,CONFORMING,,2026-07-22T10:00:00Z,2026-07-22T15:00:00Z
QC-00607-IDENTITY,BAT-00607,IDENTITY,PASS,CONFORMING,,2026-07-25T06:00:00Z,2026-07-26T19:00:00Z
QC-00607-POTENCY,BAT-00607,POTENCY,PASS,61.2,AU,2026-07-25T14:00:00Z,2026-07-27T16:00:00Z
QC-00607-STERILITY,BAT-00607,STERILITY,PENDING,PENDING,,2026-07-25T19:00:00Z,2026-07-27T01:00:00Z
QC-00607-VIABILITY,BAT-00607,VIABILITY,PASS,87.7,%,2026-07-25T09:00:00Z,2026-07-27T06:00:00Z
QC-00607-PURITY,BAT-00607,PURITY,PASS,CONFORMING,,2026-07-25T22:00:00Z,2026-07-27T14:00:00Z
QC-00607-SAFETY,BAT-00607,SAFETY,PASS,CONFORMING,,2026-07-25T16:00:00Z,2026-07-27T17:00:00Z
QC-00608-IDENTITY,BAT-00608,IDENTITY,PASS,CONFORMING,,2026-07-19T22:00:00Z,2026-07-21T21:00:00Z
QC-00608-POTENCY,BAT-00608,POTENCY,PASS,68.9,AU,2026-07-19T04:00:00Z,2026-07-21T06:00:00Z
QC-00608-STERILITY,BAT-00608,STERILITY,PASS,NO_GROWTH,,2026-07-19T21:00:00Z,2026-07-21T07:00:00Z
QC-00608-VIABILITY,BAT-00608,VIABILITY,PASS,79.3,%,2026-07-19T09:00:00Z,2026-07-20T20:00:00Z
QC-00608-PURITY,BAT-00608,PURITY,PASS,CONFORMING,,2026-07-19T08:00:00Z,2026-07-21T09:00:00Z
QC-00608-SAFETY,BAT-00608,SAFETY,OOT,BORDERLINE,,2026-07-19T06:00:00Z,2026-07-20T15:00:00Z
QC-00609-IDENTITY,BAT-00609,IDENTITY,PASS,CONFORMING,,2026-07-22T13:00:00Z,2026-07-23T20:00:00Z
QC-00609-POTENCY,BAT-00609,POTENCY,PASS,113.8,AU,2026-07-22T01:00:00Z,2026-07-24T07:00:00Z
QC-00609-STERILITY,BAT-00609,STERILITY,PASS,NO_GROWTH,,2026-07-22T08:00:00Z,2026-07-24T06:00:00Z
QC-00609-VIABILITY,BAT-00609,VIABILITY,PASS,74.1,%,2026-07-22T15:00:00Z,2026-07-23T07:00:00Z
QC-00609-PURITY,BAT-00609,PURITY,PASS,CONFORMING,,2026-07-21T23:00:00Z,2026-07-24T15:00:00Z
QC-00609-SAFETY,BAT-00609,SAFETY,PASS,CONFORMING,,2026-07-22T21:00:00Z,2026-07-23T23:00:00Z
QC-00610-IDENTITY,BAT-00610,IDENTITY,PASS,CONFORMING,,2026-07-24T17:00:00Z,2026-07-25T07:00:00Z
QC-00610-POTENCY,BAT-00610,POTENCY,PASS,115.8,AU,2026-07-24T10:00:00Z,2026-07-26T08:00:00Z
QC-00610-STERILITY,BAT-00610,STERILITY,PASS,NO_GROWTH,,2026-07-24T10:00:00Z,2026-07-25T06:00:00Z
QC-00610-VIABILITY,BAT-00610,VIABILITY,PASS,84.7,%,2026-07-24T17:00:00Z,2026-07-26T02:00:00Z
QC-00610-PURITY,BAT-00610,PURITY,PASS,CONFORMING,,2026-07-24T03:00:00Z,2026-07-26T12:00:00Z
QC-00610-SAFETY,BAT-00610,SAFETY,PASS,CONFORMING,,2026-07-24T14:00:00Z,2026-07-26T07:00:00Z
QC-00611-IDENTITY,BAT-00611,IDENTITY,PASS,CONFORMING,,2026-07-22T22:00:00Z,2026-07-25T06:00:00Z
QC-00611-POTENCY,BAT-00611,POTENCY,PASS,109.9,AU,2026-07-22T13:00:00Z,2026-07-24T17:00:00Z
QC-00611-STERILITY,BAT-00611,STERILITY,PENDING,PENDING,,2026-07-22T17:00:00Z,2026-07-23T16:00:00Z
QC-00611-VIABILITY,BAT-00611,VIABILITY,PASS,86.9,%,2026-07-23T04:00:00Z,2026-07-23T22:00:00Z
QC-00611-PURITY,BAT-00611,PURITY,PASS,CONFORMING,,2026-07-22T12:00:00Z,2026-07-24T04:00:00Z
QC-00611-SAFETY,BAT-00611,SAFETY,PASS,CONFORMING,,2026-07-22T14:00:00Z,2026-07-24T09:00:00Z
QC-00612-IDENTITY,BAT-00612,IDENTITY,OOT,BORDERLINE,,2026-07-15T20:00:00Z,2026-07-17T15:00:00Z
QC-00612-POTENCY,BAT-00612,POTENCY,PASS,81.5,AU,2026-07-15T11:00:00Z,2026-07-17T06:00:00Z
QC-00612-STERILITY,BAT-00612,STERILITY,PASS,NO_GROWTH,,2026-07-15T00:00:00Z,2026-07-16T16:00:00Z
QC-00612-VIABILITY,BAT-00612,VIABILITY,PASS,96.4,%,2026-07-15T14:00:00Z,2026-07-16T00:00:00Z
QC-00612-PURITY,BAT-00612,PURITY,PASS,CONFORMING,,2026-07-15T03:00:00Z,2026-07-17T20:00:00Z
QC-00612-SAFETY,BAT-00612,SAFETY,PASS,CONFORMING,,2026-07-15T00:00:00Z,2026-07-17T19:00:00Z
QC-00613-IDENTITY,BAT-00613,IDENTITY,PASS,CONFORMING,,2026-07-28T17:00:00Z,2026-07-29T01:00:00Z
QC-00613-POTENCY,BAT-00613,POTENCY,PASS,103.1,AU,2026-07-28T09:00:00Z,2026-07-29T03:00:00Z
QC-00613-STERILITY,BAT-00613,STERILITY,PASS,NO_GROWTH,,2026-07-28T09:00:00Z,2026-07-29T11:00:00Z
QC-00613-VIABILITY,BAT-00613,VIABILITY,OOS,68.3,%,2026-07-28T14:00:00Z,2026-07-30T12:00:00Z
QC-00613-PURITY,BAT-00613,PURITY,PASS,CONFORMING,,2026-07-28T06:00:00Z,2026-07-29T14:00:00Z
QC-00613-SAFETY,BAT-00613,SAFETY,PASS,CONFORMING,,2026-07-28T09:00:00Z,2026-07-28T23:00:00Z
QC-00614-IDENTITY,BAT-00614,IDENTITY,PASS,CONFORMING,,2026-07-25T05:00:00Z,2026-07-26T07:00:00Z
QC-00614-POTENCY,BAT-00614,POTENCY,PASS,95.9,AU,2026-07-25T07:00:00Z,2026-07-26T01:00:00Z
QC-00614-STERILITY,BAT-00614,STERILITY,PENDING,PENDING,,2026-07-25T08:00:00Z,2026-07-26T13:00:00Z
QC-00614-VIABILITY,BAT-00614,VIABILITY,OOS,65.8,%,2026-07-25T05:00:00Z,2026-07-27T06:00:00Z
QC-00614-PURITY,BAT-00614,PURITY,OOT,BORDERLINE,,2026-07-24T17:00:00Z,2026-07-25T22:00:00Z
QC-00614-SAFETY,BAT-00614,SAFETY,PASS,CONFORMING,,2026-07-25T07:00:00Z,2026-07-26T04:00:00Z
QC-00615-IDENTITY,BAT-00615,IDENTITY,OOT,BORDERLINE,,2026-07-27T15:00:00Z,2026-07-29T13:00:00Z
QC-00615-POTENCY,BAT-00615,POTENCY,PASS,65.5,AU,2026-07-27T11:00:00Z,2026-07-28T15:00:00Z
QC-00615-STERILITY,BAT-00615,STERILITY,PASS,NO_GROWTH,,2026-07-28T01:00:00Z,2026-07-29T00:00:00Z
QC-00615-VIABILITY,BAT-00615,VIABILITY,OOS,65.4,%,2026-07-27T08:00:00Z,2026-07-29T17:00:00Z
QC-00615-PURITY,BAT-00615,PURITY,PASS,CONFORMING,,2026-07-27T17:00:00Z,2026-07-28T21:00:00Z
QC-00615-SAFETY,BAT-00615,SAFETY,PASS,CONFORMING,,2026-07-27T11:00:00Z,2026-07-29T18:00:00Z
QC-00616-IDENTITY,BAT-00616,IDENTITY,OOT,BORDERLINE,,2026-07-30T08:00:00Z,2026-08-01T10:00:00Z
QC-00616-POTENCY,BAT-00616,POTENCY,PASS,110.1,AU,2026-07-30T01:00:00Z,2026-07-31T02:00:00Z
QC-00616-STERILITY,BAT-00616,STERILITY,PASS,NO_GROWTH,,2026-07-30T18:00:00Z,2026-08-01T16:00:00Z
QC-00616-VIABILITY,BAT-00616,VIABILITY,PASS,85.6,%,2026-07-30T01:00:00Z,2026-07-31T18:00:00Z
QC-00616-PURITY,BAT-00616,PURITY,OOT,BORDERLINE,,2026-07-30T12:00:00Z,2026-08-01T11:00:00Z
QC-00616-SAFETY,BAT-00616,SAFETY,PASS,CONFORMING,,2026-07-30T06:00:00Z,2026-07-31T17:00:00Z
QC-00617-IDENTITY,BAT-00617,IDENTITY,PASS,CONFORMING,,2026-07-28T09:00:00Z,2026-07-30T00:00:00Z
QC-00617-POTENCY,BAT-00617,POTENCY,PASS,114.1,AU,2026-07-27T18:00:00Z,2026-07-30T03:00:00Z
QC-00617-STERILITY,BAT-00617,STERILITY,PASS,NO_GROWTH,,2026-07-27T23:00:00Z,2026-07-28T16:00:00Z
QC-00617-VIABILITY,BAT-00617,VIABILITY,PASS,80.7,%,2026-07-28T10:00:00Z,2026-07-29T23:00:00Z
QC-00617-PURITY,BAT-00617,PURITY,OOT,BORDERLINE,,2026-07-28T06:00:00Z,2026-07-30T11:00:00Z
QC-00617-SAFETY,BAT-00617,SAFETY,OOT,BORDERLINE,,2026-07-27T12:00:00Z,2026-07-28T16:00:00Z
QC-00618-IDENTITY,BAT-00618,IDENTITY,PASS,CONFORMING,,2026-07-28T16:00:00Z,2026-07-30T13:00:00Z
QC-00618-POTENCY,BAT-00618,POTENCY,PASS,101.8,AU,2026-07-28T23:00:00Z,2026-07-30T21:00:00Z
QC-00618-STERILITY,BAT-00618,STERILITY,PASS,NO_GROWTH,,2026-07-28T04:00:00Z,2026-07-30T13:00:00Z
QC-00618-VIABILITY,BAT-00618,VIABILITY,PASS,86.2,%,2026-07-28T12:00:00Z,2026-07-29T23:00:00Z
QC-00618-PURITY,BAT-00618,PURITY,PASS,CONFORMING,,2026-07-28T10:00:00Z,2026-07-29T03:00:00Z
QC-00618-SAFETY,BAT-00618,SAFETY,OOT,BORDERLINE,,2026-07-28T00:00:00Z,2026-07-30T12:00:00Z
QC-00619-IDENTITY,BAT-00619,IDENTITY,PASS,CONFORMING,,2026-07-16T06:00:00Z,2026-07-17T23:00:00Z
QC-00619-POTENCY,BAT-00619,POTENCY,PASS,116.3,AU,2026-07-16T23:00:00Z,2026-07-17T05:00:00Z
QC-00619-STERILITY,BAT-00619,STERILITY,PASS,NO_GROWTH,,2026-07-16T09:00:00Z,2026-07-18T05:00:00Z
QC-00619-VIABILITY,BAT-00619,VIABILITY,PASS,93.0,%,2026-07-16T06:00:00Z,2026-07-18T07:00:00Z
QC-00619-PURITY,BAT-00619,PURITY,PASS,CONFORMING,,2026-07-16T07:00:00Z,2026-07-18T00:00:00Z
QC-00619-SAFETY,BAT-00619,SAFETY,OOT,BORDERLINE,,2026-07-16T06:00:00Z,2026-07-18T07:00:00Z
QC-00620-IDENTITY,BAT-00620,IDENTITY,PASS,CONFORMING,,2026-07-19T15:00:00Z,2026-07-20T07:00:00Z
QC-00620-POTENCY,BAT-00620,POTENCY,PASS,113.9,AU,2026-07-19T05:00:00Z,2026-07-20T19:00:00Z
QC-00620-STERILITY,BAT-00620,STERILITY,PASS,NO_GROWTH,,2026-07-19T00:00:00Z,2026-07-21T06:00:00Z
QC-00620-VIABILITY,BAT-00620,VIABILITY,PASS,79.4,%,2026-07-19T07:00:00Z,2026-07-20T04:00:00Z
QC-00620-PURITY,BAT-00620,PURITY,PASS,CONFORMING,,2026-07-19T22:00:00Z,2026-07-21T03:00:00Z
QC-00620-SAFETY,BAT-00620,SAFETY,PASS,CONFORMING,,2026-07-19T02:00:00Z,2026-07-20T21:00:00Z
QC-00621-IDENTITY,BAT-00621,IDENTITY,PASS,CONFORMING,,2026-07-27T00:00:00Z,2026-07-28T08:00:00Z
QC-00621-POTENCY,BAT-00621,POTENCY,PASS,72.1,AU,2026-07-27T07:00:00Z,2026-07-28T16:00:00Z
QC-00621-STERILITY,BAT-00621,STERILITY,PENDING,PENDING,,2026-07-27T11:00:00Z,2026-07-27T22:00:00Z
QC-00621-VIABILITY,BAT-00621,VIABILITY,PASS,87.5,%,2026-07-27T03:00:00Z,2026-07-28T14:00:00Z
QC-00621-PURITY,BAT-00621,PURITY,PASS,CONFORMING,,2026-07-26T20:00:00Z,2026-07-27T22:00:00Z
QC-00621-SAFETY,BAT-00621,SAFETY,PASS,CONFORMING,,2026-07-26T20:00:00Z,2026-07-27T22:00:00Z
QC-00622-IDENTITY,BAT-00622,IDENTITY,PASS,CONFORMING,,2026-07-29T08:00:00Z,2026-07-29T23:00:00Z
QC-00622-POTENCY,BAT-00622,POTENCY,PASS,67.2,AU,2026-07-29T07:00:00Z,2026-07-30T03:00:00Z
QC-00622-STERILITY,BAT-00622,STERILITY,PASS,NO_GROWTH,,2026-07-28T22:00:00Z,2026-07-31T14:00:00Z
QC-00622-VIABILITY,BAT-00622,VIABILITY,PASS,93.5,%,2026-07-29T10:00:00Z,2026-07-29T20:00:00Z
QC-00622-PURITY,BAT-00622,PURITY,PASS,CONFORMING,,2026-07-29T13:00:00Z,2026-07-30T06:00:00Z
QC-00622-SAFETY,BAT-00622,SAFETY,PASS,CONFORMING,,2026-07-29T06:00:00Z,2026-07-30T21:00:00Z
QC-00623-IDENTITY,BAT-00623,IDENTITY,PASS,CONFORMING,,2026-07-21T13:00:00Z,2026-07-22T05:00:00Z
QC-00623-POTENCY,BAT-00623,POTENCY,PASS,113.9,AU,2026-07-21T02:00:00Z,2026-07-22T15:00:00Z
QC-00623-STERILITY,BAT-00623,STERILITY,PASS,NO_GROWTH,,2026-07-21T00:00:00Z,2026-07-21T21:00:00Z
QC-00623-VIABILITY,BAT-00623,VIABILITY,PASS,72.9,%,2026-07-21T03:00:00Z,2026-07-23T14:00:00Z
QC-00623-PURITY,BAT-00623,PURITY,PASS,CONFORMING,,2026-07-21T08:00:00Z,2026-07-21T23:00:00Z
QC-00623-SAFETY,BAT-00623,SAFETY,PASS,CONFORMING,,2026-07-20T19:00:00Z,2026-07-23T09:00:00Z
QC-00624-IDENTITY,BAT-00624,IDENTITY,PASS,CONFORMING,,2026-07-25T07:00:00Z,2026-07-27T02:00:00Z
QC-00624-POTENCY,BAT-00624,POTENCY,PASS,60.5,AU,2026-07-25T11:00:00Z,2026-07-27T17:00:00Z
QC-00624-STERILITY,BAT-00624,STERILITY,PASS,NO_GROWTH,,2026-07-25T15:00:00Z,2026-07-26T21:00:00Z
QC-00624-VIABILITY,BAT-00624,VIABILITY,PASS,87.1,%,2026-07-25T16:00:00Z,2026-07-26T08:00:00Z
QC-00624-PURITY,BAT-00624,PURITY,OOT,BORDERLINE,,2026-07-25T06:00:00Z,2026-07-26T01:00:00Z
QC-00624-SAFETY,BAT-00624,SAFETY,PASS,CONFORMING,,2026-07-25T18:00:00Z,2026-07-27T01:00:00Z
QC-00625-IDENTITY,BAT-00625,IDENTITY,OOT,BORDERLINE,,2026-07-25T16:00:00Z,2026-07-27T11:00:00Z
QC-00625-POTENCY,BAT-00625,POTENCY,OOS,44.5,AU,2026-07-26T02:00:00Z,2026-07-26T06:00:00Z
QC-00625-STERILITY,BAT-00625,STERILITY,PENDING,PENDING,,2026-07-25T04:00:00Z,2026-07-26T05:00:00Z
QC-00625-VIABILITY,BAT-00625,VIABILITY,PASS,75.2,%,2026-07-25T21:00:00Z,2026-07-27T03:00:00Z
QC-00625-PURITY,BAT-00625,PURITY,OOT,BORDERLINE,,2026-07-25T16:00:00Z,2026-07-28T02:00:00Z
QC-00625-SAFETY,BAT-00625,SAFETY,OOT,BORDERLINE,,2026-07-25T04:00:00Z,2026-07-27T04:00:00Z
QC-00626-IDENTITY,BAT-00626,IDENTITY,PASS,CONFORMING,,2026-07-25T15:00:00Z,2026-07-27T06:00:00Z
QC-00626-POTENCY,BAT-00626,POTENCY,PASS,74.9,AU,2026-07-25T16:00:00Z,2026-07-27T09:00:00Z
QC-00626-STERILITY,BAT-00626,STERILITY,PASS,NO_GROWTH,,2026-07-25T21:00:00Z,2026-07-27T03:00:00Z
QC-00626-VIABILITY,BAT-00626,VIABILITY,PASS,85.0,%,2026-07-25T15:00:00Z,2026-07-26T18:00:00Z
QC-00626-PURITY,BAT-00626,PURITY,PASS,CONFORMING,,2026-07-26T00:00:00Z,2026-07-27T10:00:00Z
QC-00626-SAFETY,BAT-00626,SAFETY,PASS,CONFORMING,,2026-07-25T17:00:00Z,2026-07-26T10:00:00Z
QC-00627-IDENTITY,BAT-00627,IDENTITY,OOT,BORDERLINE,,2026-07-30T06:00:00Z,2026-07-30T23:00:00Z
QC-00627-POTENCY,BAT-00627,POTENCY,PASS,114.0,AU,2026-07-29T13:00:00Z,2026-07-31T02:00:00Z
QC-00627-STERILITY,BAT-00627,STERILITY,PASS,NO_GROWTH,,2026-07-30T07:00:00Z,2026-08-01T00:00:00Z
QC-00627-VIABILITY,BAT-00627,VIABILITY,PASS,81.8,%,2026-07-29T13:00:00Z,2026-07-30T21:00:00Z
QC-00627-PURITY,BAT-00627,PURITY,OOT,BORDERLINE,,2026-07-29T23:00:00Z,2026-07-30T16:00:00Z
QC-00627-SAFETY,BAT-00627,SAFETY,PASS,CONFORMING,,2026-07-30T06:00:00Z,2026-08-01T10:00:00Z
QC-00628-IDENTITY,BAT-00628,IDENTITY,PASS,CONFORMING,,2026-07-25T12:00:00Z,2026-07-27T16:00:00Z
QC-00628-POTENCY,BAT-00628,POTENCY,PASS,99.7,AU,2026-07-25T20:00:00Z,2026-07-27T12:00:00Z
QC-00628-STERILITY,BAT-00628,STERILITY,PASS,NO_GROWTH,,2026-07-25T03:00:00Z,2026-07-27T23:00:00Z
QC-00628-VIABILITY,BAT-00628,VIABILITY,PASS,70.1,%,2026-07-25T17:00:00Z,2026-07-27T23:00:00Z
QC-00628-PURITY,BAT-00628,PURITY,PASS,CONFORMING,,2026-07-25T11:00:00Z,2026-07-28T00:00:00Z
QC-00628-SAFETY,BAT-00628,SAFETY,PASS,CONFORMING,,2026-07-25T12:00:00Z,2026-07-26T08:00:00Z
QC-00629-IDENTITY,BAT-00629,IDENTITY,PASS,CONFORMING,,2026-08-02T21:00:00Z,2026-08-04T09:00:00Z
QC-00629-POTENCY,BAT-00629,POTENCY,PASS,95.5,AU,2026-08-03T03:00:00Z,2026-08-04T16:00:00Z
QC-00629-STERILITY,BAT-00629,STERILITY,PASS,NO_GROWTH,,2026-08-03T08:00:00Z,2026-08-05T17:00:00Z
QC-00629-VIABILITY,BAT-00629,VIABILITY,PASS,75.8,%,2026-08-03T12:00:00Z,2026-08-05T14:00:00Z
QC-00629-PURITY,BAT-00629,PURITY,PASS,CONFORMING,,2026-08-03T14:00:00Z,2026-08-04T08:00:00Z
QC-00629-SAFETY,BAT-00629,SAFETY,OOT,BORDERLINE,,2026-08-03T18:00:00Z,2026-08-04T14:00:00Z
QC-00630-IDENTITY,BAT-00630,IDENTITY,OOT,BORDERLINE,,2026-08-02T10:00:00Z,2026-08-03T06:00:00Z
QC-00630-POTENCY,BAT-00630,POTENCY,PASS,75.8,AU,2026-08-02T21:00:00Z,2026-08-04T23:00:00Z
QC-00630-STERILITY,BAT-00630,STERILITY,PASS,NO_GROWTH,,2026-08-02T21:00:00Z,2026-08-03T20:00:00Z
QC-00630-VIABILITY,BAT-00630,VIABILITY,PASS,88.7,%,2026-08-02T09:00:00Z,2026-08-03T01:00:00Z
QC-00630-PURITY,BAT-00630,PURITY,OOT,BORDERLINE,,2026-08-02T11:00:00Z,2026-08-03T16:00:00Z
QC-00630-SAFETY,BAT-00630,SAFETY,PASS,CONFORMING,,2026-08-02T00:00:00Z,2026-08-04T21:00:00Z
QC-00631-IDENTITY,BAT-00631,IDENTITY,PASS,CONFORMING,,2026-07-27T21:00:00Z,2026-07-28T11:00:00Z
QC-00631-POTENCY,BAT-00631,POTENCY,PASS,95.5,AU,2026-07-27T17:00:00Z,2026-07-29T14:00:00Z
QC-00631-STERILITY,BAT-00631,STERILITY,PASS,NO_GROWTH,,2026-07-27T13:00:00Z,2026-07-29T23:00:00Z
QC-00631-VIABILITY,BAT-00631,VIABILITY,PASS,84.8,%,2026-07-27T21:00:00Z,2026-07-28T14:00:00Z
QC-00631-PURITY,BAT-00631,PURITY,PASS,CONFORMING,,2026-07-27T21:00:00Z,2026-07-29T20:00:00Z
QC-00631-SAFETY,BAT-00631,SAFETY,PASS,CONFORMING,,2026-07-27T15:00:00Z,2026-07-29T14:00:00Z
QC-00632-IDENTITY,BAT-00632,IDENTITY,PASS,CONFORMING,,2026-07-29T12:00:00Z,2026-07-30T16:00:00Z
QC-00632-POTENCY,BAT-00632,POTENCY,PASS,110.5,AU,2026-07-29T01:00:00Z,2026-07-30T05:00:00Z
QC-00632-STERILITY,BAT-00632,STERILITY,PASS,NO_GROWTH,,2026-07-29T09:00:00Z,2026-07-31T08:00:00Z
QC-00632-VIABILITY,BAT-00632,VIABILITY,PASS,85.6,%,2026-07-29T23:00:00Z,2026-07-31T14:00:00Z
QC-00632-PURITY,BAT-00632,PURITY,PASS,CONFORMING,,2026-07-29T15:00:00Z,2026-07-31T02:00:00Z
QC-00632-SAFETY,BAT-00632,SAFETY,PASS,CONFORMING,,2026-07-29T08:00:00Z,2026-07-31T00:00:00Z
QC-00633-IDENTITY,BAT-00633,IDENTITY,PASS,CONFORMING,,2026-07-29T07:00:00Z,2026-07-30T07:00:00Z
QC-00633-POTENCY,BAT-00633,POTENCY,PASS,59.9,AU,2026-07-29T17:00:00Z,2026-07-31T22:00:00Z
QC-00633-STERILITY,BAT-00633,STERILITY,PASS,NO_GROWTH,,2026-07-29T03:00:00Z,2026-07-30T05:00:00Z
QC-00633-VIABILITY,BAT-00633,VIABILITY,PASS,70.7,%,2026-07-29T16:00:00Z,2026-07-31T02:00:00Z
QC-00633-PURITY,BAT-00633,PURITY,PASS,CONFORMING,,2026-07-29T07:00:00Z,2026-07-31T14:00:00Z
QC-00633-SAFETY,BAT-00633,SAFETY,PASS,CONFORMING,,2026-07-29T12:00:00Z,2026-07-31T04:00:00Z
QC-00634-IDENTITY,BAT-00634,IDENTITY,PASS,CONFORMING,,2026-07-31T00:00:00Z,2026-08-01T14:00:00Z
QC-00634-POTENCY,BAT-00634,POTENCY,PASS,87.7,AU,2026-07-31T17:00:00Z,2026-08-02T11:00:00Z
QC-00634-STERILITY,BAT-00634,STERILITY,PASS,NO_GROWTH,,2026-07-31T08:00:00Z,2026-08-01T12:00:00Z
QC-00634-VIABILITY,BAT-00634,VIABILITY,PASS,70.7,%,2026-07-31T20:00:00Z,2026-08-01T17:00:00Z
QC-00634-PURITY,BAT-00634,PURITY,OOT,BORDERLINE,,2026-07-31T05:00:00Z,2026-08-01T07:00:00Z
QC-00634-SAFETY,BAT-00634,SAFETY,PASS,CONFORMING,,2026-07-30T23:00:00Z,2026-08-02T07:00:00Z
QC-00635-IDENTITY,BAT-00635,IDENTITY,PASS,CONFORMING,,2026-08-01T01:00:00Z,2026-08-02T12:00:00Z
QC-00635-POTENCY,BAT-00635,POTENCY,PASS,79.0,AU,2026-07-31T21:00:00Z,2026-08-03T06:00:00Z
QC-00635-STERILITY,BAT-00635,STERILITY,PENDING,PENDING,,2026-08-01T02:00:00Z,2026-08-02T21:00:00Z
QC-00635-VIABILITY,BAT-00635,VIABILITY,PASS,90.2,%,2026-08-01T09:00:00Z,2026-08-02T17:00:00Z
QC-00635-PURITY,BAT-00635,PURITY,PASS,CONFORMING,,2026-08-01T02:00:00Z,2026-08-02T00:00:00Z
QC-00635-SAFETY,BAT-00635,SAFETY,PASS,CONFORMING,,2026-08-01T00:00:00Z,2026-08-02T17:00:00Z
QC-00636-IDENTITY,BAT-00636,IDENTITY,PASS,CONFORMING,,2026-08-01T01:00:00Z,2026-08-03T06:00:00Z
QC-00636-POTENCY,BAT-00636,POTENCY,PASS,110.7,AU,2026-08-01T14:00:00Z,2026-08-03T08:00:00Z
QC-00636-STERILITY,BAT-00636,STERILITY,PASS,NO_GROWTH,,2026-08-01T14:00:00Z,2026-08-03T17:00:00Z
QC-00636-VIABILITY,BAT-00636,VIABILITY,PASS,72.9,%,2026-08-01T07:00:00Z,2026-08-02T17:00:00Z
QC-00636-PURITY,BAT-00636,PURITY,OOT,BORDERLINE,,2026-08-01T13:00:00Z,2026-08-02T10:00:00Z
QC-00636-SAFETY,BAT-00636,SAFETY,OOT,BORDERLINE,,2026-08-01T06:00:00Z,2026-08-03T18:00:00Z
QC-00637-IDENTITY,BAT-00637,IDENTITY,PASS,CONFORMING,,2026-08-01T03:00:00Z,2026-08-02T21:00:00Z
QC-00637-POTENCY,BAT-00637,POTENCY,PASS,86.5,AU,2026-08-01T01:00:00Z,2026-08-03T10:00:00Z
QC-00637-STERILITY,BAT-00637,STERILITY,PASS,NO_GROWTH,,2026-07-31T16:00:00Z,2026-08-02T09:00:00Z
QC-00637-VIABILITY,BAT-00637,VIABILITY,PASS,96.1,%,2026-07-31T21:00:00Z,2026-08-03T02:00:00Z
QC-00637-PURITY,BAT-00637,PURITY,PASS,CONFORMING,,2026-08-01T04:00:00Z,2026-08-02T06:00:00Z
QC-00637-SAFETY,BAT-00637,SAFETY,PASS,CONFORMING,,2026-07-31T17:00:00Z,2026-08-02T22:00:00Z
QC-00638-IDENTITY,BAT-00638,IDENTITY,PASS,CONFORMING,,2026-07-31T19:00:00Z,2026-08-01T18:00:00Z
QC-00638-POTENCY,BAT-00638,POTENCY,OOS,45.9,AU,2026-07-31T10:00:00Z,2026-08-02T04:00:00Z
QC-00638-STERILITY,BAT-00638,STERILITY,PASS,NO_GROWTH,,2026-07-31T05:00:00Z,2026-08-02T12:00:00Z
QC-00638-VIABILITY,BAT-00638,VIABILITY,PASS,94.0,%,2026-07-31T23:00:00Z,2026-08-03T04:00:00Z
QC-00638-PURITY,BAT-00638,PURITY,PASS,CONFORMING,,2026-08-01T03:00:00Z,2026-08-03T05:00:00Z
QC-00638-SAFETY,BAT-00638,SAFETY,PASS,CONFORMING,,2026-07-31T16:00:00Z,2026-08-01T07:00:00Z
QC-00639-IDENTITY,BAT-00639,IDENTITY,PASS,CONFORMING,,2026-08-06T02:00:00Z,2026-08-07T17:00:00Z
QC-00639-POTENCY,BAT-00639,POTENCY,PASS,105.2,AU,2026-08-05T23:00:00Z,2026-08-07T23:00:00Z
QC-00639-STERILITY,BAT-00639,STERILITY,PASS,NO_GROWTH,,2026-08-06T19:00:00Z,2026-08-07T22:00:00Z
QC-00639-VIABILITY,BAT-00639,VIABILITY,PASS,74.5,%,2026-08-06T21:00:00Z,2026-08-07T17:00:00Z
QC-00639-PURITY,BAT-00639,PURITY,PASS,CONFORMING,,2026-08-06T09:00:00Z,2026-08-07T04:00:00Z
QC-00639-SAFETY,BAT-00639,SAFETY,PASS,CONFORMING,,2026-08-06T09:00:00Z,2026-08-08T16:00:00Z
QC-00640-IDENTITY,BAT-00640,IDENTITY,PASS,CONFORMING,,2026-08-02T01:00:00Z,2026-08-02T19:00:00Z
QC-00640-POTENCY,BAT-00640,POTENCY,PASS,80.4,AU,2026-08-01T16:00:00Z,2026-08-03T01:00:00Z
QC-00640-STERILITY,BAT-00640,STERILITY,PENDING,PENDING,,2026-08-01T22:00:00Z,2026-08-03T18:00:00Z
QC-00640-VIABILITY,BAT-00640,VIABILITY,PASS,71.5,%,2026-08-01T19:00:00Z,2026-08-04T04:00:00Z
QC-00640-PURITY,BAT-00640,PURITY,PASS,CONFORMING,,2026-08-01T15:00:00Z,2026-08-04T00:00:00Z
QC-00640-SAFETY,BAT-00640,SAFETY,OOT,BORDERLINE,,2026-08-01T19:00:00Z,2026-08-02T07:00:00Z
QC-00641-IDENTITY,BAT-00641,IDENTITY,PASS,CONFORMING,,2026-08-07T08:00:00Z,2026-08-08T16:00:00Z
QC-00641-POTENCY,BAT-00641,POTENCY,PASS,69.7,AU,2026-08-07T20:00:00Z,2026-08-09T23:00:00Z
QC-00641-STERILITY,BAT-00641,STERILITY,PASS,NO_GROWTH,,2026-08-08T00:00:00Z,2026-08-08T05:00:00Z
QC-00641-VIABILITY,BAT-00641,VIABILITY,PASS,96.4,%,2026-08-07T07:00:00Z,2026-08-08T13:00:00Z
QC-00641-PURITY,BAT-00641,PURITY,PASS,CONFORMING,,2026-08-07T17:00:00Z,2026-08-08T05:00:00Z
QC-00641-SAFETY,BAT-00641,SAFETY,PASS,CONFORMING,,2026-08-07T08:00:00Z,2026-08-09T05:00:00Z
QC-00642-IDENTITY,BAT-00642,IDENTITY,PASS,CONFORMING,,2026-08-03T11:00:00Z,2026-08-04T14:00:00Z
QC-00642-POTENCY,BAT-00642,POTENCY,PASS,86.9,AU,2026-08-03T00:00:00Z,2026-08-05T04:00:00Z
QC-00642-STERILITY,BAT-00642,STERILITY,PASS,NO_GROWTH,,2026-08-03T04:00:00Z,2026-08-05T01:00:00Z
QC-00642-VIABILITY,BAT-00642,VIABILITY,PASS,87.5,%,2026-08-03T10:00:00Z,2026-08-05T13:00:00Z
QC-00642-PURITY,BAT-00642,PURITY,PASS,CONFORMING,,2026-08-02T19:00:00Z,2026-08-04T13:00:00Z
QC-00642-SAFETY,BAT-00642,SAFETY,OOT,BORDERLINE,,2026-08-03T10:00:00Z,2026-08-03T17:00:00Z
QC-00643-IDENTITY,BAT-00643,IDENTITY,PASS,CONFORMING,,2026-08-03T15:00:00Z,2026-08-05T17:00:00Z
QC-00643-POTENCY,BAT-00643,POTENCY,PASS,99.8,AU,2026-08-04T08:00:00Z,2026-08-06T09:00:00Z
QC-00643-STERILITY,BAT-00643,STERILITY,PASS,NO_GROWTH,,2026-08-04T01:00:00Z,2026-08-04T20:00:00Z
QC-00643-VIABILITY,BAT-00643,VIABILITY,PASS,78.8,%,2026-08-03T16:00:00Z,2026-08-04T18:00:00Z
QC-00643-PURITY,BAT-00643,PURITY,PASS,CONFORMING,,2026-08-04T04:00:00Z,2026-08-06T11:00:00Z
QC-00643-SAFETY,BAT-00643,SAFETY,PASS,CONFORMING,,2026-08-04T09:00:00Z,2026-08-05T16:00:00Z
QC-00644-IDENTITY,BAT-00644,IDENTITY,PASS,CONFORMING,,2026-08-05T10:00:00Z,2026-08-06T21:00:00Z
QC-00644-POTENCY,BAT-00644,POTENCY,PASS,91.3,AU,2026-08-05T06:00:00Z,2026-08-06T04:00:00Z
QC-00644-STERILITY,BAT-00644,STERILITY,PASS,NO_GROWTH,,2026-08-05T18:00:00Z,2026-08-06T04:00:00Z
QC-00644-VIABILITY,BAT-00644,VIABILITY,PASS,76.6,%,2026-08-05T15:00:00Z,2026-08-06T11:00:00Z
QC-00644-PURITY,BAT-00644,PURITY,PASS,CONFORMING,,2026-08-05T18:00:00Z,2026-08-07T15:00:00Z
QC-00644-SAFETY,BAT-00644,SAFETY,PASS,CONFORMING,,2026-08-04T21:00:00Z,2026-08-06T13:00:00Z
QC-00645-IDENTITY,BAT-00645,IDENTITY,OOT,BORDERLINE,,2026-07-30T04:00:00Z,2026-07-31T21:00:00Z
QC-00645-POTENCY,BAT-00645,POTENCY,PASS,79.2,AU,2026-07-29T13:00:00Z,2026-07-31T03:00:00Z
QC-00645-STERILITY,BAT-00645,STERILITY,PASS,NO_GROWTH,,2026-07-30T03:00:00Z,2026-07-30T22:00:00Z
QC-00645-VIABILITY,BAT-00645,VIABILITY,PASS,84.8,%,2026-07-30T04:00:00Z,2026-07-31T23:00:00Z
QC-00645-PURITY,BAT-00645,PURITY,PASS,CONFORMING,,2026-07-30T09:00:00Z,2026-07-31T06:00:00Z
QC-00645-SAFETY,BAT-00645,SAFETY,PASS,CONFORMING,,2026-07-30T08:00:00Z,2026-07-31T21:00:00Z
QC-00646-IDENTITY,BAT-00646,IDENTITY,PASS,CONFORMING,,2026-08-03T17:00:00Z,2026-08-06T08:00:00Z
QC-00646-POTENCY,BAT-00646,POTENCY,PASS,65.9,AU,2026-08-03T15:00:00Z,2026-08-04T22:00:00Z
QC-00646-STERILITY,BAT-00646,STERILITY,PENDING,PENDING,,2026-08-03T12:00:00Z,2026-08-06T05:00:00Z
QC-00646-VIABILITY,BAT-00646,VIABILITY,PASS,79.4,%,2026-08-03T17:00:00Z,2026-08-05T16:00:00Z
QC-00646-PURITY,BAT-00646,PURITY,PASS,CONFORMING,,2026-08-04T03:00:00Z,2026-08-05T21:00:00Z
QC-00646-SAFETY,BAT-00646,SAFETY,OOT,BORDERLINE,,2026-08-03T18:00:00Z,2026-08-05T08:00:00Z
QC-00647-IDENTITY,BAT-00647,IDENTITY,PASS,CONFORMING,,2026-08-08T22:00:00Z,2026-08-10T09:00:00Z
QC-00647-POTENCY,BAT-00647,POTENCY,PASS,94.2,AU,2026-08-08T21:00:00Z,2026-08-10T22:00:00Z
QC-00647-STERILITY,BAT-00647,STERILITY,PASS,NO_GROWTH,,2026-08-09T05:00:00Z,2026-08-10T07:00:00Z
QC-00647-VIABILITY,BAT-00647,VIABILITY,PASS,95.3,%,2026-08-08T18:00:00Z,2026-08-09T19:00:00Z
QC-00647-PURITY,BAT-00647,PURITY,OOT,BORDERLINE,,2026-08-08T12:00:00Z,2026-08-11T01:00:00Z
QC-00647-SAFETY,BAT-00647,SAFETY,PASS,CONFORMING,,2026-08-08T23:00:00Z,2026-08-10T14:00:00Z
QC-00648-IDENTITY,BAT-00648,IDENTITY,PASS,CONFORMING,,2026-07-31T11:00:00Z,2026-08-03T04:00:00Z
QC-00648-POTENCY,BAT-00648,POTENCY,PASS,118.7,AU,2026-07-31T16:00:00Z,2026-08-02T09:00:00Z
QC-00648-STERILITY,BAT-00648,STERILITY,PENDING,PENDING,,2026-07-31T05:00:00Z,2026-08-02T02:00:00Z
QC-00648-VIABILITY,BAT-00648,VIABILITY,PASS,84.2,%,2026-07-31T05:00:00Z,2026-08-02T04:00:00Z
QC-00648-PURITY,BAT-00648,PURITY,PASS,CONFORMING,,2026-07-31T12:00:00Z,2026-08-02T05:00:00Z
QC-00648-SAFETY,BAT-00648,SAFETY,OOT,BORDERLINE,,2026-07-31T08:00:00Z,2026-08-03T01:00:00Z
QC-00649-IDENTITY,BAT-00649,IDENTITY,PASS,CONFORMING,,2026-08-02T18:00:00Z,2026-08-05T05:00:00Z
QC-00649-POTENCY,BAT-00649,POTENCY,PASS,79.2,AU,2026-08-03T00:00:00Z,2026-08-03T19:00:00Z
QC-00649-STERILITY,BAT-00649,STERILITY,PENDING,PENDING,,2026-08-03T04:00:00Z,2026-08-03T14:00:00Z
QC-00649-VIABILITY,BAT-00649,VIABILITY,PASS,90.3,%,2026-08-03T00:00:00Z,2026-08-05T09:00:00Z
QC-00649-PURITY,BAT-00649,PURITY,PASS,CONFORMING,,2026-08-03T03:00:00Z,2026-08-04T13:00:00Z
QC-00649-SAFETY,BAT-00649,SAFETY,PASS,CONFORMING,,2026-08-02T11:00:00Z,2026-08-04T13:00:00Z
QC-00650-IDENTITY,BAT-00650,IDENTITY,OOT,BORDERLINE,,2026-07-31T16:00:00Z,2026-08-02T22:00:00Z
QC-00650-POTENCY,BAT-00650,POTENCY,PASS,68.3,AU,2026-07-31T20:00:00Z,2026-08-01T23:00:00Z
QC-00650-STERILITY,BAT-00650,STERILITY,PASS,NO_GROWTH,,2026-07-31T18:00:00Z,2026-08-01T20:00:00Z
QC-00650-VIABILITY,BAT-00650,VIABILITY,OOS,68.1,%,2026-07-31T17:00:00Z,2026-08-01T18:00:00Z
QC-00650-PURITY,BAT-00650,PURITY,PASS,CONFORMING,,2026-07-31T18:00:00Z,2026-08-02T03:00:00Z
QC-00650-SAFETY,BAT-00650,SAFETY,PASS,CONFORMING,,2026-07-31T13:00:00Z,2026-08-02T15:00:00Z
QC-00651-IDENTITY,BAT-00651,IDENTITY,OOT,BORDERLINE,,2026-08-09T12:00:00Z,2026-08-10T23:00:00Z
QC-00651-POTENCY,BAT-00651,POTENCY,PASS,117.5,AU,2026-08-09T06:00:00Z,2026-08-11T09:00:00Z
QC-00651-STERILITY,BAT-00651,STERILITY,PASS,NO_GROWTH,,2026-08-09T05:00:00Z,2026-08-11T15:00:00Z
QC-00651-VIABILITY,BAT-00651,VIABILITY,PASS,85.9,%,2026-08-09T07:00:00Z,2026-08-11T00:00:00Z
QC-00651-PURITY,BAT-00651,PURITY,OOT,BORDERLINE,,2026-08-09T08:00:00Z,2026-08-10T23:00:00Z
QC-00651-SAFETY,BAT-00651,SAFETY,OOT,BORDERLINE,,2026-08-09T15:00:00Z,2026-08-11T09:00:00Z
QC-00652-IDENTITY,BAT-00652,IDENTITY,PASS,CONFORMING,,2026-08-05T23:00:00Z,2026-08-07T23:00:00Z
QC-00652-POTENCY,BAT-00652,POTENCY,PASS,106.9,AU,2026-08-05T11:00:00Z,2026-08-07T22:00:00Z
QC-00652-STERILITY,BAT-00652,STERILITY,PENDING,PENDING,,2026-08-05T22:00:00Z,2026-08-07T19:00:00Z
QC-00652-VIABILITY,BAT-00652,VIABILITY,PASS,91.1,%,2026-08-05T15:00:00Z,2026-08-06T20:00:00Z
QC-00652-PURITY,BAT-00652,PURITY,PASS,CONFORMING,,2026-08-06T01:00:00Z,2026-08-07T19:00:00Z
QC-00652-SAFETY,BAT-00652,SAFETY,PASS,CONFORMING,,2026-08-05T13:00:00Z,2026-08-07T08:00:00Z
QC-00653-IDENTITY,BAT-00653,IDENTITY,PASS,CONFORMING,,2026-08-07T19:00:00Z,2026-08-08T18:00:00Z
QC-00653-POTENCY,BAT-00653,POTENCY,PASS,100.5,AU,2026-08-07T19:00:00Z,2026-08-10T09:00:00Z
QC-00653-STERILITY,BAT-00653,STERILITY,PASS,NO_GROWTH,,2026-08-07T20:00:00Z,2026-08-08T19:00:00Z
QC-00653-VIABILITY,BAT-00653,VIABILITY,PASS,72.1,%,2026-08-07T15:00:00Z,2026-08-09T02:00:00Z
QC-00653-PURITY,BAT-00653,PURITY,PASS,CONFORMING,,2026-08-07T16:00:00Z,2026-08-10T00:00:00Z
QC-00653-SAFETY,BAT-00653,SAFETY,PASS,CONFORMING,,2026-08-08T05:00:00Z,2026-08-10T02:00:00Z
QC-00654-IDENTITY,BAT-00654,IDENTITY,PASS,CONFORMING,,2026-08-01T01:00:00Z,2026-08-02T06:00:00Z
QC-00654-POTENCY,BAT-00654,POTENCY,PASS,89.3,AU,2026-08-01T09:00:00Z,2026-08-03T03:00:00Z
QC-00654-STERILITY,BAT-00654,STERILITY,PASS,NO_GROWTH,,2026-08-01T05:00:00Z,2026-08-02T05:00:00Z
QC-00654-VIABILITY,BAT-00654,VIABILITY,OOS,67.9,%,2026-08-01T04:00:00Z,2026-08-01T20:00:00Z
QC-00654-PURITY,BAT-00654,PURITY,OOT,BORDERLINE,,2026-07-31T13:00:00Z,2026-08-01T13:00:00Z
QC-00654-SAFETY,BAT-00654,SAFETY,OOT,BORDERLINE,,2026-07-31T16:00:00Z,2026-08-01T16:00:00Z
QC-00655-IDENTITY,BAT-00655,IDENTITY,PASS,CONFORMING,,2026-07-30T01:00:00Z,2026-08-01T00:00:00Z
QC-00655-POTENCY,BAT-00655,POTENCY,PASS,68.8,AU,2026-07-30T03:00:00Z,2026-08-01T06:00:00Z
QC-00655-STERILITY,BAT-00655,STERILITY,PASS,NO_GROWTH,,2026-07-30T09:00:00Z,2026-08-01T15:00:00Z
QC-00655-VIABILITY,BAT-00655,VIABILITY,PASS,96.9,%,2026-07-30T09:00:00Z,2026-07-31T22:00:00Z
QC-00655-PURITY,BAT-00655,PURITY,OOT,BORDERLINE,,2026-07-30T17:00:00Z,2026-07-31T09:00:00Z
QC-00655-SAFETY,BAT-00655,SAFETY,PASS,CONFORMING,,2026-07-30T17:00:00Z,2026-08-01T10:00:00Z
QC-00656-IDENTITY,BAT-00656,IDENTITY,OOT,BORDERLINE,,2026-07-31T19:00:00Z,2026-08-02T15:00:00Z
QC-00656-POTENCY,BAT-00656,POTENCY,PASS,79.9,AU,2026-07-31T19:00:00Z,2026-08-01T23:00:00Z
QC-00656-STERILITY,BAT-00656,STERILITY,PASS,NO_GROWTH,,2026-07-31T12:00:00Z,2026-08-02T15:00:00Z
QC-00656-VIABILITY,BAT-00656,VIABILITY,PASS,76.4,%,2026-07-31T23:00:00Z,2026-08-01T05:00:00Z
QC-00656-PURITY,BAT-00656,PURITY,PASS,CONFORMING,,2026-07-31T21:00:00Z,2026-08-01T21:00:00Z
QC-00656-SAFETY,BAT-00656,SAFETY,PASS,CONFORMING,,2026-07-31T03:00:00Z,2026-08-01T18:00:00Z
QC-00657-IDENTITY,BAT-00657,IDENTITY,PASS,CONFORMING,,2026-08-05T19:00:00Z,2026-08-08T04:00:00Z
QC-00657-POTENCY,BAT-00657,POTENCY,OOS,46.4,AU,2026-08-05T18:00:00Z,2026-08-08T03:00:00Z
QC-00657-STERILITY,BAT-00657,STERILITY,PASS,NO_GROWTH,,2026-08-06T00:00:00Z,2026-08-06T22:00:00Z
QC-00657-VIABILITY,BAT-00657,VIABILITY,OOS,68.6,%,2026-08-06T07:00:00Z,2026-08-08T03:00:00Z
QC-00657-PURITY,BAT-00657,PURITY,PASS,CONFORMING,,2026-08-06T00:00:00Z,2026-08-07T20:00:00Z
QC-00657-SAFETY,BAT-00657,SAFETY,PASS,CONFORMING,,2026-08-05T23:00:00Z,2026-08-08T00:00:00Z
QC-00658-IDENTITY,BAT-00658,IDENTITY,PASS,CONFORMING,,2026-08-04T00:00:00Z,2026-08-06T02:00:00Z
QC-00658-POTENCY,BAT-00658,POTENCY,OOS,42.2,AU,2026-08-04T06:00:00Z,2026-08-05T20:00:00Z
QC-00658-STERILITY,BAT-00658,STERILITY,PASS,NO_GROWTH,,2026-08-04T10:00:00Z,2026-08-06T10:00:00Z
QC-00658-VIABILITY,BAT-00658,VIABILITY,PASS,74.5,%,2026-08-04T23:00:00Z,2026-08-05T02:00:00Z
QC-00658-PURITY,BAT-00658,PURITY,PASS,CONFORMING,,2026-08-04T09:00:00Z,2026-08-05T12:00:00Z
QC-00658-SAFETY,BAT-00658,SAFETY,PASS,CONFORMING,,2026-08-04T18:00:00Z,2026-08-06T23:00:00Z
QC-00659-IDENTITY,BAT-00659,IDENTITY,PASS,CONFORMING,,2026-07-31T00:00:00Z,2026-08-01T02:00:00Z
QC-00659-POTENCY,BAT-00659,POTENCY,PASS,92.4,AU,2026-07-30T21:00:00Z,2026-08-01T21:00:00Z
QC-00659-STERILITY,BAT-00659,STERILITY,PASS,NO_GROWTH,,2026-07-30T11:00:00Z,2026-07-31T21:00:00Z
QC-00659-VIABILITY,BAT-00659,VIABILITY,PASS,75.1,%,2026-07-31T01:00:00Z,2026-08-01T10:00:00Z
QC-00659-PURITY,BAT-00659,PURITY,PASS,CONFORMING,,2026-07-30T09:00:00Z,2026-07-31T23:00:00Z
QC-00659-SAFETY,BAT-00659,SAFETY,OOT,BORDERLINE,,2026-07-31T03:00:00Z,2026-07-31T08:00:00Z
QC-00660-IDENTITY,BAT-00660,IDENTITY,PASS,CONFORMING,,2026-08-07T00:00:00Z,2026-08-09T12:00:00Z
QC-00660-POTENCY,BAT-00660,POTENCY,PASS,54.4,AU,2026-08-06T23:00:00Z,2026-08-08T23:00:00Z
QC-00660-STERILITY,BAT-00660,STERILITY,PENDING,PENDING,,2026-08-06T22:00:00Z,2026-08-08T01:00:00Z
QC-00660-VIABILITY,BAT-00660,VIABILITY,PASS,94.7,%,2026-08-07T02:00:00Z,2026-08-07T19:00:00Z
QC-00660-PURITY,BAT-00660,PURITY,OOT,BORDERLINE,,2026-08-07T13:00:00Z,2026-08-07T23:00:00Z
QC-00660-SAFETY,BAT-00660,SAFETY,PASS,CONFORMING,,2026-08-07T06:00:00Z,2026-08-09T14:00:00Z
QC-00661-IDENTITY,BAT-00661,IDENTITY,PASS,CONFORMING,,2026-08-06T23:00:00Z,2026-08-08T12:00:00Z
QC-00661-POTENCY,BAT-00661,POTENCY,PASS,75.0,AU,2026-08-07T00:00:00Z,2026-08-09T01:00:00Z
QC-00661-STERILITY,BAT-00661,STERILITY,PENDING,PENDING,,2026-08-06T06:00:00Z,2026-08-08T11:00:00Z
QC-00661-VIABILITY,BAT-00661,VIABILITY,PASS,70.0,%,2026-08-06T23:00:00Z,2026-08-07T17:00:00Z
QC-00661-PURITY,BAT-00661,PURITY,PASS,CONFORMING,,2026-08-06T23:00:00Z,2026-08-08T22:00:00Z
QC-00661-SAFETY,BAT-00661,SAFETY,PASS,CONFORMING,,2026-08-07T00:00:00Z,2026-08-09T03:00:00Z
QC-00662-IDENTITY,BAT-00662,IDENTITY,PASS,CONFORMING,,2026-08-10T21:00:00Z,2026-08-11T13:00:00Z
QC-00662-POTENCY,BAT-00662,POTENCY,PASS,91.9,AU,2026-08-11T04:00:00Z,2026-08-13T04:00:00Z
QC-00662-STERILITY,BAT-00662,STERILITY,PASS,NO_GROWTH,,2026-08-11T01:00:00Z,2026-08-12T08:00:00Z
QC-00662-VIABILITY,BAT-00662,VIABILITY,PASS,78.1,%,2026-08-10T21:00:00Z,2026-08-11T23:00:00Z
QC-00662-PURITY,BAT-00662,PURITY,PASS,CONFORMING,,2026-08-10T18:00:00Z,2026-08-12T00:00:00Z
QC-00662-SAFETY,BAT-00662,SAFETY,PASS,CONFORMING,,2026-08-10T15:00:00Z,2026-08-13T01:00:00Z
QC-00663-IDENTITY,BAT-00663,IDENTITY,PASS,CONFORMING,,2026-08-06T08:00:00Z,2026-08-07T12:00:00Z
QC-00663-POTENCY,BAT-00663,POTENCY,PASS,75.1,AU,2026-08-06T02:00:00Z,2026-08-07T12:00:00Z
QC-00663-STERILITY,BAT-00663,STERILITY,PASS,NO_GROWTH,,2026-08-06T11:00:00Z,2026-08-07T23:00:00Z
QC-00663-VIABILITY,BAT-00663,VIABILITY,OOS,67.1,%,2026-08-06T11:00:00Z,2026-08-07T12:00:00Z
QC-00663-PURITY,BAT-00663,PURITY,PASS,CONFORMING,,2026-08-06T17:00:00Z,2026-08-08T23:00:00Z
QC-00663-SAFETY,BAT-00663,SAFETY,PASS,CONFORMING,,2026-08-06T13:00:00Z,2026-08-07T02:00:00Z
QC-00664-IDENTITY,BAT-00664,IDENTITY,OOT,BORDERLINE,,2026-08-06T15:00:00Z,2026-08-08T18:00:00Z
QC-00664-POTENCY,BAT-00664,POTENCY,OOS,40.7,AU,2026-08-06T17:00:00Z,2026-08-07T07:00:00Z
QC-00664-STERILITY,BAT-00664,STERILITY,PASS,NO_GROWTH,,2026-08-06T07:00:00Z,2026-08-07T03:00:00Z
QC-00664-VIABILITY,BAT-00664,VIABILITY,PASS,73.5,%,2026-08-06T04:00:00Z,2026-08-07T09:00:00Z
QC-00664-PURITY,BAT-00664,PURITY,PASS,CONFORMING,,2026-08-05T21:00:00Z,2026-08-07T08:00:00Z
QC-00664-SAFETY,BAT-00664,SAFETY,PASS,CONFORMING,,2026-08-06T16:00:00Z,2026-08-07T12:00:00Z
QC-00665-IDENTITY,BAT-00665,IDENTITY,PASS,CONFORMING,,2026-08-09T06:00:00Z,2026-08-11T03:00:00Z
QC-00665-POTENCY,BAT-00665,POTENCY,PASS,81.4,AU,2026-08-08T21:00:00Z,2026-08-11T02:00:00Z
QC-00665-STERILITY,BAT-00665,STERILITY,PASS,NO_GROWTH,,2026-08-08T22:00:00Z,2026-08-09T22:00:00Z
QC-00665-VIABILITY,BAT-00665,VIABILITY,PASS,76.6,%,2026-08-09T05:00:00Z,2026-08-11T16:00:00Z
QC-00665-PURITY,BAT-00665,PURITY,OOT,BORDERLINE,,2026-08-09T03:00:00Z,2026-08-10T00:00:00Z
QC-00665-SAFETY,BAT-00665,SAFETY,PASS,CONFORMING,,2026-08-08T17:00:00Z,2026-08-11T04:00:00Z
QC-00666-IDENTITY,BAT-00666,IDENTITY,PASS,CONFORMING,,2026-08-06T21:00:00Z,2026-08-07T22:00:00Z
QC-00666-POTENCY,BAT-00666,POTENCY,PASS,82.9,AU,2026-08-06T23:00:00Z,2026-08-09T07:00:00Z
QC-00666-STERILITY,BAT-00666,STERILITY,PENDING,PENDING,,2026-08-06T10:00:00Z,2026-08-07T14:00:00Z
QC-00666-VIABILITY,BAT-00666,VIABILITY,OOS,67.0,%,2026-08-06T14:00:00Z,2026-08-07T20:00:00Z
QC-00666-PURITY,BAT-00666,PURITY,PASS,CONFORMING,,2026-08-07T01:00:00Z,2026-08-09T04:00:00Z
QC-00666-SAFETY,BAT-00666,SAFETY,PASS,CONFORMING,,2026-08-07T07:00:00Z,2026-08-09T08:00:00Z
QC-00667-IDENTITY,BAT-00667,IDENTITY,OOT,BORDERLINE,,2026-08-08T17:00:00Z,2026-08-10T23:00:00Z
QC-00667-POTENCY,BAT-00667,POTENCY,PASS,119.3,AU,2026-08-08T23:00:00Z,2026-08-10T04:00:00Z
QC-00667-STERILITY,BAT-00667,STERILITY,PASS,NO_GROWTH,,2026-08-08T23:00:00Z,2026-08-11T07:00:00Z
QC-00667-VIABILITY,BAT-00667,VIABILITY,PASS,95.8,%,2026-08-08T23:00:00Z,2026-08-11T09:00:00Z
QC-00667-PURITY,BAT-00667,PURITY,PASS,CONFORMING,,2026-08-08T11:00:00Z,2026-08-10T23:00:00Z
QC-00667-SAFETY,BAT-00667,SAFETY,OOT,BORDERLINE,,2026-08-08T17:00:00Z,2026-08-10T16:00:00Z
QC-00668-IDENTITY,BAT-00668,IDENTITY,PASS,CONFORMING,,2026-08-14T19:00:00Z,2026-08-16T12:00:00Z
QC-00668-POTENCY,BAT-00668,POTENCY,PASS,93.6,AU,2026-08-14T14:00:00Z,2026-08-15T14:00:00Z
QC-00668-STERILITY,BAT-00668,STERILITY,PASS,NO_GROWTH,,2026-08-14T05:00:00Z,2026-08-16T19:00:00Z
QC-00668-VIABILITY,BAT-00668,VIABILITY,PASS,75.3,%,2026-08-14T04:00:00Z,2026-08-15T20:00:00Z
QC-00668-PURITY,BAT-00668,PURITY,PASS,CONFORMING,,2026-08-14T16:00:00Z,2026-08-15T22:00:00Z
QC-00668-SAFETY,BAT-00668,SAFETY,OOT,BORDERLINE,,2026-08-14T17:00:00Z,2026-08-15T14:00:00Z
QC-00669-IDENTITY,BAT-00669,IDENTITY,PASS,CONFORMING,,2026-08-10T22:00:00Z,2026-08-12T20:00:00Z
QC-00669-POTENCY,BAT-00669,POTENCY,PASS,54.6,AU,2026-08-10T08:00:00Z,2026-08-12T22:00:00Z
QC-00669-STERILITY,BAT-00669,STERILITY,PENDING,PENDING,,2026-08-10T18:00:00Z,2026-08-12T14:00:00Z
QC-00669-VIABILITY,BAT-00669,VIABILITY,PASS,92.2,%,2026-08-10T11:00:00Z,2026-08-12T13:00:00Z
QC-00669-PURITY,BAT-00669,PURITY,PASS,CONFORMING,,2026-08-10T00:00:00Z,2026-08-11T21:00:00Z
QC-00669-SAFETY,BAT-00669,SAFETY,PASS,CONFORMING,,2026-08-10T04:00:00Z,2026-08-11T11:00:00Z
QC-00670-IDENTITY,BAT-00670,IDENTITY,PASS,CONFORMING,,2026-08-10T20:00:00Z,2026-08-13T04:00:00Z
QC-00670-POTENCY,BAT-00670,POTENCY,PASS,79.7,AU,2026-08-10T06:00:00Z,2026-08-12T16:00:00Z
QC-00670-STERILITY,BAT-00670,STERILITY,PENDING,PENDING,,2026-08-10T13:00:00Z,2026-08-13T02:00:00Z
QC-00670-VIABILITY,BAT-00670,VIABILITY,PASS,71.2,%,2026-08-11T01:00:00Z,2026-08-11T15:00:00Z
QC-00670-PURITY,BAT-00670,PURITY,PASS,CONFORMING,,2026-08-10T23:00:00Z,2026-08-11T12:00:00Z
QC-00670-SAFETY,BAT-00670,SAFETY,OOT,BORDERLINE,,2026-08-10T08:00:00Z,2026-08-12T08:00:00Z
QC-00671-IDENTITY,BAT-00671,IDENTITY,OOT,BORDERLINE,,2026-08-01T03:00:00Z,2026-08-02T07:00:00Z
QC-00671-POTENCY,BAT-00671,POTENCY,PASS,55.9,AU,2026-08-01T01:00:00Z,2026-08-02T19:00:00Z
QC-00671-STERILITY,BAT-00671,STERILITY,PASS,NO_GROWTH,,2026-08-01T13:00:00Z,2026-08-02T21:00:00Z
QC-00671-VIABILITY,BAT-00671,VIABILITY,PASS,82.9,%,2026-07-31T18:00:00Z,2026-08-03T08:00:00Z
QC-00671-PURITY,BAT-00671,PURITY,OOT,BORDERLINE,,2026-08-01T08:00:00Z,2026-08-03T11:00:00Z
QC-00671-SAFETY,BAT-00671,SAFETY,PASS,CONFORMING,,2026-08-01T08:00:00Z,2026-08-02T22:00:00Z
QC-00672-IDENTITY,BAT-00672,IDENTITY,OOT,BORDERLINE,,2026-08-13T04:00:00Z,2026-08-15T23:00:00Z
QC-00672-POTENCY,BAT-00672,POTENCY,PASS,56.5,AU,2026-08-13T20:00:00Z,2026-08-15T23:00:00Z
QC-00672-STERILITY,BAT-00672,STERILITY,PASS,NO_GROWTH,,2026-08-13T15:00:00Z,2026-08-14T10:00:00Z
QC-00672-VIABILITY,BAT-00672,VIABILITY,PASS,76.3,%,2026-08-13T21:00:00Z,2026-08-15T05:00:00Z
QC-00672-PURITY,BAT-00672,PURITY,PASS,CONFORMING,,2026-08-13T03:00:00Z,2026-08-15T09:00:00Z
QC-00672-SAFETY,BAT-00672,SAFETY,PASS,CONFORMING,,2026-08-13T03:00:00Z,2026-08-15T08:00:00Z
QC-00673-IDENTITY,BAT-00673,IDENTITY,PASS,CONFORMING,,2026-08-12T14:00:00Z,2026-08-14T00:00:00Z
QC-00673-POTENCY,BAT-00673,POTENCY,OOS,44.5,AU,2026-08-12T08:00:00Z,2026-08-13T23:00:00Z
QC-00673-STERILITY,BAT-00673,STERILITY,PASS,NO_GROWTH,,2026-08-12T14:00:00Z,2026-08-13T21:00:00Z
QC-00673-VIABILITY,BAT-00673,VIABILITY,PASS,92.4,%,2026-08-12T14:00:00Z,2026-08-14T00:00:00Z
QC-00673-PURITY,BAT-00673,PURITY,PASS,CONFORMING,,2026-08-12T11:00:00Z,2026-08-13T05:00:00Z
QC-00673-SAFETY,BAT-00673,SAFETY,PASS,CONFORMING,,2026-08-12T03:00:00Z,2026-08-13T23:00:00Z
QC-00674-IDENTITY,BAT-00674,IDENTITY,PASS,CONFORMING,,2026-08-06T18:00:00Z,2026-08-07T08:00:00Z
QC-00674-POTENCY,BAT-00674,POTENCY,PASS,53.1,AU,2026-08-06T04:00:00Z,2026-08-06T23:00:00Z
QC-00674-STERILITY,BAT-00674,STERILITY,PASS,NO_GROWTH,,2026-08-06T07:00:00Z,2026-08-08T09:00:00Z
QC-00674-VIABILITY,BAT-00674,VIABILITY,PASS,95.7,%,2026-08-06T00:00:00Z,2026-08-07T16:00:00Z
QC-00674-PURITY,BAT-00674,PURITY,PASS,CONFORMING,,2026-08-06T02:00:00Z,2026-08-07T15:00:00Z
QC-00674-SAFETY,BAT-00674,SAFETY,PASS,CONFORMING,,2026-08-06T17:00:00Z,2026-08-08T10:00:00Z
QC-00675-IDENTITY,BAT-00675,IDENTITY,PASS,CONFORMING,,2026-08-05T19:00:00Z,2026-08-08T14:00:00Z
QC-00675-POTENCY,BAT-00675,POTENCY,PASS,65.1,AU,2026-08-05T20:00:00Z,2026-08-07T04:00:00Z
QC-00675-STERILITY,BAT-00675,STERILITY,PASS,NO_GROWTH,,2026-08-06T00:00:00Z,2026-08-08T13:00:00Z
QC-00675-VIABILITY,BAT-00675,VIABILITY,PASS,75.2,%,2026-08-05T23:00:00Z,2026-08-07T13:00:00Z
QC-00675-PURITY,BAT-00675,PURITY,PASS,CONFORMING,,2026-08-05T22:00:00Z,2026-08-07T23:00:00Z
QC-00675-SAFETY,BAT-00675,SAFETY,PASS,CONFORMING,,2026-08-06T13:00:00Z,2026-08-07T09:00:00Z
QC-00676-IDENTITY,BAT-00676,IDENTITY,PASS,CONFORMING,,2026-08-14T15:00:00Z,2026-08-17T07:00:00Z
QC-00676-POTENCY,BAT-00676,POTENCY,PASS,107.7,AU,2026-08-15T01:00:00Z,2026-08-16T14:00:00Z
QC-00676-STERILITY,BAT-00676,STERILITY,PASS,NO_GROWTH,,2026-08-14T16:00:00Z,2026-08-17T07:00:00Z
QC-00676-VIABILITY,BAT-00676,VIABILITY,PASS,73.3,%,2026-08-15T02:00:00Z,2026-08-16T14:00:00Z
QC-00676-PURITY,BAT-00676,PURITY,PASS,CONFORMING,,2026-08-14T17:00:00Z,2026-08-16T13:00:00Z
QC-00676-SAFETY,BAT-00676,SAFETY,OOT,BORDERLINE,,2026-08-14T14:00:00Z,2026-08-16T17:00:00Z
QC-00677-IDENTITY,BAT-00677,IDENTITY,OOT,BORDERLINE,,2026-08-12T04:00:00Z,2026-08-13T09:00:00Z
QC-00677-POTENCY,BAT-00677,POTENCY,PASS,70.2,AU,2026-08-12T19:00:00Z,2026-08-14T14:00:00Z
QC-00677-STERILITY,BAT-00677,STERILITY,PASS,NO_GROWTH,,2026-08-12T13:00:00Z,2026-08-13T00:00:00Z
QC-00677-VIABILITY,BAT-00677,VIABILITY,PASS,87.2,%,2026-08-12T17:00:00Z,2026-08-14T09:00:00Z
QC-00677-PURITY,BAT-00677,PURITY,PASS,CONFORMING,,2026-08-12T01:00:00Z,2026-08-14T15:00:00Z
QC-00677-SAFETY,BAT-00677,SAFETY,PASS,CONFORMING,,2026-08-11T22:00:00Z,2026-08-14T14:00:00Z
QC-00678-IDENTITY,BAT-00678,IDENTITY,PASS,CONFORMING,,2026-08-17T08:00:00Z,2026-08-20T04:00:00Z
QC-00678-POTENCY,BAT-00678,POTENCY,OOS,48.0,AU,2026-08-17T13:00:00Z,2026-08-19T19:00:00Z
QC-00678-STERILITY,BAT-00678,STERILITY,PASS,NO_GROWTH,,2026-08-17T09:00:00Z,2026-08-18T20:00:00Z
QC-00678-VIABILITY,BAT-00678,VIABILITY,PASS,76.9,%,2026-08-17T15:00:00Z,2026-08-18T15:00:00Z
QC-00678-PURITY,BAT-00678,PURITY,PASS,CONFORMING,,2026-08-17T21:00:00Z,2026-08-18T17:00:00Z
QC-00678-SAFETY,BAT-00678,SAFETY,PASS,CONFORMING,,2026-08-17T14:00:00Z,2026-08-19T09:00:00Z
QC-00679-IDENTITY,BAT-00679,IDENTITY,OOT,BORDERLINE,,2026-08-12T19:00:00Z,2026-08-14T13:00:00Z
QC-00679-POTENCY,BAT-00679,POTENCY,PASS,91.4,AU,2026-08-12T14:00:00Z,2026-08-15T03:00:00Z
QC-00679-STERILITY,BAT-00679,STERILITY,PASS,NO_GROWTH,,2026-08-12T15:00:00Z,2026-08-14T22:00:00Z
QC-00679-VIABILITY,BAT-00679,VIABILITY,OOS,69.3,%,2026-08-13T01:00:00Z,2026-08-14T04:00:00Z
QC-00679-PURITY,BAT-00679,PURITY,PASS,CONFORMING,,2026-08-12T18:00:00Z,2026-08-13T13:00:00Z
QC-00679-SAFETY,BAT-00679,SAFETY,PASS,CONFORMING,,2026-08-13T01:00:00Z,2026-08-14T15:00:00Z
QC-00680-IDENTITY,BAT-00680,IDENTITY,PASS,CONFORMING,,2026-08-16T02:00:00Z,2026-08-18T07:00:00Z
QC-00680-POTENCY,BAT-00680,POTENCY,PASS,96.2,AU,2026-08-16T06:00:00Z,2026-08-16T13:00:00Z
QC-00680-STERILITY,BAT-00680,STERILITY,PASS,NO_GROWTH,,2026-08-15T23:00:00Z,2026-08-17T17:00:00Z
QC-00680-VIABILITY,BAT-00680,VIABILITY,PASS,80.1,%,2026-08-15T18:00:00Z,2026-08-17T18:00:00Z
QC-00680-PURITY,BAT-00680,PURITY,OOT,BORDERLINE,,2026-08-16T03:00:00Z,2026-08-18T01:00:00Z
QC-00680-SAFETY,BAT-00680,SAFETY,PASS,CONFORMING,,2026-08-15T17:00:00Z,2026-08-18T06:00:00Z
QC-00681-IDENTITY,BAT-00681,IDENTITY,PASS,CONFORMING,,2026-08-11T21:00:00Z,2026-08-14T05:00:00Z
QC-00681-POTENCY,BAT-00681,POTENCY,PASS,62.7,AU,2026-08-11T19:00:00Z,2026-08-13T10:00:00Z
QC-00681-STERILITY,BAT-00681,STERILITY,PASS,NO_GROWTH,,2026-08-12T01:00:00Z,2026-08-13T01:00:00Z
QC-00681-VIABILITY,BAT-00681,VIABILITY,OOS,69.3,%,2026-08-12T05:00:00Z,2026-08-13T16:00:00Z
QC-00681-PURITY,BAT-00681,PURITY,PASS,CONFORMING,,2026-08-12T01:00:00Z,2026-08-14T04:00:00Z
QC-00681-SAFETY,BAT-00681,SAFETY,OOT,BORDERLINE,,2026-08-11T13:00:00Z,2026-08-13T04:00:00Z
QC-00682-IDENTITY,BAT-00682,IDENTITY,OOT,BORDERLINE,,2026-08-12T01:00:00Z,2026-08-12T10:00:00Z
QC-00682-POTENCY,BAT-00682,POTENCY,PASS,62.6,AU,2026-08-12T00:00:00Z,2026-08-12T22:00:00Z
QC-00682-STERILITY,BAT-00682,STERILITY,PASS,NO_GROWTH,,2026-08-11T19:00:00Z,2026-08-13T15:00:00Z
QC-00682-VIABILITY,BAT-00682,VIABILITY,PASS,70.8,%,2026-08-11T21:00:00Z,2026-08-12T10:00:00Z
QC-00682-PURITY,BAT-00682,PURITY,PASS,CONFORMING,,2026-08-11T05:00:00Z,2026-08-12T09:00:00Z
QC-00682-SAFETY,BAT-00682,SAFETY,PASS,CONFORMING,,2026-08-11T04:00:00Z,2026-08-12T17:00:00Z
QC-00683-IDENTITY,BAT-00683,IDENTITY,PASS,CONFORMING,,2026-08-12T22:00:00Z,2026-08-14T03:00:00Z
QC-00683-POTENCY,BAT-00683,POTENCY,PASS,71.8,AU,2026-08-13T01:00:00Z,2026-08-14T18:00:00Z
QC-00683-STERILITY,BAT-00683,STERILITY,PASS,NO_GROWTH,,2026-08-13T17:00:00Z,2026-08-15T07:00:00Z
QC-00683-VIABILITY,BAT-00683,VIABILITY,PASS,70.7,%,2026-08-13T16:00:00Z,2026-08-15T13:00:00Z
QC-00683-PURITY,BAT-00683,PURITY,PASS,CONFORMING,,2026-08-13T07:00:00Z,2026-08-15T00:00:00Z
QC-00683-SAFETY,BAT-00683,SAFETY,PASS,CONFORMING,,2026-08-13T19:00:00Z,2026-08-14T21:00:00Z
QC-00684-IDENTITY,BAT-00684,IDENTITY,PASS,CONFORMING,,2026-08-15T13:00:00Z,2026-08-16T14:00:00Z
QC-00684-POTENCY,BAT-00684,POTENCY,PASS,63.3,AU,2026-08-15T21:00:00Z,2026-08-17T10:00:00Z
QC-00684-STERILITY,BAT-00684,STERILITY,PASS,NO_GROWTH,,2026-08-16T04:00:00Z,2026-08-17T22:00:00Z
QC-00684-VIABILITY,BAT-00684,VIABILITY,PASS,81.6,%,2026-08-15T08:00:00Z,2026-08-16T15:00:00Z
QC-00684-PURITY,BAT-00684,PURITY,PASS,CONFORMING,,2026-08-16T03:00:00Z,2026-08-17T05:00:00Z
QC-00684-SAFETY,BAT-00684,SAFETY,PASS,CONFORMING,,2026-08-15T23:00:00Z,2026-08-16T16:00:00Z
QC-00685-IDENTITY,BAT-00685,IDENTITY,PASS,CONFORMING,,2026-08-15T01:00:00Z,2026-08-17T11:00:00Z
QC-00685-POTENCY,BAT-00685,POTENCY,OOS,43.5,AU,2026-08-15T23:00:00Z,2026-08-17T21:00:00Z
QC-00685-STERILITY,BAT-00685,STERILITY,PASS,NO_GROWTH,,2026-08-15T22:00:00Z,2026-08-17T11:00:00Z
QC-00685-VIABILITY,BAT-00685,VIABILITY,PASS,75.6,%,2026-08-15T17:00:00Z,2026-08-17T12:00:00Z
QC-00685-PURITY,BAT-00685,PURITY,PASS,CONFORMING,,2026-08-16T00:00:00Z,2026-08-16T15:00:00Z
QC-00685-SAFETY,BAT-00685,SAFETY,PASS,CONFORMING,,2026-08-15T01:00:00Z,2026-08-17T01:00:00Z
QC-00686-IDENTITY,BAT-00686,IDENTITY,PASS,CONFORMING,,2026-08-12T01:00:00Z,2026-08-12T10:00:00Z
QC-00686-POTENCY,BAT-00686,POTENCY,PASS,57.0,AU,2026-08-11T06:00:00Z,2026-08-14T00:00:00Z
QC-00686-STERILITY,BAT-00686,STERILITY,PASS,NO_GROWTH,,2026-08-11T22:00:00Z,2026-08-13T17:00:00Z
QC-00686-VIABILITY,BAT-00686,VIABILITY,PASS,76.7,%,2026-08-11T12:00:00Z,2026-08-13T08:00:00Z
QC-00686-PURITY,BAT-00686,PURITY,PASS,CONFORMING,,2026-08-11T06:00:00Z,2026-08-14T02:00:00Z
QC-00686-SAFETY,BAT-00686,SAFETY,PASS,CONFORMING,,2026-08-11T18:00:00Z,2026-08-12T07:00:00Z
QC-00687-IDENTITY,BAT-00687,IDENTITY,OOT,BORDERLINE,,2026-08-11T12:00:00Z,2026-08-13T20:00:00Z
QC-00687-POTENCY,BAT-00687,POTENCY,PASS,63.7,AU,2026-08-11T10:00:00Z,2026-08-13T04:00:00Z
QC-00687-STERILITY,BAT-00687,STERILITY,PASS,NO_GROWTH,,2026-08-11T06:00:00Z,2026-08-13T09:00:00Z
QC-00687-VIABILITY,BAT-00687,VIABILITY,PASS,89.4,%,2026-08-11T05:00:00Z,2026-08-12T18:00:00Z
QC-00687-PURITY,BAT-00687,PURITY,PASS,CONFORMING,,2026-08-11T05:00:00Z,2026-08-12T15:00:00Z
QC-00687-SAFETY,BAT-00687,SAFETY,PASS,CONFORMING,,2026-08-11T14:00:00Z,2026-08-13T04:00:00Z
QC-00688-IDENTITY,BAT-00688,IDENTITY,PASS,CONFORMING,,2026-08-11T18:00:00Z,2026-08-13T05:00:00Z
QC-00688-POTENCY,BAT-00688,POTENCY,PASS,97.7,AU,2026-08-11T21:00:00Z,2026-08-13T16:00:00Z
QC-00688-STERILITY,BAT-00688,STERILITY,PENDING,PENDING,,2026-08-11T22:00:00Z,2026-08-13T16:00:00Z
QC-00688-VIABILITY,BAT-00688,VIABILITY,PASS,90.1,%,2026-08-11T18:00:00Z,2026-08-12T19:00:00Z
QC-00688-PURITY,BAT-00688,PURITY,PASS,CONFORMING,,2026-08-12T13:00:00Z,2026-08-12T18:00:00Z
QC-00688-SAFETY,BAT-00688,SAFETY,OOT,BORDERLINE,,2026-08-12T03:00:00Z,2026-08-12T23:00:00Z
QC-00689-IDENTITY,BAT-00689,IDENTITY,OOT,BORDERLINE,,2026-08-12T13:00:00Z,2026-08-14T09:00:00Z
QC-00689-POTENCY,BAT-00689,POTENCY,PASS,102.5,AU,2026-08-12T17:00:00Z,2026-08-13T07:00:00Z
QC-00689-STERILITY,BAT-00689,STERILITY,PASS,NO_GROWTH,,2026-08-11T21:00:00Z,2026-08-13T10:00:00Z
QC-00689-VIABILITY,BAT-00689,VIABILITY,PASS,94.0,%,2026-08-12T19:00:00Z,2026-08-14T12:00:00Z
QC-00689-PURITY,BAT-00689,PURITY,PASS,CONFORMING,,2026-08-12T05:00:00Z,2026-08-13T04:00:00Z
QC-00689-SAFETY,BAT-00689,SAFETY,OOT,BORDERLINE,,2026-08-12T01:00:00Z,2026-08-13T20:00:00Z
QC-00690-IDENTITY,BAT-00690,IDENTITY,PASS,CONFORMING,,2026-08-20T08:00:00Z,2026-08-21T04:00:00Z
QC-00690-POTENCY,BAT-00690,POTENCY,PASS,118.3,AU,2026-08-20T15:00:00Z,2026-08-20T18:00:00Z
QC-00690-STERILITY,BAT-00690,STERILITY,PASS,NO_GROWTH,,2026-08-20T07:00:00Z,2026-08-21T13:00:00Z
QC-00690-VIABILITY,BAT-00690,VIABILITY,OOS,65.9,%,2026-08-20T15:00:00Z,2026-08-21T06:00:00Z
QC-00690-PURITY,BAT-00690,PURITY,PASS,CONFORMING,,2026-08-20T05:00:00Z,2026-08-22T14:00:00Z
QC-00690-SAFETY,BAT-00690,SAFETY,PASS,CONFORMING,,2026-08-19T16:00:00Z,2026-08-22T11:00:00Z
QC-00691-IDENTITY,BAT-00691,IDENTITY,PASS,CONFORMING,,2026-08-17T16:00:00Z,2026-08-17T21:00:00Z
QC-00691-POTENCY,BAT-00691,POTENCY,PASS,88.2,AU,2026-08-17T12:00:00Z,2026-08-18T21:00:00Z
QC-00691-STERILITY,BAT-00691,STERILITY,PASS,NO_GROWTH,,2026-08-17T05:00:00Z,2026-08-19T04:00:00Z
QC-00691-VIABILITY,BAT-00691,VIABILITY,PASS,74.5,%,2026-08-17T14:00:00Z,2026-08-18T07:00:00Z
QC-00691-PURITY,BAT-00691,PURITY,PASS,CONFORMING,,2026-08-17T01:00:00Z,2026-08-18T02:00:00Z
QC-00691-SAFETY,BAT-00691,SAFETY,PASS,CONFORMING,,2026-08-17T06:00:00Z,2026-08-18T21:00:00Z
QC-00692-IDENTITY,BAT-00692,IDENTITY,PASS,CONFORMING,,2026-08-19T08:00:00Z,2026-08-20T00:00:00Z
QC-00692-POTENCY,BAT-00692,POTENCY,PASS,71.8,AU,2026-08-18T18:00:00Z,2026-08-19T15:00:00Z
QC-00692-STERILITY,BAT-00692,STERILITY,PENDING,PENDING,,2026-08-18T18:00:00Z,2026-08-19T22:00:00Z
QC-00692-VIABILITY,BAT-00692,VIABILITY,PASS,80.9,%,2026-08-18T19:00:00Z,2026-08-21T07:00:00Z
QC-00692-PURITY,BAT-00692,PURITY,PASS,CONFORMING,,2026-08-19T06:00:00Z,2026-08-20T02:00:00Z
QC-00692-SAFETY,BAT-00692,SAFETY,PASS,CONFORMING,,2026-08-18T22:00:00Z,2026-08-19T21:00:00Z
QC-00693-IDENTITY,BAT-00693,IDENTITY,PASS,CONFORMING,,2026-08-21T20:00:00Z,2026-08-24T02:00:00Z
QC-00693-POTENCY,BAT-00693,POTENCY,PASS,86.9,AU,2026-08-22T03:00:00Z,2026-08-23T06:00:00Z
QC-00693-STERILITY,BAT-00693,STERILITY,PENDING,PENDING,,2026-08-22T01:00:00Z,2026-08-24T05:00:00Z
QC-00693-VIABILITY,BAT-00693,VIABILITY,OOS,69.0,%,2026-08-21T16:00:00Z,2026-08-22T19:00:00Z
QC-00693-PURITY,BAT-00693,PURITY,OOT,BORDERLINE,,2026-08-21T20:00:00Z,2026-08-24T07:00:00Z
QC-00693-SAFETY,BAT-00693,SAFETY,PASS,CONFORMING,,2026-08-22T06:00:00Z,2026-08-22T17:00:00Z
QC-00694-IDENTITY,BAT-00694,IDENTITY,PASS,CONFORMING,,2026-08-22T17:00:00Z,2026-08-24T03:00:00Z
QC-00694-POTENCY,BAT-00694,POTENCY,OOS,40.8,AU,2026-08-22T05:00:00Z,2026-08-24T06:00:00Z
QC-00694-STERILITY,BAT-00694,STERILITY,PASS,NO_GROWTH,,2026-08-22T10:00:00Z,2026-08-23T08:00:00Z
QC-00694-VIABILITY,BAT-00694,VIABILITY,PASS,85.6,%,2026-08-22T07:00:00Z,2026-08-23T19:00:00Z
QC-00694-PURITY,BAT-00694,PURITY,PASS,CONFORMING,,2026-08-22T11:00:00Z,2026-08-24T01:00:00Z
QC-00694-SAFETY,BAT-00694,SAFETY,OOT,BORDERLINE,,2026-08-22T03:00:00Z,2026-08-24T05:00:00Z
QC-00695-IDENTITY,BAT-00695,IDENTITY,OOT,BORDERLINE,,2026-08-20T19:00:00Z,2026-08-21T15:00:00Z
QC-00695-POTENCY,BAT-00695,POTENCY,PASS,82.5,AU,2026-08-20T18:00:00Z,2026-08-21T01:00:00Z
QC-00695-STERILITY,BAT-00695,STERILITY,PENDING,PENDING,,2026-08-20T10:00:00Z,2026-08-22T20:00:00Z
QC-00695-VIABILITY,BAT-00695,VIABILITY,PASS,77.6,%,2026-08-20T02:00:00Z,2026-08-22T11:00:00Z
QC-00695-PURITY,BAT-00695,PURITY,OOT,BORDERLINE,,2026-08-20T10:00:00Z,2026-08-22T17:00:00Z
QC-00695-SAFETY,BAT-00695,SAFETY,OOT,BORDERLINE,,2026-08-20T08:00:00Z,2026-08-22T19:00:00Z
QC-00696-IDENTITY,BAT-00696,IDENTITY,PASS,CONFORMING,,2026-08-14T22:00:00Z,2026-08-15T23:00:00Z
QC-00696-POTENCY,BAT-00696,POTENCY,PASS,118.5,AU,2026-08-15T04:00:00Z,2026-08-16T15:00:00Z
QC-00696-STERILITY,BAT-00696,STERILITY,PASS,NO_GROWTH,,2026-08-15T04:00:00Z,2026-08-15T14:00:00Z
QC-00696-VIABILITY,BAT-00696,VIABILITY,PASS,97.0,%,2026-08-14T10:00:00Z,2026-08-16T22:00:00Z
QC-00696-PURITY,BAT-00696,PURITY,PASS,CONFORMING,,2026-08-14T23:00:00Z,2026-08-15T14:00:00Z
QC-00696-SAFETY,BAT-00696,SAFETY,PASS,CONFORMING,,2026-08-15T06:00:00Z,2026-08-15T15:00:00Z
QC-00697-IDENTITY,BAT-00697,IDENTITY,PASS,CONFORMING,,2026-08-24T17:00:00Z,2026-08-27T06:00:00Z
QC-00697-POTENCY,BAT-00697,POTENCY,PASS,86.7,AU,2026-08-25T09:00:00Z,2026-08-26T14:00:00Z
QC-00697-STERILITY,BAT-00697,STERILITY,PENDING,PENDING,,2026-08-24T22:00:00Z,2026-08-26T00:00:00Z
QC-00697-VIABILITY,BAT-00697,VIABILITY,OOS,66.7,%,2026-08-24T22:00:00Z,2026-08-27T05:00:00Z
QC-00697-PURITY,BAT-00697,PURITY,PASS,CONFORMING,,2026-08-24T23:00:00Z,2026-08-26T20:00:00Z
QC-00697-SAFETY,BAT-00697,SAFETY,PASS,CONFORMING,,2026-08-25T11:00:00Z,2026-08-25T22:00:00Z
QC-00698-IDENTITY,BAT-00698,IDENTITY,OOT,BORDERLINE,,2026-08-23T12:00:00Z,2026-08-25T11:00:00Z
QC-00698-POTENCY,BAT-00698,POTENCY,PASS,114.8,AU,2026-08-23T05:00:00Z,2026-08-24T09:00:00Z
QC-00698-STERILITY,BAT-00698,STERILITY,PASS,NO_GROWTH,,2026-08-23T00:00:00Z,2026-08-25T07:00:00Z
QC-00698-VIABILITY,BAT-00698,VIABILITY,OOS,67.7,%,2026-08-23T09:00:00Z,2026-08-24T11:00:00Z
QC-00698-PURITY,BAT-00698,PURITY,PASS,CONFORMING,,2026-08-23T03:00:00Z,2026-08-24T19:00:00Z
QC-00698-SAFETY,BAT-00698,SAFETY,PASS,CONFORMING,,2026-08-23T02:00:00Z,2026-08-25T12:00:00Z
QC-00699-IDENTITY,BAT-00699,IDENTITY,PASS,CONFORMING,,2026-08-15T11:00:00Z,2026-08-17T15:00:00Z
QC-00699-POTENCY,BAT-00699,POTENCY,PASS,118.1,AU,2026-08-15T11:00:00Z,2026-08-17T13:00:00Z
QC-00699-STERILITY,BAT-00699,STERILITY,PASS,NO_GROWTH,,2026-08-16T00:00:00Z,2026-08-17T21:00:00Z
QC-00699-VIABILITY,BAT-00699,VIABILITY,PASS,97.0,%,2026-08-15T23:00:00Z,2026-08-17T08:00:00Z
QC-00699-PURITY,BAT-00699,PURITY,PASS,CONFORMING,,2026-08-15T19:00:00Z,2026-08-17T14:00:00Z
QC-00699-SAFETY,BAT-00699,SAFETY,PASS,CONFORMING,,2026-08-15T18:00:00Z,2026-08-17T05:00:00Z
QC-00700-IDENTITY,BAT-00700,IDENTITY,PASS,CONFORMING,,2026-08-15T01:00:00Z,2026-08-16T21:00:00Z
QC-00700-POTENCY,BAT-00700,POTENCY,PASS,98.7,AU,2026-08-14T06:00:00Z,2026-08-15T15:00:00Z
QC-00700-STERILITY,BAT-00700,STERILITY,PENDING,PENDING,,2026-08-14T18:00:00Z,2026-08-16T02:00:00Z
QC-00700-VIABILITY,BAT-00700,VIABILITY,PASS,93.8,%,2026-08-14T18:00:00Z,2026-08-15T14:00:00Z
QC-00700-PURITY,BAT-00700,PURITY,PASS,CONFORMING,,2026-08-14T16:00:00Z,2026-08-16T06:00:00Z
QC-00700-SAFETY,BAT-00700,SAFETY,OOT,BORDERLINE,,2026-08-14T20:00:00Z,2026-08-15T13:00:00Z
QC-00701-IDENTITY,BAT-00701,IDENTITY,PASS,CONFORMING,,2026-08-22T15:00:00Z,2026-08-25T07:00:00Z
QC-00701-POTENCY,BAT-00701,POTENCY,OOS,42.0,AU,2026-08-22T15:00:00Z,2026-08-25T05:00:00Z
QC-00701-STERILITY,BAT-00701,STERILITY,PASS,NO_GROWTH,,2026-08-23T14:00:00Z,2026-08-24T02:00:00Z
QC-00701-VIABILITY,BAT-00701,VIABILITY,PASS,81.3,%,2026-08-22T18:00:00Z,2026-08-23T17:00:00Z
QC-00701-PURITY,BAT-00701,PURITY,PASS,CONFORMING,,2026-08-22T21:00:00Z,2026-08-25T12:00:00Z
QC-00701-SAFETY,BAT-00701,SAFETY,OOT,BORDERLINE,,2026-08-23T11:00:00Z,2026-08-24T21:00:00Z
QC-00702-IDENTITY,BAT-00702,IDENTITY,PASS,CONFORMING,,2026-08-15T13:00:00Z,2026-08-17T14:00:00Z
QC-00702-POTENCY,BAT-00702,POTENCY,PASS,56.5,AU,2026-08-15T19:00:00Z,2026-08-16T23:00:00Z
QC-00702-STERILITY,BAT-00702,STERILITY,PENDING,PENDING,,2026-08-15T08:00:00Z,2026-08-17T04:00:00Z
QC-00702-VIABILITY,BAT-00702,VIABILITY,PASS,81.2,%,2026-08-15T08:00:00Z,2026-08-16T07:00:00Z
QC-00702-PURITY,BAT-00702,PURITY,PASS,CONFORMING,,2026-08-15T19:00:00Z,2026-08-18T04:00:00Z
QC-00702-SAFETY,BAT-00702,SAFETY,PASS,CONFORMING,,2026-08-15T18:00:00Z,2026-08-18T00:00:00Z
QC-00703-IDENTITY,BAT-00703,IDENTITY,PASS,CONFORMING,,2026-08-23T18:00:00Z,2026-08-24T07:00:00Z
QC-00703-POTENCY,BAT-00703,POTENCY,OOS,47.6,AU,2026-08-23T23:00:00Z,2026-08-26T03:00:00Z
QC-00703-STERILITY,BAT-00703,STERILITY,PASS,NO_GROWTH,,2026-08-23T15:00:00Z,2026-08-25T04:00:00Z
QC-00703-VIABILITY,BAT-00703,VIABILITY,PASS,85.3,%,2026-08-23T06:00:00Z,2026-08-25T18:00:00Z
QC-00703-PURITY,BAT-00703,PURITY,OOT,BORDERLINE,,2026-08-24T02:00:00Z,2026-08-26T01:00:00Z
QC-00703-SAFETY,BAT-00703,SAFETY,PASS,CONFORMING,,2026-08-23T12:00:00Z,2026-08-25T23:00:00Z
QC-00704-IDENTITY,BAT-00704,IDENTITY,PASS,CONFORMING,,2026-08-25T08:00:00Z,2026-08-26T19:00:00Z
QC-00704-POTENCY,BAT-00704,POTENCY,PASS,113.0,AU,2026-08-25T22:00:00Z,2026-08-27T22:00:00Z
QC-00704-STERILITY,BAT-00704,STERILITY,PASS,NO_GROWTH,,2026-08-25T14:00:00Z,2026-08-26T12:00:00Z
QC-00704-VIABILITY,BAT-00704,VIABILITY,PASS,84.9,%,2026-08-25T07:00:00Z,2026-08-27T19:00:00Z
QC-00704-PURITY,BAT-00704,PURITY,PASS,CONFORMING,,2026-08-25T04:00:00Z,2026-08-27T03:00:00Z
QC-00704-SAFETY,BAT-00704,SAFETY,OOT,BORDERLINE,,2026-08-25T19:00:00Z,2026-08-27T00:00:00Z
QC-00705-IDENTITY,BAT-00705,IDENTITY,PASS,CONFORMING,,2026-08-21T11:00:00Z,2026-08-22T18:00:00Z
QC-00705-POTENCY,BAT-00705,POTENCY,PASS,105.1,AU,2026-08-21T15:00:00Z,2026-08-23T17:00:00Z
QC-00705-STERILITY,BAT-00705,STERILITY,PENDING,PENDING,,2026-08-22T04:00:00Z,2026-08-24T06:00:00Z
QC-00705-VIABILITY,BAT-00705,VIABILITY,PASS,89.7,%,2026-08-21T14:00:00Z,2026-08-22T22:00:00Z
QC-00705-PURITY,BAT-00705,PURITY,PASS,CONFORMING,,2026-08-21T11:00:00Z,2026-08-22T20:00:00Z
QC-00705-SAFETY,BAT-00705,SAFETY,OOT,BORDERLINE,,2026-08-21T21:00:00Z,2026-08-24T04:00:00Z
QC-00706-IDENTITY,BAT-00706,IDENTITY,PASS,CONFORMING,,2026-08-15T07:00:00Z,2026-08-16T00:00:00Z
QC-00706-POTENCY,BAT-00706,POTENCY,PASS,88.9,AU,2026-08-15T19:00:00Z,2026-08-17T16:00:00Z
QC-00706-STERILITY,BAT-00706,STERILITY,PENDING,PENDING,,2026-08-15T03:00:00Z,2026-08-16T01:00:00Z
QC-00706-VIABILITY,BAT-00706,VIABILITY,PASS,94.8,%,2026-08-15T08:00:00Z,2026-08-16T10:00:00Z
QC-00706-PURITY,BAT-00706,PURITY,PASS,CONFORMING,,2026-08-15T03:00:00Z,2026-08-17T03:00:00Z
QC-00706-SAFETY,BAT-00706,SAFETY,PASS,CONFORMING,,2026-08-14T23:00:00Z,2026-08-17T10:00:00Z
QC-00707-IDENTITY,BAT-00707,IDENTITY,PASS,CONFORMING,,2026-08-20T13:00:00Z,2026-08-22T04:00:00Z
QC-00707-POTENCY,BAT-00707,POTENCY,PASS,50.2,AU,2026-08-20T02:00:00Z,2026-08-22T17:00:00Z
QC-00707-STERILITY,BAT-00707,STERILITY,PASS,NO_GROWTH,,2026-08-20T17:00:00Z,2026-08-21T19:00:00Z
QC-00707-VIABILITY,BAT-00707,VIABILITY,PASS,83.2,%,2026-08-20T17:00:00Z,2026-08-22T03:00:00Z
QC-00707-PURITY,BAT-00707,PURITY,PASS,CONFORMING,,2026-08-20T02:00:00Z,2026-08-22T15:00:00Z
QC-00707-SAFETY,BAT-00707,SAFETY,PASS,CONFORMING,,2026-08-20T08:00:00Z,2026-08-21T02:00:00Z
QC-00708-IDENTITY,BAT-00708,IDENTITY,PASS,CONFORMING,,2026-08-25T04:00:00Z,2026-08-26T15:00:00Z
QC-00708-POTENCY,BAT-00708,POTENCY,PASS,81.2,AU,2026-08-25T04:00:00Z,2026-08-27T03:00:00Z
QC-00708-STERILITY,BAT-00708,STERILITY,PENDING,PENDING,,2026-08-24T08:00:00Z,2026-08-26T07:00:00Z
QC-00708-VIABILITY,BAT-00708,VIABILITY,PASS,75.5,%,2026-08-24T22:00:00Z,2026-08-25T09:00:00Z
QC-00708-PURITY,BAT-00708,PURITY,PASS,CONFORMING,,2026-08-25T02:00:00Z,2026-08-26T22:00:00Z
QC-00708-SAFETY,BAT-00708,SAFETY,PASS,CONFORMING,,2026-08-24T18:00:00Z,2026-08-26T01:00:00Z
QC-00709-IDENTITY,BAT-00709,IDENTITY,PASS,CONFORMING,,2026-08-16T23:00:00Z,2026-08-17T15:00:00Z
QC-00709-POTENCY,BAT-00709,POTENCY,PASS,97.0,AU,2026-08-16T08:00:00Z,2026-08-18T03:00:00Z
QC-00709-STERILITY,BAT-00709,STERILITY,PENDING,PENDING,,2026-08-16T18:00:00Z,2026-08-17T15:00:00Z
QC-00709-VIABILITY,BAT-00709,VIABILITY,PASS,73.8,%,2026-08-16T08:00:00Z,2026-08-18T01:00:00Z
QC-00709-PURITY,BAT-00709,PURITY,OOT,BORDERLINE,,2026-08-16T20:00:00Z,2026-08-18T16:00:00Z
QC-00709-SAFETY,BAT-00709,SAFETY,PASS,CONFORMING,,2026-08-16T16:00:00Z,2026-08-17T17:00:00Z
QC-00710-IDENTITY,BAT-00710,IDENTITY,OOT,BORDERLINE,,2026-08-23T21:00:00Z,2026-08-25T18:00:00Z
QC-00710-POTENCY,BAT-00710,POTENCY,PASS,78.4,AU,2026-08-23T14:00:00Z,2026-08-25T23:00:00Z
QC-00710-STERILITY,BAT-00710,STERILITY,PENDING,PENDING,,2026-08-23T10:00:00Z,2026-08-24T12:00:00Z
QC-00710-VIABILITY,BAT-00710,VIABILITY,PASS,74.2,%,2026-08-23T23:00:00Z,2026-08-25T12:00:00Z
QC-00710-PURITY,BAT-00710,PURITY,PASS,CONFORMING,,2026-08-23T09:00:00Z,2026-08-24T07:00:00Z
QC-00710-SAFETY,BAT-00710,SAFETY,PASS,CONFORMING,,2026-08-23T16:00:00Z,2026-08-25T18:00:00Z
QC-00711-IDENTITY,BAT-00711,IDENTITY,OOT,BORDERLINE,,2026-08-17T01:00:00Z,2026-08-18T19:00:00Z
QC-00711-POTENCY,BAT-00711,POTENCY,PASS,60.3,AU,2026-08-17T05:00:00Z,2026-08-18T06:00:00Z
QC-00711-STERILITY,BAT-00711,STERILITY,PASS,NO_GROWTH,,2026-08-17T01:00:00Z,2026-08-17T16:00:00Z
QC-00711-VIABILITY,BAT-00711,VIABILITY,PASS,85.1,%,2026-08-16T14:00:00Z,2026-08-18T11:00:00Z
QC-00711-PURITY,BAT-00711,PURITY,PASS,CONFORMING,,2026-08-17T00:00:00Z,2026-08-18T13:00:00Z
QC-00711-SAFETY,BAT-00711,SAFETY,OOT,BORDERLINE,,2026-08-16T17:00:00Z,2026-08-18T12:00:00Z
QC-00712-IDENTITY,BAT-00712,IDENTITY,PASS,CONFORMING,,2026-08-21T23:00:00Z,2026-08-24T16:00:00Z
QC-00712-POTENCY,BAT-00712,POTENCY,PASS,74.6,AU,2026-08-22T03:00:00Z,2026-08-23T05:00:00Z
QC-00712-STERILITY,BAT-00712,STERILITY,PENDING,PENDING,,2026-08-22T10:00:00Z,2026-08-23T16:00:00Z
QC-00712-VIABILITY,BAT-00712,VIABILITY,PASS,85.9,%,2026-08-21T18:00:00Z,2026-08-23T07:00:00Z
QC-00712-PURITY,BAT-00712,PURITY,PASS,CONFORMING,,2026-08-22T09:00:00Z,2026-08-23T05:00:00Z
QC-00712-SAFETY,BAT-00712,SAFETY,OOT,BORDERLINE,,2026-08-21T22:00:00Z,2026-08-23T13:00:00Z
QC-00713-IDENTITY,BAT-00713,IDENTITY,OOT,BORDERLINE,,2026-08-22T04:00:00Z,2026-08-22T13:00:00Z
QC-00713-POTENCY,BAT-00713,POTENCY,PASS,74.0,AU,2026-08-21T16:00:00Z,2026-08-23T20:00:00Z
QC-00713-STERILITY,BAT-00713,STERILITY,PASS,NO_GROWTH,,2026-08-21T13:00:00Z,2026-08-24T01:00:00Z
QC-00713-VIABILITY,BAT-00713,VIABILITY,PASS,79.4,%,2026-08-21T14:00:00Z,2026-08-23T22:00:00Z
QC-00713-PURITY,BAT-00713,PURITY,OOT,BORDERLINE,,2026-08-21T15:00:00Z,2026-08-23T11:00:00Z
QC-00713-SAFETY,BAT-00713,SAFETY,PASS,CONFORMING,,2026-08-21T07:00:00Z,2026-08-22T07:00:00Z
QC-00714-IDENTITY,BAT-00714,IDENTITY,OOT,BORDERLINE,,2026-08-24T18:00:00Z,2026-08-26T00:00:00Z
QC-00714-POTENCY,BAT-00714,POTENCY,PASS,98.2,AU,2026-08-23T19:00:00Z,2026-08-25T10:00:00Z
QC-00714-STERILITY,BAT-00714,STERILITY,PASS,NO_GROWTH,,2026-08-24T18:00:00Z,2026-08-26T11:00:00Z
QC-00714-VIABILITY,BAT-00714,VIABILITY,OOS,68.9,%,2026-08-24T12:00:00Z,2026-08-25T06:00:00Z
QC-00714-PURITY,BAT-00714,PURITY,OOT,BORDERLINE,,2026-08-24T06:00:00Z,2026-08-26T05:00:00Z
QC-00714-SAFETY,BAT-00714,SAFETY,PASS,CONFORMING,,2026-08-24T06:00:00Z,2026-08-25T16:00:00Z
QC-00715-IDENTITY,BAT-00715,IDENTITY,PASS,CONFORMING,,2026-08-17T19:00:00Z,2026-08-20T02:00:00Z
QC-00715-POTENCY,BAT-00715,POTENCY,PASS,92.5,AU,2026-08-18T12:00:00Z,2026-08-20T11:00:00Z
QC-00715-STERILITY,BAT-00715,STERILITY,PASS,NO_GROWTH,,2026-08-17T23:00:00Z,2026-08-19T07:00:00Z
QC-00715-VIABILITY,BAT-00715,VIABILITY,PASS,81.2,%,2026-08-17T17:00:00Z,2026-08-20T08:00:00Z
QC-00715-PURITY,BAT-00715,PURITY,PASS,CONFORMING,,2026-08-18T07:00:00Z,2026-08-19T10:00:00Z
QC-00715-SAFETY,BAT-00715,SAFETY,OOT,BORDERLINE,,2026-08-18T11:00:00Z,2026-08-19T10:00:00Z
QC-00716-IDENTITY,BAT-00716,IDENTITY,PASS,CONFORMING,,2026-08-23T21:00:00Z,2026-08-26T03:00:00Z
QC-00716-POTENCY,BAT-00716,POTENCY,PASS,111.5,AU,2026-08-23T07:00:00Z,2026-08-26T03:00:00Z
QC-00716-STERILITY,BAT-00716,STERILITY,PENDING,PENDING,,2026-08-24T04:00:00Z,2026-08-25T10:00:00Z
QC-00716-VIABILITY,BAT-00716,VIABILITY,PASS,92.9,%,2026-08-23T10:00:00Z,2026-08-24T09:00:00Z
QC-00716-PURITY,BAT-00716,PURITY,PASS,CONFORMING,,2026-08-24T01:00:00Z,2026-08-24T12:00:00Z
QC-00716-SAFETY,BAT-00716,SAFETY,OOT,BORDERLINE,,2026-08-23T15:00:00Z,2026-08-25T16:00:00Z
QC-00717-IDENTITY,BAT-00717,IDENTITY,PASS,CONFORMING,,2026-08-28T03:00:00Z,2026-08-29T19:00:00Z
QC-00717-POTENCY,BAT-00717,POTENCY,PASS,55.6,AU,2026-08-27T15:00:00Z,2026-08-29T09:00:00Z
QC-00717-STERILITY,BAT-00717,STERILITY,PASS,NO_GROWTH,,2026-08-27T08:00:00Z,2026-08-29T06:00:00Z
QC-00717-VIABILITY,BAT-00717,VIABILITY,PASS,86.2,%,2026-08-27T21:00:00Z,2026-08-28T16:00:00Z
QC-00717-PURITY,BAT-00717,PURITY,PASS,CONFORMING,,2026-08-27T05:00:00Z,2026-08-29T04:00:00Z
QC-00717-SAFETY,BAT-00717,SAFETY,PASS,CONFORMING,,2026-08-27T12:00:00Z,2026-08-29T18:00:00Z
QC-00718-IDENTITY,BAT-00718,IDENTITY,OOT,BORDERLINE,,2026-08-22T14:00:00Z,2026-08-23T11:00:00Z
QC-00718-POTENCY,BAT-00718,POTENCY,PASS,110.0,AU,2026-08-22T03:00:00Z,2026-08-23T07:00:00Z
QC-00718-STERILITY,BAT-00718,STERILITY,PASS,NO_GROWTH,,2026-08-22T17:00:00Z,2026-08-23T23:00:00Z
QC-00718-VIABILITY,BAT-00718,VIABILITY,PASS,70.2,%,2026-08-22T20:00:00Z,2026-08-24T23:00:00Z
QC-00718-PURITY,BAT-00718,PURITY,PASS,CONFORMING,,2026-08-22T09:00:00Z,2026-08-24T03:00:00Z
QC-00718-SAFETY,BAT-00718,SAFETY,PASS,CONFORMING,,2026-08-22T16:00:00Z,2026-08-23T16:00:00Z
QC-00719-IDENTITY,BAT-00719,IDENTITY,PASS,CONFORMING,,2026-08-28T01:00:00Z,2026-08-29T20:00:00Z
QC-00719-POTENCY,BAT-00719,POTENCY,PASS,98.7,AU,2026-08-27T22:00:00Z,2026-08-29T17:00:00Z
QC-00719-STERILITY,BAT-00719,STERILITY,PENDING,PENDING,,2026-08-28T02:00:00Z,2026-08-29T08:00:00Z
QC-00719-VIABILITY,BAT-00719,VIABILITY,PASS,93.5,%,2026-08-27T21:00:00Z,2026-08-30T05:00:00Z
QC-00719-PURITY,BAT-00719,PURITY,PASS,CONFORMING,,2026-08-27T10:00:00Z,2026-08-29T12:00:00Z
QC-00719-SAFETY,BAT-00719,SAFETY,PASS,CONFORMING,,2026-08-27T11:00:00Z,2026-08-28T23:00:00Z
QC-00720-IDENTITY,BAT-00720,IDENTITY,PASS,CONFORMING,,2026-08-28T00:00:00Z,2026-08-30T04:00:00Z
QC-00720-POTENCY,BAT-00720,POTENCY,OOS,43.3,AU,2026-08-28T16:00:00Z,2026-08-30T08:00:00Z
QC-00720-STERILITY,BAT-00720,STERILITY,PASS,NO_GROWTH,,2026-08-28T12:00:00Z,2026-08-29T23:00:00Z
QC-00720-VIABILITY,BAT-00720,VIABILITY,PASS,91.5,%,2026-08-27T22:00:00Z,2026-08-28T21:00:00Z
QC-00720-PURITY,BAT-00720,PURITY,PASS,CONFORMING,,2026-08-28T00:00:00Z,2026-08-30T17:00:00Z
QC-00720-SAFETY,BAT-00720,SAFETY,PASS,CONFORMING,,2026-08-27T21:00:00Z,2026-08-30T15:00:00Z
QC-00721-IDENTITY,BAT-00721,IDENTITY,OOT,BORDERLINE,,2026-08-22T17:00:00Z,2026-08-25T00:00:00Z
QC-00721-POTENCY,BAT-00721,POTENCY,PASS,74.7,AU,2026-08-22T19:00:00Z,2026-08-24T23:00:00Z
QC-00721-STERILITY,BAT-00721,STERILITY,PENDING,PENDING,,2026-08-22T14:00:00Z,2026-08-25T01:00:00Z
QC-00721-VIABILITY,BAT-00721,VIABILITY,OOS,66.8,%,2026-08-22T12:00:00Z,2026-08-23T23:00:00Z
QC-00721-PURITY,BAT-00721,PURITY,PASS,CONFORMING,,2026-08-23T00:00:00Z,2026-08-23T13:00:00Z
QC-00721-SAFETY,BAT-00721,SAFETY,PASS,CONFORMING,,2026-08-22T21:00:00Z,2026-08-25T00:00:00Z
QC-00722-IDENTITY,BAT-00722,IDENTITY,OOT,BORDERLINE,,2026-08-24T02:00:00Z,2026-08-25T21:00:00Z
QC-00722-POTENCY,BAT-00722,POTENCY,PASS,113.8,AU,2026-08-24T16:00:00Z,2026-08-25T16:00:00Z
QC-00722-STERILITY,BAT-00722,STERILITY,PASS,NO_GROWTH,,2026-08-24T03:00:00Z,2026-08-26T19:00:00Z
QC-00722-VIABILITY,BAT-00722,VIABILITY,PASS,83.7,%,2026-08-24T16:00:00Z,2026-08-26T15:00:00Z
QC-00722-PURITY,BAT-00722,PURITY,PASS,CONFORMING,,2026-08-24T18:00:00Z,2026-08-25T15:00:00Z
QC-00722-SAFETY,BAT-00722,SAFETY,PASS,CONFORMING,,2026-08-24T03:00:00Z,2026-08-25T22:00:00Z
QC-00723-IDENTITY,BAT-00723,IDENTITY,PASS,CONFORMING,,2026-08-24T15:00:00Z,2026-08-26T01:00:00Z
QC-00723-POTENCY,BAT-00723,POTENCY,PASS,109.2,AU,2026-08-24T11:00:00Z,2026-08-26T16:00:00Z
QC-00723-STERILITY,BAT-00723,STERILITY,PASS,NO_GROWTH,,2026-08-24T04:00:00Z,2026-08-26T10:00:00Z
QC-00723-VIABILITY,BAT-00723,VIABILITY,PASS,88.3,%,2026-08-24T14:00:00Z,2026-08-26T11:00:00Z
QC-00723-PURITY,BAT-00723,PURITY,PASS,CONFORMING,,2026-08-24T10:00:00Z,2026-08-26T05:00:00Z
QC-00723-SAFETY,BAT-00723,SAFETY,PASS,CONFORMING,,2026-08-24T00:00:00Z,2026-08-25T13:00:00Z
QC-00724-IDENTITY,BAT-00724,IDENTITY,PASS,CONFORMING,,2026-08-27T04:00:00Z,2026-08-29T00:00:00Z
QC-00724-POTENCY,BAT-00724,POTENCY,PASS,87.8,AU,2026-08-27T00:00:00Z,2026-08-28T10:00:00Z
QC-00724-STERILITY,BAT-00724,STERILITY,PENDING,PENDING,,2026-08-27T12:00:00Z,2026-08-28T01:00:00Z
QC-00724-VIABILITY,BAT-00724,VIABILITY,PASS,76.9,%,2026-08-26T19:00:00Z,2026-08-27T23:00:00Z
QC-00724-PURITY,BAT-00724,PURITY,PASS,CONFORMING,,2026-08-27T11:00:00Z,2026-08-28T04:00:00Z
QC-00724-SAFETY,BAT-00724,SAFETY,PASS,CONFORMING,,2026-08-26T23:00:00Z,2026-08-27T23:00:00Z
QC-00725-IDENTITY,BAT-00725,IDENTITY,PASS,CONFORMING,,2026-08-25T20:00:00Z,2026-08-27T09:00:00Z
QC-00725-POTENCY,BAT-00725,POTENCY,PASS,117.8,AU,2026-08-25T21:00:00Z,2026-08-26T09:00:00Z
QC-00725-STERILITY,BAT-00725,STERILITY,PENDING,PENDING,,2026-08-25T21:00:00Z,2026-08-26T11:00:00Z
QC-00725-VIABILITY,BAT-00725,VIABILITY,PASS,72.3,%,2026-08-25T05:00:00Z,2026-08-27T02:00:00Z
QC-00725-PURITY,BAT-00725,PURITY,PASS,CONFORMING,,2026-08-25T15:00:00Z,2026-08-27T02:00:00Z
QC-00725-SAFETY,BAT-00725,SAFETY,OOT,BORDERLINE,,2026-08-25T08:00:00Z,2026-08-26T08:00:00Z
QC-00726-IDENTITY,BAT-00726,IDENTITY,PASS,CONFORMING,,2026-08-27T11:00:00Z,2026-08-28T01:00:00Z
QC-00726-POTENCY,BAT-00726,POTENCY,PASS,118.5,AU,2026-08-27T07:00:00Z,2026-08-27T17:00:00Z
QC-00726-STERILITY,BAT-00726,STERILITY,PASS,NO_GROWTH,,2026-08-27T05:00:00Z,2026-08-29T08:00:00Z
QC-00726-VIABILITY,BAT-00726,VIABILITY,PASS,94.6,%,2026-08-26T16:00:00Z,2026-08-27T23:00:00Z
QC-00726-PURITY,BAT-00726,PURITY,OOT,BORDERLINE,,2026-08-27T12:00:00Z,2026-08-28T20:00:00Z
QC-00726-SAFETY,BAT-00726,SAFETY,PASS,CONFORMING,,2026-08-26T22:00:00Z,2026-08-27T20:00:00Z
QC-00727-IDENTITY,BAT-00727,IDENTITY,PASS,CONFORMING,,2026-08-24T13:00:00Z,2026-08-25T08:00:00Z
QC-00727-POTENCY,BAT-00727,POTENCY,PASS,108.6,AU,2026-08-24T10:00:00Z,2026-08-26T11:00:00Z
QC-00727-STERILITY,BAT-00727,STERILITY,PASS,NO_GROWTH,,2026-08-24T17:00:00Z,2026-08-26T17:00:00Z
QC-00727-VIABILITY,BAT-00727,VIABILITY,PASS,93.0,%,2026-08-24T20:00:00Z,2026-08-26T02:00:00Z
QC-00727-PURITY,BAT-00727,PURITY,PASS,CONFORMING,,2026-08-25T02:00:00Z,2026-08-27T00:00:00Z
QC-00727-SAFETY,BAT-00727,SAFETY,OOT,BORDERLINE,,2026-08-24T18:00:00Z,2026-08-25T16:00:00Z
QC-00728-IDENTITY,BAT-00728,IDENTITY,PASS,CONFORMING,,2026-08-22T17:00:00Z,2026-08-24T13:00:00Z
QC-00728-POTENCY,BAT-00728,POTENCY,PASS,93.0,AU,2026-08-22T13:00:00Z,2026-08-23T22:00:00Z
QC-00728-STERILITY,BAT-00728,STERILITY,PASS,NO_GROWTH,,2026-08-23T07:00:00Z,2026-08-25T09:00:00Z
QC-00728-VIABILITY,BAT-00728,VIABILITY,PASS,90.5,%,2026-08-23T02:00:00Z,2026-08-24T05:00:00Z
QC-00728-PURITY,BAT-00728,PURITY,PASS,CONFORMING,,2026-08-23T03:00:00Z,2026-08-24T00:00:00Z
QC-00728-SAFETY,BAT-00728,SAFETY,PASS,CONFORMING,,2026-08-22T19:00:00Z,2026-08-25T02:00:00Z
QC-00729-IDENTITY,BAT-00729,IDENTITY,PASS,CONFORMING,,2026-08-29T05:00:00Z,2026-08-31T03:00:00Z
QC-00729-POTENCY,BAT-00729,POTENCY,OOS,42.0,AU,2026-08-29T03:00:00Z,2026-08-29T10:00:00Z
QC-00729-STERILITY,BAT-00729,STERILITY,PASS,NO_GROWTH,,2026-08-28T19:00:00Z,2026-08-29T19:00:00Z
QC-00729-VIABILITY,BAT-00729,VIABILITY,PASS,95.6,%,2026-08-28T21:00:00Z,2026-08-29T18:00:00Z
QC-00729-PURITY,BAT-00729,PURITY,PASS,CONFORMING,,2026-08-28T11:00:00Z,2026-08-30T02:00:00Z
QC-00729-SAFETY,BAT-00729,SAFETY,PASS,CONFORMING,,2026-08-28T20:00:00Z,2026-08-31T01:00:00Z
QC-00730-IDENTITY,BAT-00730,IDENTITY,PASS,CONFORMING,,2026-08-26T01:00:00Z,2026-08-28T10:00:00Z
QC-00730-POTENCY,BAT-00730,POTENCY,PASS,91.5,AU,2026-08-26T04:00:00Z,2026-08-27T16:00:00Z
QC-00730-STERILITY,BAT-00730,STERILITY,PASS,NO_GROWTH,,2026-08-25T17:00:00Z,2026-08-27T17:00:00Z
QC-00730-VIABILITY,BAT-00730,VIABILITY,PASS,93.0,%,2026-08-26T10:00:00Z,2026-08-28T04:00:00Z
QC-00730-PURITY,BAT-00730,PURITY,OOT,BORDERLINE,,2026-08-25T20:00:00Z,2026-08-27T05:00:00Z
QC-00730-SAFETY,BAT-00730,SAFETY,PASS,CONFORMING,,2026-08-26T12:00:00Z,2026-08-27T17:00:00Z
QC-00731-IDENTITY,BAT-00731,IDENTITY,PASS,CONFORMING,,2026-09-01T16:00:00Z,2026-09-02T19:00:00Z
QC-00731-POTENCY,BAT-00731,POTENCY,PASS,58.5,AU,2026-09-01T23:00:00Z,2026-09-03T21:00:00Z
QC-00731-STERILITY,BAT-00731,STERILITY,PASS,NO_GROWTH,,2026-09-01T20:00:00Z,2026-09-03T20:00:00Z
QC-00731-VIABILITY,BAT-00731,VIABILITY,PASS,86.6,%,2026-09-01T23:00:00Z,2026-09-04T01:00:00Z
QC-00731-PURITY,BAT-00731,PURITY,PASS,CONFORMING,,2026-09-02T01:00:00Z,2026-09-03T14:00:00Z
QC-00731-SAFETY,BAT-00731,SAFETY,PASS,CONFORMING,,2026-09-01T16:00:00Z,2026-09-02T14:00:00Z
QC-00732-IDENTITY,BAT-00732,IDENTITY,PASS,CONFORMING,,2026-08-27T07:00:00Z,2026-08-28T13:00:00Z
QC-00732-POTENCY,BAT-00732,POTENCY,PASS,112.2,AU,2026-08-27T12:00:00Z,2026-08-29T12:00:00Z
QC-00732-STERILITY,BAT-00732,STERILITY,PENDING,PENDING,,2026-08-27T03:00:00Z,2026-08-29T11:00:00Z
QC-00732-VIABILITY,BAT-00732,VIABILITY,PASS,76.7,%,2026-08-27T04:00:00Z,2026-08-28T20:00:00Z
QC-00732-PURITY,BAT-00732,PURITY,PASS,CONFORMING,,2026-08-27T08:00:00Z,2026-08-28T22:00:00Z
QC-00732-SAFETY,BAT-00732,SAFETY,OOT,BORDERLINE,,2026-08-27T14:00:00Z,2026-08-29T00:00:00Z
QC-00733-IDENTITY,BAT-00733,IDENTITY,PASS,CONFORMING,,2026-09-02T04:00:00Z,2026-09-02T23:00:00Z
QC-00733-POTENCY,BAT-00733,POTENCY,PASS,75.7,AU,2026-09-01T23:00:00Z,2026-09-02T10:00:00Z
QC-00733-STERILITY,BAT-00733,STERILITY,PENDING,PENDING,,2026-09-01T22:00:00Z,2026-09-04T07:00:00Z
QC-00733-VIABILITY,BAT-00733,VIABILITY,PASS,81.6,%,2026-09-01T22:00:00Z,2026-09-02T16:00:00Z
QC-00733-PURITY,BAT-00733,PURITY,PASS,CONFORMING,,2026-09-01T15:00:00Z,2026-09-03T10:00:00Z
QC-00733-SAFETY,BAT-00733,SAFETY,PASS,CONFORMING,,2026-09-01T08:00:00Z,2026-09-02T11:00:00Z
QC-00734-IDENTITY,BAT-00734,IDENTITY,PASS,CONFORMING,,2026-08-27T20:00:00Z,2026-08-29T19:00:00Z
QC-00734-POTENCY,BAT-00734,POTENCY,PASS,104.6,AU,2026-08-27T19:00:00Z,2026-08-29T08:00:00Z
QC-00734-STERILITY,BAT-00734,STERILITY,PASS,NO_GROWTH,,2026-08-28T04:00:00Z,2026-08-30T03:00:00Z
QC-00734-VIABILITY,BAT-00734,VIABILITY,PASS,84.5,%,2026-08-28T09:00:00Z,2026-08-29T03:00:00Z
QC-00734-PURITY,BAT-00734,PURITY,PASS,CONFORMING,,2026-08-27T20:00:00Z,2026-08-29T22:00:00Z
QC-00734-SAFETY,BAT-00734,SAFETY,PASS,CONFORMING,,2026-08-27T20:00:00Z,2026-08-30T11:00:00Z
QC-00735-IDENTITY,BAT-00735,IDENTITY,PASS,CONFORMING,,2026-09-01T00:00:00Z,2026-09-02T20:00:00Z
QC-00735-POTENCY,BAT-00735,POTENCY,OOS,48.6,AU,2026-08-31T17:00:00Z,2026-09-03T00:00:00Z
QC-00735-STERILITY,BAT-00735,STERILITY,PASS,NO_GROWTH,,2026-09-01T02:00:00Z,2026-09-02T11:00:00Z
QC-00735-VIABILITY,BAT-00735,VIABILITY,PASS,79.9,%,2026-08-31T17:00:00Z,2026-09-02T13:00:00Z
QC-00735-PURITY,BAT-00735,PURITY,PASS,CONFORMING,,2026-08-31T11:00:00Z,2026-09-03T00:00:00Z
QC-00735-SAFETY,BAT-00735,SAFETY,PASS,CONFORMING,,2026-08-31T19:00:00Z,2026-09-02T17:00:00Z
QC-00736-IDENTITY,BAT-00736,IDENTITY,OOT,BORDERLINE,,2026-08-24T12:00:00Z,2026-08-26T23:00:00Z
QC-00736-POTENCY,BAT-00736,POTENCY,PASS,90.5,AU,2026-08-25T09:00:00Z,2026-08-27T04:00:00Z
QC-00736-STERILITY,BAT-00736,STERILITY,PENDING,PENDING,,2026-08-24T13:00:00Z,2026-08-26T22:00:00Z
QC-00736-VIABILITY,BAT-00736,VIABILITY,PASS,76.9,%,2026-08-25T09:00:00Z,2026-08-26T11:00:00Z
QC-00736-PURITY,BAT-00736,PURITY,PASS,CONFORMING,,2026-08-24T13:00:00Z,2026-08-26T12:00:00Z
QC-00736-SAFETY,BAT-00736,SAFETY,PASS,CONFORMING,,2026-08-24T22:00:00Z,2026-08-27T07:00:00Z
QC-00737-IDENTITY,BAT-00737,IDENTITY,OOT,BORDERLINE,,2026-09-01T20:00:00Z,2026-09-04T14:00:00Z
QC-00737-POTENCY,BAT-00737,POTENCY,PASS,94.8,AU,2026-09-01T21:00:00Z,2026-09-04T14:00:00Z
QC-00737-STERILITY,BAT-00737,STERILITY,PENDING,PENDING,,2026-09-01T16:00:00Z,2026-09-04T07:00:00Z
QC-00737-VIABILITY,BAT-00737,VIABILITY,PASS,91.1,%,2026-09-01T22:00:00Z,2026-09-03T21:00:00Z
QC-00737-PURITY,BAT-00737,PURITY,PASS,CONFORMING,,2026-09-02T01:00:00Z,2026-09-03T14:00:00Z
QC-00737-SAFETY,BAT-00737,SAFETY,OOT,BORDERLINE,,2026-09-02T14:00:00Z,2026-09-03T00:00:00Z
QC-00738-IDENTITY,BAT-00738,IDENTITY,PASS,CONFORMING,,2026-08-26T15:00:00Z,2026-08-28T02:00:00Z
QC-00738-POTENCY,BAT-00738,POTENCY,OOS,44.4,AU,2026-08-25T23:00:00Z,2026-08-28T12:00:00Z
QC-00738-STERILITY,BAT-00738,STERILITY,PASS,NO_GROWTH,,2026-08-26T06:00:00Z,2026-08-28T01:00:00Z
QC-00738-VIABILITY,BAT-00738,VIABILITY,PASS,84.5,%,2026-08-25T20:00:00Z,2026-08-28T09:00:00Z
QC-00738-PURITY,BAT-00738,PURITY,PASS,CONFORMING,,2026-08-26T05:00:00Z,2026-08-28T01:00:00Z
QC-00738-SAFETY,BAT-00738,SAFETY,OOT,BORDERLINE,,2026-08-25T19:00:00Z,2026-08-28T09:00:00Z
QC-00739-IDENTITY,BAT-00739,IDENTITY,PASS,CONFORMING,,2026-08-28T12:00:00Z,2026-08-29T22:00:00Z
QC-00739-POTENCY,BAT-00739,POTENCY,PASS,94.8,AU,2026-08-28T12:00:00Z,2026-08-30T22:00:00Z
QC-00739-STERILITY,BAT-00739,STERILITY,PASS,NO_GROWTH,,2026-08-28T15:00:00Z,2026-08-29T08:00:00Z
QC-00739-VIABILITY,BAT-00739,VIABILITY,OOS,68.6,%,2026-08-28T04:00:00Z,2026-08-30T06:00:00Z
QC-00739-PURITY,BAT-00739,PURITY,OOT,BORDERLINE,,2026-08-28T17:00:00Z,2026-08-29T23:00:00Z
QC-00739-SAFETY,BAT-00739,SAFETY,OOT,BORDERLINE,,2026-08-28T20:00:00Z,2026-08-31T01:00:00Z
QC-00740-IDENTITY,BAT-00740,IDENTITY,PASS,CONFORMING,,2026-08-31T21:00:00Z,2026-09-02T12:00:00Z
QC-00740-POTENCY,BAT-00740,POTENCY,OOS,49.5,AU,2026-08-31T19:00:00Z,2026-09-02T23:00:00Z
QC-00740-STERILITY,BAT-00740,STERILITY,PASS,NO_GROWTH,,2026-08-31T22:00:00Z,2026-09-01T18:00:00Z
QC-00740-VIABILITY,BAT-00740,VIABILITY,PASS,94.9,%,2026-09-01T01:00:00Z,2026-09-02T23:00:00Z
QC-00740-PURITY,BAT-00740,PURITY,PASS,CONFORMING,,2026-09-01T00:00:00Z,2026-09-02T08:00:00Z
QC-00740-SAFETY,BAT-00740,SAFETY,PASS,CONFORMING,,2026-08-31T03:00:00Z,2026-09-02T04:00:00Z
QC-00741-IDENTITY,BAT-00741,IDENTITY,OOT,BORDERLINE,,2026-08-29T19:00:00Z,2026-08-29T22:00:00Z
QC-00741-POTENCY,BAT-00741,POTENCY,OOS,46.6,AU,2026-08-29T13:00:00Z,2026-08-31T17:00:00Z
QC-00741-STERILITY,BAT-00741,STERILITY,PENDING,PENDING,,2026-08-29T04:00:00Z,2026-08-31T17:00:00Z
QC-00741-VIABILITY,BAT-00741,VIABILITY,PASS,94.8,%,2026-08-29T08:00:00Z,2026-08-30T00:00:00Z
QC-00741-PURITY,BAT-00741,PURITY,OOT,BORDERLINE,,2026-08-29T14:00:00Z,2026-08-31T02:00:00Z
QC-00741-SAFETY,BAT-00741,SAFETY,OOT,BORDERLINE,,2026-08-28T22:00:00Z,2026-08-30T20:00:00Z
QC-00742-IDENTITY,BAT-00742,IDENTITY,OOT,BORDERLINE,,2026-09-04T23:00:00Z,2026-09-07T16:00:00Z
QC-00742-POTENCY,BAT-00742,POTENCY,PASS,87.4,AU,2026-09-05T11:00:00Z,2026-09-06T05:00:00Z
QC-00742-STERILITY,BAT-00742,STERILITY,PENDING,PENDING,,2026-09-05T12:00:00Z,2026-09-05T19:00:00Z
QC-00742-VIABILITY,BAT-00742,VIABILITY,PASS,92.6,%,2026-09-05T03:00:00Z,2026-09-07T09:00:00Z
QC-00742-PURITY,BAT-00742,PURITY,PASS,CONFORMING,,2026-09-05T15:00:00Z,2026-09-06T13:00:00Z
QC-00742-SAFETY,BAT-00742,SAFETY,PASS,CONFORMING,,2026-09-05T01:00:00Z,2026-09-06T03:00:00Z
QC-00743-IDENTITY,BAT-00743,IDENTITY,OOT,BORDERLINE,,2026-08-24T23:00:00Z,2026-08-26T06:00:00Z
QC-00743-POTENCY,BAT-00743,POTENCY,PASS,69.3,AU,2026-08-24T18:00:00Z,2026-08-25T23:00:00Z
QC-00743-STERILITY,BAT-00743,STERILITY,PASS,NO_GROWTH,,2026-08-24T09:00:00Z,2026-08-27T05:00:00Z
QC-00743-VIABILITY,BAT-00743,VIABILITY,PASS,77.7,%,2026-08-24T15:00:00Z,2026-08-26T06:00:00Z
QC-00743-PURITY,BAT-00743,PURITY,PASS,CONFORMING,,2026-08-25T04:00:00Z,2026-08-25T13:00:00Z
QC-00743-SAFETY,BAT-00743,SAFETY,PASS,CONFORMING,,2026-08-24T13:00:00Z,2026-08-25T16:00:00Z
QC-00744-IDENTITY,BAT-00744,IDENTITY,PASS,CONFORMING,,2026-08-29T14:00:00Z,2026-08-31T13:00:00Z
QC-00744-POTENCY,BAT-00744,POTENCY,PASS,56.8,AU,2026-08-29T09:00:00Z,2026-08-30T17:00:00Z
QC-00744-STERILITY,BAT-00744,STERILITY,PENDING,PENDING,,2026-08-29T23:00:00Z,2026-08-30T15:00:00Z
QC-00744-VIABILITY,BAT-00744,VIABILITY,PASS,82.5,%,2026-08-29T22:00:00Z,2026-08-30T10:00:00Z
QC-00744-PURITY,BAT-00744,PURITY,PASS,CONFORMING,,2026-08-30T07:00:00Z,2026-08-31T17:00:00Z
QC-00744-SAFETY,BAT-00744,SAFETY,OOT,BORDERLINE,,2026-08-30T01:00:00Z,2026-08-31T05:00:00Z
QC-00745-IDENTITY,BAT-00745,IDENTITY,PASS,CONFORMING,,2026-09-01T04:00:00Z,2026-09-01T22:00:00Z
QC-00745-POTENCY,BAT-00745,POTENCY,PASS,87.4,AU,2026-08-31T20:00:00Z,2026-09-02T16:00:00Z
QC-00745-STERILITY,BAT-00745,STERILITY,PENDING,PENDING,,2026-09-01T08:00:00Z,2026-09-02T21:00:00Z
QC-00745-VIABILITY,BAT-00745,VIABILITY,OOS,66.0,%,2026-08-31T14:00:00Z,2026-09-02T00:00:00Z
QC-00745-PURITY,BAT-00745,PURITY,OOT,BORDERLINE,,2026-09-01T00:00:00Z,2026-09-02T10:00:00Z
QC-00745-SAFETY,BAT-00745,SAFETY,PASS,CONFORMING,,2026-08-31T19:00:00Z,2026-09-02T15:00:00Z
QC-00746-IDENTITY,BAT-00746,IDENTITY,OOT,BORDERLINE,,2026-09-02T19:00:00Z,2026-09-04T19:00:00Z
QC-00746-POTENCY,BAT-00746,POTENCY,PASS,85.0,AU,2026-09-03T02:00:00Z,2026-09-05T05:00:00Z
QC-00746-STERILITY,BAT-00746,STERILITY,PASS,NO_GROWTH,,2026-09-03T09:00:00Z,2026-09-03T22:00:00Z
QC-00746-VIABILITY,BAT-00746,VIABILITY,PASS,84.7,%,2026-09-02T20:00:00Z,2026-09-04T10:00:00Z
QC-00746-PURITY,BAT-00746,PURITY,OOT,BORDERLINE,,2026-09-02T16:00:00Z,2026-09-04T07:00:00Z
QC-00746-SAFETY,BAT-00746,SAFETY,OOT,BORDERLINE,,2026-09-02T21:00:00Z,2026-09-05T10:00:00Z
QC-00747-IDENTITY,BAT-00747,IDENTITY,PASS,CONFORMING,,2026-08-30T11:00:00Z,2026-09-01T02:00:00Z
QC-00747-POTENCY,BAT-00747,POTENCY,PASS,68.1,AU,2026-08-30T11:00:00Z,2026-08-31T23:00:00Z
QC-00747-STERILITY,BAT-00747,STERILITY,PENDING,PENDING,,2026-08-30T04:00:00Z,2026-09-02T03:00:00Z
QC-00747-VIABILITY,BAT-00747,VIABILITY,PASS,82.3,%,2026-08-30T09:00:00Z,2026-09-01T20:00:00Z
QC-00747-PURITY,BAT-00747,PURITY,PASS,CONFORMING,,2026-08-30T06:00:00Z,2026-08-31T14:00:00Z
QC-00747-SAFETY,BAT-00747,SAFETY,PASS,CONFORMING,,2026-08-31T02:00:00Z,2026-09-01T14:00:00Z
QC-00748-IDENTITY,BAT-00748,IDENTITY,PASS,CONFORMING,,2026-09-06T14:00:00Z,2026-09-08T00:00:00Z
QC-00748-POTENCY,BAT-00748,POTENCY,PASS,87.3,AU,2026-09-06T21:00:00Z,2026-09-08T07:00:00Z
QC-00748-STERILITY,BAT-00748,STERILITY,PASS,NO_GROWTH,,2026-09-06T14:00:00Z,2026-09-09T07:00:00Z
QC-00748-VIABILITY,BAT-00748,VIABILITY,PASS,86.9,%,2026-09-06T14:00:00Z,2026-09-08T14:00:00Z
QC-00748-PURITY,BAT-00748,PURITY,PASS,CONFORMING,,2026-09-06T20:00:00Z,2026-09-08T00:00:00Z
QC-00748-SAFETY,BAT-00748,SAFETY,PASS,CONFORMING,,2026-09-07T07:00:00Z,2026-09-08T19:00:00Z
QC-00749-IDENTITY,BAT-00749,IDENTITY,PASS,CONFORMING,,2026-08-30T05:00:00Z,2026-08-31T02:00:00Z
QC-00749-POTENCY,BAT-00749,POTENCY,PASS,72.0,AU,2026-08-29T22:00:00Z,2026-08-31T12:00:00Z
QC-00749-STERILITY,BAT-00749,STERILITY,PASS,NO_GROWTH,,2026-08-29T19:00:00Z,2026-08-31T18:00:00Z
QC-00749-VIABILITY,BAT-00749,VIABILITY,PASS,75.3,%,2026-08-29T20:00:00Z,2026-08-30T23:00:00Z
QC-00749-PURITY,BAT-00749,PURITY,PASS,CONFORMING,,2026-08-30T05:00:00Z,2026-09-01T04:00:00Z
QC-00749-SAFETY,BAT-00749,SAFETY,OOT,BORDERLINE,,2026-08-30T14:00:00Z,2026-08-31T13:00:00Z
QC-00750-IDENTITY,BAT-00750,IDENTITY,OOT,BORDERLINE,,2026-08-31T10:00:00Z,2026-09-01T21:00:00Z
QC-00750-POTENCY,BAT-00750,POTENCY,OOS,43.5,AU,2026-08-31T04:00:00Z,2026-09-01T23:00:00Z
QC-00750-STERILITY,BAT-00750,STERILITY,PASS,NO_GROWTH,,2026-08-31T23:00:00Z,2026-09-01T22:00:00Z
QC-00750-VIABILITY,BAT-00750,VIABILITY,OOS,69.0,%,2026-08-31T03:00:00Z,2026-09-02T10:00:00Z
QC-00750-PURITY,BAT-00750,PURITY,PASS,CONFORMING,,2026-08-31T19:00:00Z,2026-09-01T22:00:00Z
QC-00750-SAFETY,BAT-00750,SAFETY,PASS,CONFORMING,,2026-08-31T21:00:00Z,2026-09-02T14:00:00Z
QC-00751-IDENTITY,BAT-00751,IDENTITY,PASS,CONFORMING,,2026-09-01T04:00:00Z,2026-09-03T03:00:00Z
QC-00751-POTENCY,BAT-00751,POTENCY,PASS,74.2,AU,2026-09-01T22:00:00Z,2026-09-02T05:00:00Z
QC-00751-STERILITY,BAT-00751,STERILITY,PASS,NO_GROWTH,,2026-09-01T08:00:00Z,2026-09-03T17:00:00Z
QC-00751-VIABILITY,BAT-00751,VIABILITY,PASS,83.0,%,2026-09-01T12:00:00Z,2026-09-03T18:00:00Z
QC-00751-PURITY,BAT-00751,PURITY,OOT,BORDERLINE,,2026-09-01T17:00:00Z,2026-09-03T15:00:00Z
QC-00751-SAFETY,BAT-00751,SAFETY,PASS,CONFORMING,,2026-09-01T20:00:00Z,2026-09-02T10:00:00Z
QC-00752-IDENTITY,BAT-00752,IDENTITY,OOT,BORDERLINE,,2026-09-04T03:00:00Z,2026-09-05T07:00:00Z
QC-00752-POTENCY,BAT-00752,POTENCY,PASS,63.5,AU,2026-09-04T19:00:00Z,2026-09-05T22:00:00Z
QC-00752-STERILITY,BAT-00752,STERILITY,PASS,NO_GROWTH,,2026-09-05T01:00:00Z,2026-09-05T08:00:00Z
QC-00752-VIABILITY,BAT-00752,VIABILITY,PASS,76.4,%,2026-09-04T21:00:00Z,2026-09-05T23:00:00Z
QC-00752-PURITY,BAT-00752,PURITY,OOT,BORDERLINE,,2026-09-04T18:00:00Z,2026-09-05T23:00:00Z
QC-00752-SAFETY,BAT-00752,SAFETY,PASS,CONFORMING,,2026-09-04T23:00:00Z,2026-09-06T05:00:00Z
QC-00753-IDENTITY,BAT-00753,IDENTITY,PASS,CONFORMING,,2026-08-28T16:00:00Z,2026-08-28T23:00:00Z
QC-00753-POTENCY,BAT-00753,POTENCY,PASS,85.8,AU,2026-08-28T15:00:00Z,2026-08-29T01:00:00Z
QC-00753-STERILITY,BAT-00753,STERILITY,PASS,NO_GROWTH,,2026-08-28T10:00:00Z,2026-08-29T07:00:00Z
QC-00753-VIABILITY,BAT-00753,VIABILITY,PASS,93.5,%,2026-08-28T20:00:00Z,2026-08-30T13:00:00Z
QC-00753-PURITY,BAT-00753,PURITY,PASS,CONFORMING,,2026-08-27T22:00:00Z,2026-08-29T02:00:00Z
QC-00753-SAFETY,BAT-00753,SAFETY,OOT,BORDERLINE,,2026-08-28T18:00:00Z,2026-08-29T00:00:00Z
QC-00754-IDENTITY,BAT-00754,IDENTITY,PASS,CONFORMING,,2026-09-07T11:00:00Z,2026-09-09T16:00:00Z
QC-00754-POTENCY,BAT-00754,POTENCY,PASS,57.4,AU,2026-09-07T07:00:00Z,2026-09-09T23:00:00Z
QC-00754-STERILITY,BAT-00754,STERILITY,PENDING,PENDING,,2026-09-07T18:00:00Z,2026-09-08T08:00:00Z
QC-00754-VIABILITY,BAT-00754,VIABILITY,PASS,78.0,%,2026-09-07T13:00:00Z,2026-09-10T03:00:00Z
QC-00754-PURITY,BAT-00754,PURITY,PASS,CONFORMING,,2026-09-07T13:00:00Z,2026-09-08T12:00:00Z
QC-00754-SAFETY,BAT-00754,SAFETY,PASS,CONFORMING,,2026-09-08T01:00:00Z,2026-09-08T09:00:00Z
QC-00755-IDENTITY,BAT-00755,IDENTITY,OOT,BORDERLINE,,2026-09-05T01:00:00Z,2026-09-06T19:00:00Z
QC-00755-POTENCY,BAT-00755,POTENCY,PASS,90.4,AU,2026-09-04T22:00:00Z,2026-09-06T11:00:00Z
QC-00755-STERILITY,BAT-00755,STERILITY,PASS,NO_GROWTH,,2026-09-05T15:00:00Z,2026-09-07T16:00:00Z
QC-00755-VIABILITY,BAT-00755,VIABILITY,PASS,71.9,%,2026-09-05T14:00:00Z,2026-09-06T03:00:00Z
QC-00755-PURITY,BAT-00755,PURITY,PASS,CONFORMING,,2026-09-04T18:00:00Z,2026-09-07T07:00:00Z
QC-00755-SAFETY,BAT-00755,SAFETY,PASS,CONFORMING,,2026-09-04T22:00:00Z,2026-09-06T03:00:00Z
QC-00756-IDENTITY,BAT-00756,IDENTITY,PASS,CONFORMING,,2026-08-28T02:00:00Z,2026-08-29T09:00:00Z
QC-00756-POTENCY,BAT-00756,POTENCY,PASS,90.8,AU,2026-08-28T10:00:00Z,2026-08-29T02:00:00Z
QC-00756-STERILITY,BAT-00756,STERILITY,PASS,NO_GROWTH,,2026-08-28T11:00:00Z,2026-08-30T05:00:00Z
QC-00756-VIABILITY,BAT-00756,VIABILITY,PASS,71.8,%,2026-08-28T07:00:00Z,2026-08-30T19:00:00Z
QC-00756-PURITY,BAT-00756,PURITY,PASS,CONFORMING,,2026-08-28T08:00:00Z,2026-08-29T09:00:00Z
QC-00756-SAFETY,BAT-00756,SAFETY,PASS,CONFORMING,,2026-08-28T19:00:00Z,2026-08-29T10:00:00Z
QC-00757-IDENTITY,BAT-00757,IDENTITY,OOT,BORDERLINE,,2026-08-30T08:00:00Z,2026-09-01T06:00:00Z
QC-00757-POTENCY,BAT-00757,POTENCY,PASS,106.2,AU,2026-08-31T03:00:00Z,2026-08-31T12:00:00Z
QC-00757-STERILITY,BAT-00757,STERILITY,PENDING,PENDING,,2026-08-31T00:00:00Z,2026-09-02T04:00:00Z
QC-00757-VIABILITY,BAT-00757,VIABILITY,PASS,79.8,%,2026-08-30T21:00:00Z,2026-09-01T10:00:00Z
QC-00757-PURITY,BAT-00757,PURITY,PASS,CONFORMING,,2026-08-30T04:00:00Z,2026-09-01T17:00:00Z
QC-00757-SAFETY,BAT-00757,SAFETY,PASS,CONFORMING,,2026-08-30T08:00:00Z,2026-09-01T06:00:00Z
QC-00758-IDENTITY,BAT-00758,IDENTITY,PASS,CONFORMING,,2026-09-08T17:00:00Z,2026-09-09T06:00:00Z
QC-00758-POTENCY,BAT-00758,POTENCY,PASS,66.5,AU,2026-09-08T17:00:00Z,2026-09-09T12:00:00Z
QC-00758-STERILITY,BAT-00758,STERILITY,PASS,NO_GROWTH,,2026-09-07T23:00:00Z,2026-09-10T07:00:00Z
QC-00758-VIABILITY,BAT-00758,VIABILITY,PASS,73.8,%,2026-09-08T19:00:00Z,2026-09-09T11:00:00Z
QC-00758-PURITY,BAT-00758,PURITY,PASS,CONFORMING,,2026-09-07T23:00:00Z,2026-09-09T07:00:00Z
QC-00758-SAFETY,BAT-00758,SAFETY,PASS,CONFORMING,,2026-09-08T05:00:00Z,2026-09-09T17:00:00Z
QC-00759-IDENTITY,BAT-00759,IDENTITY,PASS,CONFORMING,,2026-09-01T23:00:00Z,2026-09-03T13:00:00Z
QC-00759-POTENCY,BAT-00759,POTENCY,PASS,57.9,AU,2026-09-01T20:00:00Z,2026-09-02T15:00:00Z
QC-00759-STERILITY,BAT-00759,STERILITY,PASS,NO_GROWTH,,2026-09-01T23:00:00Z,2026-09-03T04:00:00Z
QC-00759-VIABILITY,BAT-00759,VIABILITY,PASS,81.4,%,2026-09-02T03:00:00Z,2026-09-03T14:00:00Z
QC-00759-PURITY,BAT-00759,PURITY,PASS,CONFORMING,,2026-09-01T12:00:00Z,2026-09-02T11:00:00Z
QC-00759-SAFETY,BAT-00759,SAFETY,OOT,BORDERLINE,,2026-09-01T08:00:00Z,2026-09-02T14:00:00Z
QC-00760-IDENTITY,BAT-00760,IDENTITY,PASS,CONFORMING,,2026-09-04T07:00:00Z,2026-09-06T09:00:00Z
QC-00760-POTENCY,BAT-00760,POTENCY,OOS,43.8,AU,2026-09-04T02:00:00Z,2026-09-06T14:00:00Z
QC-00760-STERILITY,BAT-00760,STERILITY,PASS,NO_GROWTH,,2026-09-04T12:00:00Z,2026-09-05T12:00:00Z
QC-00760-VIABILITY,BAT-00760,VIABILITY,PASS,93.9,%,2026-09-04T14:00:00Z,2026-09-06T03:00:00Z
QC-00760-PURITY,BAT-00760,PURITY,OOT,BORDERLINE,,2026-09-04T02:00:00Z,2026-09-05T08:00:00Z
QC-00760-SAFETY,BAT-00760,SAFETY,OOT,BORDERLINE,,2026-09-03T23:00:00Z,2026-09-06T18:00:00Z
QC-00761-IDENTITY,BAT-00761,IDENTITY,PASS,CONFORMING,,2026-09-01T01:00:00Z,2026-09-03T10:00:00Z
QC-00761-POTENCY,BAT-00761,POTENCY,PASS,97.8,AU,2026-09-01T15:00:00Z,2026-09-03T04:00:00Z
QC-00761-STERILITY,BAT-00761,STERILITY,PENDING,PENDING,,2026-09-01T10:00:00Z,2026-09-01T22:00:00Z
QC-00761-VIABILITY,BAT-00761,VIABILITY,PASS,89.9,%,2026-09-01T03:00:00Z,2026-09-03T12:00:00Z
QC-00761-PURITY,BAT-00761,PURITY,PASS,CONFORMING,,2026-09-01T13:00:00Z,2026-09-03T09:00:00Z
QC-00761-SAFETY,BAT-00761,SAFETY,OOT,BORDERLINE,,2026-08-31T20:00:00Z,2026-09-02T19:00:00Z
QC-00762-IDENTITY,BAT-00762,IDENTITY,PASS,CONFORMING,,2026-09-05T17:00:00Z,2026-09-06T15:00:00Z
QC-00762-POTENCY,BAT-00762,POTENCY,OOS,40.8,AU,2026-09-05T10:00:00Z,2026-09-06T15:00:00Z
QC-00762-STERILITY,BAT-00762,STERILITY,PASS,NO_GROWTH,,2026-09-05T05:00:00Z,2026-09-06T23:00:00Z
QC-00762-VIABILITY,BAT-00762,VIABILITY,PASS,86.6,%,2026-09-05T20:00:00Z,2026-09-07T02:00:00Z
QC-00762-PURITY,BAT-00762,PURITY,PASS,CONFORMING,,2026-09-05T08:00:00Z,2026-09-07T17:00:00Z
QC-00762-SAFETY,BAT-00762,SAFETY,PASS,CONFORMING,,2026-09-05T12:00:00Z,2026-09-07T05:00:00Z
QC-00763-IDENTITY,BAT-00763,IDENTITY,PASS,CONFORMING,,2026-09-04T01:00:00Z,2026-09-06T01:00:00Z
QC-00763-POTENCY,BAT-00763,POTENCY,PASS,93.3,AU,2026-09-04T04:00:00Z,2026-09-06T13:00:00Z
QC-00763-STERILITY,BAT-00763,STERILITY,PENDING,PENDING,,2026-09-03T23:00:00Z,2026-09-04T20:00:00Z
QC-00763-VIABILITY,BAT-00763,VIABILITY,PASS,92.5,%,2026-09-04T06:00:00Z,2026-09-06T13:00:00Z
QC-00763-PURITY,BAT-00763,PURITY,PASS,CONFORMING,,2026-09-04T07:00:00Z,2026-09-05T03:00:00Z
QC-00763-SAFETY,BAT-00763,SAFETY,PASS,CONFORMING,,2026-09-04T00:00:00Z,2026-09-05T13:00:00Z
QC-00764-IDENTITY,BAT-00764,IDENTITY,PASS,CONFORMING,,2026-09-05T19:00:00Z,2026-09-07T02:00:00Z
QC-00764-POTENCY,BAT-00764,POTENCY,PASS,98.8,AU,2026-09-05T17:00:00Z,2026-09-07T04:00:00Z
QC-00764-STERILITY,BAT-00764,STERILITY,PENDING,PENDING,,2026-09-05T05:00:00Z,2026-09-07T20:00:00Z
QC-00764-VIABILITY,BAT-00764,VIABILITY,PASS,81.5,%,2026-09-05T23:00:00Z,2026-09-06T11:00:00Z
QC-00764-PURITY,BAT-00764,PURITY,OOT,BORDERLINE,,2026-09-05T11:00:00Z,2026-09-08T03:00:00Z
QC-00764-SAFETY,BAT-00764,SAFETY,PASS,CONFORMING,,2026-09-05T10:00:00Z,2026-09-07T08:00:00Z
QC-00765-IDENTITY,BAT-00765,IDENTITY,PASS,CONFORMING,,2026-09-09T18:00:00Z,2026-09-10T18:00:00Z
QC-00765-POTENCY,BAT-00765,POTENCY,OOS,49.7,AU,2026-09-10T09:00:00Z,2026-09-11T16:00:00Z
QC-00765-STERILITY,BAT-00765,STERILITY,PASS,NO_GROWTH,,2026-09-09T18:00:00Z,2026-09-11T10:00:00Z
QC-00765-VIABILITY,BAT-00765,VIABILITY,PASS,93.6,%,2026-09-10T07:00:00Z,2026-09-11T20:00:00Z
QC-00765-PURITY,BAT-00765,PURITY,PASS,CONFORMING,,2026-09-10T00:00:00Z,2026-09-12T14:00:00Z
QC-00765-SAFETY,BAT-00765,SAFETY,OOT,BORDERLINE,,2026-09-10T10:00:00Z,2026-09-11T16:00:00Z
QC-00766-IDENTITY,BAT-00766,IDENTITY,PASS,CONFORMING,,2026-09-10T12:00:00Z,2026-09-12T06:00:00Z
QC-00766-POTENCY,BAT-00766,POTENCY,PASS,98.1,AU,2026-09-11T03:00:00Z,2026-09-11T14:00:00Z
QC-00766-STERILITY,BAT-00766,STERILITY,PASS,NO_GROWTH,,2026-09-10T12:00:00Z,2026-09-12T06:00:00Z
QC-00766-VIABILITY,BAT-00766,VIABILITY,PASS,74.3,%,2026-09-10T23:00:00Z,2026-09-11T18:00:00Z
QC-00766-PURITY,BAT-00766,PURITY,OOT,BORDERLINE,,2026-09-10T13:00:00Z,2026-09-12T00:00:00Z
QC-00766-SAFETY,BAT-00766,SAFETY,PASS,CONFORMING,,2026-09-10T18:00:00Z,2026-09-12T09:00:00Z
QC-00767-IDENTITY,BAT-00767,IDENTITY,OOT,BORDERLINE,,2026-09-06T01:00:00Z,2026-09-07T03:00:00Z
QC-00767-POTENCY,BAT-00767,POTENCY,PASS,82.0,AU,2026-09-06T04:00:00Z,2026-09-07T22:00:00Z
QC-00767-STERILITY,BAT-00767,STERILITY,PASS,NO_GROWTH,,2026-09-06T02:00:00Z,2026-09-08T05:00:00Z
QC-00767-VIABILITY,BAT-00767,VIABILITY,PASS,77.3,%,2026-09-06T22:00:00Z,2026-09-07T04:00:00Z
QC-00767-PURITY,BAT-00767,PURITY,PASS,CONFORMING,,2026-09-06T04:00:00Z,2026-09-07T09:00:00Z
QC-00767-SAFETY,BAT-00767,SAFETY,PASS,CONFORMING,,2026-09-06T21:00:00Z,2026-09-07T04:00:00Z
QC-00768-IDENTITY,BAT-00768,IDENTITY,OOT,BORDERLINE,,2026-09-08T05:00:00Z,2026-09-09T13:00:00Z
QC-00768-POTENCY,BAT-00768,POTENCY,PASS,99.7,AU,2026-09-07T10:00:00Z,2026-09-10T01:00:00Z
QC-00768-STERILITY,BAT-00768,STERILITY,PENDING,PENDING,,2026-09-07T19:00:00Z,2026-09-10T01:00:00Z
QC-00768-VIABILITY,BAT-00768,VIABILITY,PASS,73.1,%,2026-09-07T17:00:00Z,2026-09-09T15:00:00Z
QC-00768-PURITY,BAT-00768,PURITY,PASS,CONFORMING,,2026-09-07T23:00:00Z,2026-09-09T10:00:00Z
QC-00768-SAFETY,BAT-00768,SAFETY,PASS,CONFORMING,,2026-09-08T05:00:00Z,2026-09-10T03:00:00Z
QC-00769-IDENTITY,BAT-00769,IDENTITY,OOT,BORDERLINE,,2026-09-11T12:00:00Z,2026-09-13T14:00:00Z
QC-00769-POTENCY,BAT-00769,POTENCY,OOS,46.6,AU,2026-09-12T10:00:00Z,2026-09-13T08:00:00Z
QC-00769-STERILITY,BAT-00769,STERILITY,PENDING,PENDING,,2026-09-12T10:00:00Z,2026-09-13T06:00:00Z
QC-00769-VIABILITY,BAT-00769,VIABILITY,OOS,67.1,%,2026-09-11T12:00:00Z,2026-09-13T20:00:00Z
QC-00769-PURITY,BAT-00769,PURITY,PASS,CONFORMING,,2026-09-12T03:00:00Z,2026-09-13T21:00:00Z
QC-00769-SAFETY,BAT-00769,SAFETY,PASS,CONFORMING,,2026-09-11T20:00:00Z,2026-09-13T22:00:00Z
QC-00770-IDENTITY,BAT-00770,IDENTITY,PASS,CONFORMING,,2026-09-04T19:00:00Z,2026-09-05T05:00:00Z
QC-00770-POTENCY,BAT-00770,POTENCY,PASS,75.2,AU,2026-09-04T16:00:00Z,2026-09-06T16:00:00Z
QC-00770-STERILITY,BAT-00770,STERILITY,PASS,NO_GROWTH,,2026-09-04T11:00:00Z,2026-09-05T06:00:00Z
QC-00770-VIABILITY,BAT-00770,VIABILITY,PASS,78.2,%,2026-09-04T19:00:00Z,2026-09-05T00:00:00Z
QC-00770-PURITY,BAT-00770,PURITY,PASS,CONFORMING,,2026-09-04T14:00:00Z,2026-09-04T23:00:00Z
QC-00770-SAFETY,BAT-00770,SAFETY,PASS,CONFORMING,,2026-09-04T13:00:00Z,2026-09-06T17:00:00Z
QC-00771-IDENTITY,BAT-00771,IDENTITY,PASS,CONFORMING,,2026-09-09T20:00:00Z,2026-09-11T21:00:00Z
QC-00771-POTENCY,BAT-00771,POTENCY,PASS,81.2,AU,2026-09-09T18:00:00Z,2026-09-12T15:00:00Z
QC-00771-STERILITY,BAT-00771,STERILITY,PENDING,PENDING,,2026-09-10T02:00:00Z,2026-09-10T19:00:00Z
QC-00771-VIABILITY,BAT-00771,VIABILITY,PASS,87.3,%,2026-09-10T07:00:00Z,2026-09-12T13:00:00Z
QC-00771-PURITY,BAT-00771,PURITY,PASS,CONFORMING,,2026-09-09T23:00:00Z,2026-09-12T09:00:00Z
QC-00771-SAFETY,BAT-00771,SAFETY,PASS,CONFORMING,,2026-09-09T23:00:00Z,2026-09-10T19:00:00Z
QC-00772-IDENTITY,BAT-00772,IDENTITY,PASS,CONFORMING,,2026-09-10T15:00:00Z,2026-09-11T14:00:00Z
QC-00772-POTENCY,BAT-00772,POTENCY,PASS,119.4,AU,2026-09-10T10:00:00Z,2026-09-12T03:00:00Z
QC-00772-STERILITY,BAT-00772,STERILITY,PASS,NO_GROWTH,,2026-09-10T16:00:00Z,2026-09-11T18:00:00Z
QC-00772-VIABILITY,BAT-00772,VIABILITY,PASS,92.3,%,2026-09-10T18:00:00Z,2026-09-12T17:00:00Z
QC-00772-PURITY,BAT-00772,PURITY,PASS,CONFORMING,,2026-09-10T19:00:00Z,2026-09-11T11:00:00Z
QC-00772-SAFETY,BAT-00772,SAFETY,OOT,BORDERLINE,,2026-09-10T05:00:00Z,2026-09-11T23:00:00Z
QC-00773-IDENTITY,BAT-00773,IDENTITY,OOT,BORDERLINE,,2026-09-06T18:00:00Z,2026-09-09T06:00:00Z
QC-00773-POTENCY,BAT-00773,POTENCY,PASS,117.5,AU,2026-09-06T15:00:00Z,2026-09-08T07:00:00Z
QC-00773-STERILITY,BAT-00773,STERILITY,PENDING,PENDING,,2026-09-07T04:00:00Z,2026-09-08T10:00:00Z
QC-00773-VIABILITY,BAT-00773,VIABILITY,PASS,76.8,%,2026-09-07T01:00:00Z,2026-09-07T11:00:00Z
QC-00773-PURITY,BAT-00773,PURITY,PASS,CONFORMING,,2026-09-06T17:00:00Z,2026-09-08T10:00:00Z
QC-00773-SAFETY,BAT-00773,SAFETY,PASS,CONFORMING,,2026-09-06T13:00:00Z,2026-09-09T06:00:00Z
QC-00774-IDENTITY,BAT-00774,IDENTITY,OOT,BORDERLINE,,2026-09-15T11:00:00Z,2026-09-16T09:00:00Z
QC-00774-POTENCY,BAT-00774,POTENCY,PASS,119.9,AU,2026-09-15T17:00:00Z,2026-09-17T12:00:00Z
QC-00774-STERILITY,BAT-00774,STERILITY,PASS,NO_GROWTH,,2026-09-15T18:00:00Z,2026-09-16T22:00:00Z
QC-00774-VIABILITY,BAT-00774,VIABILITY,PASS,95.1,%,2026-09-15T01:00:00Z,2026-09-16T09:00:00Z
QC-00774-PURITY,BAT-00774,PURITY,PASS,CONFORMING,,2026-09-15T06:00:00Z,2026-09-17T13:00:00Z
QC-00774-SAFETY,BAT-00774,SAFETY,PASS,CONFORMING,,2026-09-14T21:00:00Z,2026-09-17T14:00:00Z
QC-00775-IDENTITY,BAT-00775,IDENTITY,PASS,CONFORMING,,2026-09-09T15:00:00Z,2026-09-10T20:00:00Z
QC-00775-POTENCY,BAT-00775,POTENCY,PASS,98.8,AU,2026-09-09T16:00:00Z,2026-09-12T04:00:00Z
QC-00775-STERILITY,BAT-00775,STERILITY,PASS,NO_GROWTH,,2026-09-10T03:00:00Z,2026-09-10T11:00:00Z
QC-00775-VIABILITY,BAT-00775,VIABILITY,PASS,75.5,%,2026-09-09T23:00:00Z,2026-09-12T00:00:00Z
QC-00775-PURITY,BAT-00775,PURITY,OOT,BORDERLINE,,2026-09-09T08:00:00Z,2026-09-10T11:00:00Z
QC-00775-SAFETY,BAT-00775,SAFETY,PASS,CONFORMING,,2026-09-09T12:00:00Z,2026-09-10T22:00:00Z
QC-00776-IDENTITY,BAT-00776,IDENTITY,PASS,CONFORMING,,2026-09-03T07:00:00Z,2026-09-05T02:00:00Z
QC-00776-POTENCY,BAT-00776,POTENCY,PASS,112.7,AU,2026-09-03T09:00:00Z,2026-09-04T09:00:00Z
QC-00776-STERILITY,BAT-00776,STERILITY,PASS,NO_GROWTH,,2026-09-03T18:00:00Z,2026-09-05T03:00:00Z
QC-00776-VIABILITY,BAT-00776,VIABILITY,PASS,78.1,%,2026-09-03T19:00:00Z,2026-09-04T19:00:00Z
QC-00776-PURITY,BAT-00776,PURITY,PASS,CONFORMING,,2026-09-02T23:00:00Z,2026-09-04T11:00:00Z
QC-00776-SAFETY,BAT-00776,SAFETY,PASS,CONFORMING,,2026-09-03T03:00:00Z,2026-09-04T11:00:00Z
QC-00777-IDENTITY,BAT-00777,IDENTITY,OOT,BORDERLINE,,2026-09-08T06:00:00Z,2026-09-10T10:00:00Z
QC-00777-POTENCY,BAT-00777,POTENCY,OOS,47.9,AU,2026-09-08T08:00:00Z,2026-09-09T03:00:00Z
QC-00777-STERILITY,BAT-00777,STERILITY,PENDING,PENDING,,2026-09-08T03:00:00Z,2026-09-10T09:00:00Z
QC-00777-VIABILITY,BAT-00777,VIABILITY,PASS,72.8,%,2026-09-07T15:00:00Z,2026-09-09T06:00:00Z
QC-00777-PURITY,BAT-00777,PURITY,PASS,CONFORMING,,2026-09-07T12:00:00Z,2026-09-08T23:00:00Z
QC-00777-SAFETY,BAT-00777,SAFETY,PASS,CONFORMING,,2026-09-08T08:00:00Z,2026-09-09T00:00:00Z
QC-00778-IDENTITY,BAT-00778,IDENTITY,PASS,CONFORMING,,2026-09-09T00:00:00Z,2026-09-11T16:00:00Z
QC-00778-POTENCY,BAT-00778,POTENCY,PASS,81.6,AU,2026-09-09T00:00:00Z,2026-09-10T08:00:00Z
QC-00778-STERILITY,BAT-00778,STERILITY,PASS,NO_GROWTH,,2026-09-09T04:00:00Z,2026-09-11T06:00:00Z
QC-00778-VIABILITY,BAT-00778,VIABILITY,PASS,82.6,%,2026-09-09T19:00:00Z,2026-09-11T08:00:00Z
QC-00778-PURITY,BAT-00778,PURITY,OOT,BORDERLINE,,2026-09-09T08:00:00Z,2026-09-11T16:00:00Z
QC-00778-SAFETY,BAT-00778,SAFETY,OOT,BORDERLINE,,2026-09-08T23:00:00Z,2026-09-10T23:00:00Z
QC-00779-IDENTITY,BAT-00779,IDENTITY,PASS,CONFORMING,,2026-09-10T12:00:00Z,2026-09-11T19:00:00Z
QC-00779-POTENCY,BAT-00779,POTENCY,PASS,78.8,AU,2026-09-10T11:00:00Z,2026-09-11T17:00:00Z
QC-00779-STERILITY,BAT-00779,STERILITY,PASS,NO_GROWTH,,2026-09-10T16:00:00Z,2026-09-12T14:00:00Z
QC-00779-VIABILITY,BAT-00779,VIABILITY,PASS,87.2,%,2026-09-10T12:00:00Z,2026-09-12T00:00:00Z
QC-00779-PURITY,BAT-00779,PURITY,PASS,CONFORMING,,2026-09-11T03:00:00Z,2026-09-13T08:00:00Z
QC-00779-SAFETY,BAT-00779,SAFETY,PASS,CONFORMING,,2026-09-10T13:00:00Z,2026-09-12T10:00:00Z
QC-00780-IDENTITY,BAT-00780,IDENTITY,PASS,CONFORMING,,2026-09-11T12:00:00Z,2026-09-13T00:00:00Z
QC-00780-POTENCY,BAT-00780,POTENCY,PASS,77.8,AU,2026-09-11T06:00:00Z,2026-09-13T18:00:00Z
QC-00780-STERILITY,BAT-00780,STERILITY,PASS,NO_GROWTH,,2026-09-11T01:00:00Z,2026-09-13T00:00:00Z
QC-00780-VIABILITY,BAT-00780,VIABILITY,PASS,95.6,%,2026-09-11T17:00:00Z,2026-09-13T17:00:00Z
QC-00780-PURITY,BAT-00780,PURITY,PASS,CONFORMING,,2026-09-11T13:00:00Z,2026-09-13T06:00:00Z
QC-00780-SAFETY,BAT-00780,SAFETY,PASS,CONFORMING,,2026-09-11T12:00:00Z,2026-09-12T15:00:00Z
QC-00781-IDENTITY,BAT-00781,IDENTITY,PASS,CONFORMING,,2026-09-06T19:00:00Z,2026-09-08T20:00:00Z
QC-00781-POTENCY,BAT-00781,POTENCY,PASS,78.5,AU,2026-09-06T23:00:00Z,2026-09-08T10:00:00Z
QC-00781-STERILITY,BAT-00781,STERILITY,PASS,NO_GROWTH,,2026-09-06T14:00:00Z,2026-09-07T23:00:00Z
QC-00781-VIABILITY,BAT-00781,VIABILITY,PASS,87.7,%,2026-09-06T17:00:00Z,2026-09-09T03:00:00Z
QC-00781-PURITY,BAT-00781,PURITY,PASS,CONFORMING,,2026-09-06T21:00:00Z,2026-09-08T21:00:00Z
QC-00781-SAFETY,BAT-00781,SAFETY,PASS,CONFORMING,,2026-09-06T14:00:00Z,2026-09-08T10:00:00Z
QC-00782-IDENTITY,BAT-00782,IDENTITY,OOT,BORDERLINE,,2026-09-13T19:00:00Z,2026-09-16T06:00:00Z
QC-00782-POTENCY,BAT-00782,POTENCY,PASS,50.9,AU,2026-09-13T15:00:00Z,2026-09-16T01:00:00Z
QC-00782-STERILITY,BAT-00782,STERILITY,PASS,NO_GROWTH,,2026-09-14T12:00:00Z,2026-09-16T11:00:00Z
QC-00782-VIABILITY,BAT-00782,VIABILITY,PASS,89.0,%,2026-09-14T05:00:00Z,2026-09-15T00:00:00Z
QC-00782-PURITY,BAT-00782,PURITY,OOT,BORDERLINE,,2026-09-14T07:00:00Z,2026-09-14T23:00:00Z
QC-00782-SAFETY,BAT-00782,SAFETY,PASS,CONFORMING,,2026-09-13T15:00:00Z,2026-09-15T11:00:00Z
QC-00783-IDENTITY,BAT-00783,IDENTITY,OOT,BORDERLINE,,2026-09-19T03:00:00Z,2026-09-20T05:00:00Z
QC-00783-POTENCY,BAT-00783,POTENCY,OOS,41.3,AU,2026-09-18T19:00:00Z,2026-09-19T22:00:00Z
QC-00783-STERILITY,BAT-00783,STERILITY,PASS,NO_GROWTH,,2026-09-19T01:00:00Z,2026-09-20T03:00:00Z
QC-00783-VIABILITY,BAT-00783,VIABILITY,PASS,73.3,%,2026-09-18T11:00:00Z,2026-09-20T22:00:00Z
QC-00783-PURITY,BAT-00783,PURITY,PASS,CONFORMING,,2026-09-18T06:00:00Z,2026-09-19T09:00:00Z
QC-00783-SAFETY,BAT-00783,SAFETY,OOT,BORDERLINE,,2026-09-18T18:00:00Z,2026-09-19T06:00:00Z
QC-00784-IDENTITY,BAT-00784,IDENTITY,PASS,CONFORMING,,2026-09-14T14:00:00Z,2026-09-15T03:00:00Z
QC-00784-POTENCY,BAT-00784,POTENCY,PASS,84.9,AU,2026-09-14T23:00:00Z,2026-09-16T21:00:00Z
QC-00784-STERILITY,BAT-00784,STERILITY,PENDING,PENDING,,2026-09-14T09:00:00Z,2026-09-15T04:00:00Z
QC-00784-VIABILITY,BAT-00784,VIABILITY,PASS,85.8,%,2026-09-14T08:00:00Z,2026-09-16T10:00:00Z
QC-00784-PURITY,BAT-00784,PURITY,PASS,CONFORMING,,2026-09-14T16:00:00Z,2026-09-15T16:00:00Z
QC-00784-SAFETY,BAT-00784,SAFETY,PASS,CONFORMING,,2026-09-14T06:00:00Z,2026-09-16T18:00:00Z
QC-00785-IDENTITY,BAT-00785,IDENTITY,PASS,CONFORMING,,2026-09-09T10:00:00Z,2026-09-10T23:00:00Z
QC-00785-POTENCY,BAT-00785,POTENCY,PASS,117.0,AU,2026-09-08T11:00:00Z,2026-09-10T06:00:00Z
QC-00785-STERILITY,BAT-00785,STERILITY,PASS,NO_GROWTH,,2026-09-09T06:00:00Z,2026-09-11T04:00:00Z
QC-00785-VIABILITY,BAT-00785,VIABILITY,PASS,73.7,%,2026-09-09T09:00:00Z,2026-09-10T05:00:00Z
QC-00785-PURITY,BAT-00785,PURITY,PASS,CONFORMING,,2026-09-09T10:00:00Z,2026-09-09T21:00:00Z
QC-00785-SAFETY,BAT-00785,SAFETY,PASS,CONFORMING,,2026-09-08T17:00:00Z,2026-09-11T07:00:00Z
QC-00786-IDENTITY,BAT-00786,IDENTITY,PASS,CONFORMING,,2026-09-08T00:00:00Z,2026-09-10T12:00:00Z
QC-00786-POTENCY,BAT-00786,POTENCY,OOS,43.7,AU,2026-09-08T20:00:00Z,2026-09-10T23:00:00Z
QC-00786-STERILITY,BAT-00786,STERILITY,PENDING,PENDING,,2026-09-08T23:00:00Z,2026-09-10T20:00:00Z
QC-00786-VIABILITY,BAT-00786,VIABILITY,PASS,91.0,%,2026-09-08T05:00:00Z,2026-09-10T06:00:00Z
QC-00786-PURITY,BAT-00786,PURITY,PASS,CONFORMING,,2026-09-08T10:00:00Z,2026-09-10T00:00:00Z
QC-00786-SAFETY,BAT-00786,SAFETY,PASS,CONFORMING,,2026-09-08T01:00:00Z,2026-09-09T17:00:00Z
QC-00787-IDENTITY,BAT-00787,IDENTITY,PASS,CONFORMING,,2026-09-06T22:00:00Z,2026-09-08T22:00:00Z
QC-00787-POTENCY,BAT-00787,POTENCY,PASS,99.7,AU,2026-09-06T14:00:00Z,2026-09-08T23:00:00Z
QC-00787-STERILITY,BAT-00787,STERILITY,PASS,NO_GROWTH,,2026-09-06T10:00:00Z,2026-09-07T20:00:00Z
QC-00787-VIABILITY,BAT-00787,VIABILITY,PASS,92.8,%,2026-09-07T04:00:00Z,2026-09-09T01:00:00Z
QC-00787-PURITY,BAT-00787,PURITY,OOT,BORDERLINE,,2026-09-07T03:00:00Z,2026-09-08T07:00:00Z
QC-00787-SAFETY,BAT-00787,SAFETY,PASS,CONFORMING,,2026-09-06T21:00:00Z,2026-09-07T15:00:00Z
QC-00788-IDENTITY,BAT-00788,IDENTITY,PASS,CONFORMING,,2026-09-12T05:00:00Z,2026-09-14T04:00:00Z
QC-00788-POTENCY,BAT-00788,POTENCY,PASS,101.6,AU,2026-09-12T20:00:00Z,2026-09-15T00:00:00Z
QC-00788-STERILITY,BAT-00788,STERILITY,PASS,NO_GROWTH,,2026-09-12T15:00:00Z,2026-09-13T19:00:00Z
QC-00788-VIABILITY,BAT-00788,VIABILITY,PASS,96.4,%,2026-09-12T17:00:00Z,2026-09-14T14:00:00Z
QC-00788-PURITY,BAT-00788,PURITY,PASS,CONFORMING,,2026-09-12T16:00:00Z,2026-09-13T21:00:00Z
QC-00788-SAFETY,BAT-00788,SAFETY,PASS,CONFORMING,,2026-09-12T14:00:00Z,2026-09-14T06:00:00Z
QC-00789-IDENTITY,BAT-00789,IDENTITY,PASS,CONFORMING,,2026-09-17T16:00:00Z,2026-09-19T15:00:00Z
QC-00789-POTENCY,BAT-00789,POTENCY,PASS,114.9,AU,2026-09-17T03:00:00Z,2026-09-18T20:00:00Z
QC-00789-STERILITY,BAT-00789,STERILITY,PASS,NO_GROWTH,,2026-09-17T09:00:00Z,2026-09-19T18:00:00Z
QC-00789-VIABILITY,BAT-00789,VIABILITY,PASS,80.9,%,2026-09-17T18:00:00Z,2026-09-19T16:00:00Z
QC-00789-PURITY,BAT-00789,PURITY,PASS,CONFORMING,,2026-09-17T14:00:00Z,2026-09-18T01:00:00Z
QC-00789-SAFETY,BAT-00789,SAFETY,PASS,CONFORMING,,2026-09-17T01:00:00Z,2026-09-19T20:00:00Z
QC-00790-IDENTITY,BAT-00790,IDENTITY,PASS,CONFORMING,,2026-09-09T02:00:00Z,2026-09-10T12:00:00Z
QC-00790-POTENCY,BAT-00790,POTENCY,PASS,59.9,AU,2026-09-09T00:00:00Z,2026-09-10T23:00:00Z
QC-00790-STERILITY,BAT-00790,STERILITY,PASS,NO_GROWTH,,2026-09-09T23:00:00Z,2026-09-11T17:00:00Z
QC-00790-VIABILITY,BAT-00790,VIABILITY,OOS,67.7,%,2026-09-09T00:00:00Z,2026-09-11T23:00:00Z
QC-00790-PURITY,BAT-00790,PURITY,PASS,CONFORMING,,2026-09-09T02:00:00Z,2026-09-11T09:00:00Z
QC-00790-SAFETY,BAT-00790,SAFETY,PASS,CONFORMING,,2026-09-09T01:00:00Z,2026-09-10T19:00:00Z
QC-00791-IDENTITY,BAT-00791,IDENTITY,PASS,CONFORMING,,2026-09-21T03:00:00Z,2026-09-22T14:00:00Z
QC-00791-POTENCY,BAT-00791,POTENCY,OOS,43.1,AU,2026-09-20T15:00:00Z,2026-09-22T05:00:00Z
QC-00791-STERILITY,BAT-00791,STERILITY,PASS,NO_GROWTH,,2026-09-20T20:00:00Z,2026-09-22T05:00:00Z
QC-00791-VIABILITY,BAT-00791,VIABILITY,OOS,66.4,%,2026-09-20T14:00:00Z,2026-09-21T17:00:00Z
QC-00791-PURITY,BAT-00791,PURITY,PASS,CONFORMING,,2026-09-21T09:00:00Z,2026-09-22T03:00:00Z
QC-00791-SAFETY,BAT-00791,SAFETY,PASS,CONFORMING,,2026-09-20T18:00:00Z,2026-09-22T10:00:00Z
QC-00792-IDENTITY,BAT-00792,IDENTITY,OOT,BORDERLINE,,2026-09-16T03:00:00Z,2026-09-18T05:00:00Z
QC-00792-POTENCY,BAT-00792,POTENCY,PASS,62.1,AU,2026-09-16T00:00:00Z,2026-09-18T17:00:00Z
QC-00792-STERILITY,BAT-00792,STERILITY,PASS,NO_GROWTH,,2026-09-16T12:00:00Z,2026-09-17T13:00:00Z
QC-00792-VIABILITY,BAT-00792,VIABILITY,PASS,96.5,%,2026-09-15T23:00:00Z,2026-09-18T15:00:00Z
QC-00792-PURITY,BAT-00792,PURITY,OOT,BORDERLINE,,2026-09-16T15:00:00Z,2026-09-18T06:00:00Z
QC-00792-SAFETY,BAT-00792,SAFETY,OOT,BORDERLINE,,2026-09-16T12:00:00Z,2026-09-17T10:00:00Z
QC-00793-IDENTITY,BAT-00793,IDENTITY,OOT,BORDERLINE,,2026-09-11T15:00:00Z,2026-09-12T23:00:00Z
QC-00793-POTENCY,BAT-00793,POTENCY,PASS,63.4,AU,2026-09-12T06:00:00Z,2026-09-12T12:00:00Z
QC-00793-STERILITY,BAT-00793,STERILITY,PASS,NO_GROWTH,,2026-09-12T05:00:00Z,2026-09-14T08:00:00Z
QC-00793-VIABILITY,BAT-00793,VIABILITY,PASS,84.9,%,2026-09-11T16:00:00Z,2026-09-12T14:00:00Z
QC-00793-PURITY,BAT-00793,PURITY,PASS,CONFORMING,,2026-09-12T00:00:00Z,2026-09-14T02:00:00Z
QC-00793-SAFETY,BAT-00793,SAFETY,PASS,CONFORMING,,2026-09-12T07:00:00Z,2026-09-13T18:00:00Z
QC-00794-IDENTITY,BAT-00794,IDENTITY,PASS,CONFORMING,,2026-09-07T22:00:00Z,2026-09-08T10:00:00Z
QC-00794-POTENCY,BAT-00794,POTENCY,OOS,46.2,AU,2026-09-07T08:00:00Z,2026-09-09T11:00:00Z
QC-00794-STERILITY,BAT-00794,STERILITY,PENDING,PENDING,,2026-09-07T09:00:00Z,2026-09-09T22:00:00Z
QC-00794-VIABILITY,BAT-00794,VIABILITY,PASS,92.3,%,2026-09-07T06:00:00Z,2026-09-10T02:00:00Z
QC-00794-PURITY,BAT-00794,PURITY,PASS,CONFORMING,,2026-09-07T05:00:00Z,2026-09-09T12:00:00Z
QC-00794-SAFETY,BAT-00794,SAFETY,PASS,CONFORMING,,2026-09-07T04:00:00Z,2026-09-09T08:00:00Z
QC-00795-IDENTITY,BAT-00795,IDENTITY,OOT,BORDERLINE,,2026-09-17T13:00:00Z,2026-09-18T05:00:00Z
QC-00795-POTENCY,BAT-00795,POTENCY,PASS,87.8,AU,2026-09-17T17:00:00Z,2026-09-19T06:00:00Z
QC-00795-STERILITY,BAT-00795,STERILITY,PASS,NO_GROWTH,,2026-09-17T01:00:00Z,2026-09-17T22:00:00Z
QC-00795-VIABILITY,BAT-00795,VIABILITY,PASS,92.4,%,2026-09-16T21:00:00Z,2026-09-18T19:00:00Z
QC-00795-PURITY,BAT-00795,PURITY,PASS,CONFORMING,,2026-09-17T02:00:00Z,2026-09-19T17:00:00Z
QC-00795-SAFETY,BAT-00795,SAFETY,PASS,CONFORMING,,2026-09-17T04:00:00Z,2026-09-18T20:00:00Z
QC-00796-IDENTITY,BAT-00796,IDENTITY,PASS,CONFORMING,,2026-09-11T11:00:00Z,2026-09-13T05:00:00Z
QC-00796-POTENCY,BAT-00796,POTENCY,PASS,78.1,AU,2026-09-12T00:00:00Z,2026-09-12T14:00:00Z
QC-00796-STERILITY,BAT-00796,STERILITY,PASS,NO_GROWTH,,2026-09-11T13:00:00Z,2026-09-13T10:00:00Z
QC-00796-VIABILITY,BAT-00796,VIABILITY,PASS,75.3,%,2026-09-11T19:00:00Z,2026-09-12T21:00:00Z
QC-00796-PURITY,BAT-00796,PURITY,PASS,CONFORMING,,2026-09-12T03:00:00Z,2026-09-12T17:00:00Z
QC-00796-SAFETY,BAT-00796,SAFETY,PASS,CONFORMING,,2026-09-11T15:00:00Z,2026-09-12T17:00:00Z
QC-00797-IDENTITY,BAT-00797,IDENTITY,PASS,CONFORMING,,2026-09-16T09:00:00Z,2026-09-18T22:00:00Z
QC-00797-POTENCY,BAT-00797,POTENCY,PASS,112.9,AU,2026-09-17T02:00:00Z,2026-09-18T14:00:00Z
QC-00797-STERILITY,BAT-00797,STERILITY,PASS,NO_GROWTH,,2026-09-17T04:00:00Z,2026-09-18T05:00:00Z
QC-00797-VIABILITY,BAT-00797,VIABILITY,PASS,82.6,%,2026-09-16T17:00:00Z,2026-09-17T18:00:00Z
QC-00797-PURITY,BAT-00797,PURITY,OOT,BORDERLINE,,2026-09-17T04:00:00Z,2026-09-17T16:00:00Z
QC-00797-SAFETY,BAT-00797,SAFETY,PASS,CONFORMING,,2026-09-17T00:00:00Z,2026-09-18T16:00:00Z
QC-00798-IDENTITY,BAT-00798,IDENTITY,OOT,BORDERLINE,,2026-09-17T09:00:00Z,2026-09-18T09:00:00Z
QC-00798-POTENCY,BAT-00798,POTENCY,PASS,100.0,AU,2026-09-17T07:00:00Z,2026-09-18T14:00:00Z
QC-00798-STERILITY,BAT-00798,STERILITY,PASS,NO_GROWTH,,2026-09-17T11:00:00Z,2026-09-17T23:00:00Z
QC-00798-VIABILITY,BAT-00798,VIABILITY,PASS,73.4,%,2026-09-17T09:00:00Z,2026-09-17T19:00:00Z
QC-00798-PURITY,BAT-00798,PURITY,PASS,CONFORMING,,2026-09-17T04:00:00Z,2026-09-19T00:00:00Z
QC-00798-SAFETY,BAT-00798,SAFETY,PASS,CONFORMING,,2026-09-17T00:00:00Z,2026-09-19T11:00:00Z
QC-00799-IDENTITY,BAT-00799,IDENTITY,PASS,CONFORMING,,2026-09-15T09:00:00Z,2026-09-16T19:00:00Z
QC-00799-POTENCY,BAT-00799,POTENCY,PASS,74.8,AU,2026-09-14T19:00:00Z,2026-09-17T16:00:00Z
QC-00799-STERILITY,BAT-00799,STERILITY,PASS,NO_GROWTH,,2026-09-15T11:00:00Z,2026-09-17T04:00:00Z
QC-00799-VIABILITY,BAT-00799,VIABILITY,PASS,85.9,%,2026-09-15T03:00:00Z,2026-09-16T04:00:00Z
QC-00799-PURITY,BAT-00799,PURITY,OOT,BORDERLINE,,2026-09-15T02:00:00Z,2026-09-17T04:00:00Z
QC-00799-SAFETY,BAT-00799,SAFETY,OOT,BORDERLINE,,2026-09-14T20:00:00Z,2026-09-16T11:00:00Z
QC-00800-IDENTITY,BAT-00800,IDENTITY,PASS,CONFORMING,,2026-09-18T16:00:00Z,2026-09-20T11:00:00Z
QC-00800-POTENCY,BAT-00800,POTENCY,PASS,103.2,AU,2026-09-18T18:00:00Z,2026-09-20T14:00:00Z
QC-00800-STERILITY,BAT-00800,STERILITY,PASS,NO_GROWTH,,2026-09-18T05:00:00Z,2026-09-20T23:00:00Z
QC-00800-VIABILITY,BAT-00800,VIABILITY,PASS,93.1,%,2026-09-19T02:00:00Z,2026-09-19T11:00:00Z
QC-00800-PURITY,BAT-00800,PURITY,PASS,CONFORMING,,2026-09-18T23:00:00Z,2026-09-20T07:00:00Z
QC-00800-SAFETY,BAT-00800,SAFETY,PASS,CONFORMING,,2026-09-19T03:00:00Z,2026-09-20T07:00:00Z
